,SF_val_drying_ratio,mineral_total,SF_val_fdi_alpha,SF_val_part_dens,SF_val_durat_slope
25,20372.997694504695,0.035085607242278535,0.000762547127006368,469.98610593262606,0.0063938690969449485
