,SF_val_drying_ratio,mineral_total,SF_val_fdi_alpha,SF_val_part_dens,SF_val_durat_slope
11,25626.634061233486,0.032638602465429024,0.0003022191453073339,330.0436570133987,0.48401498186460973
