,SF_val_drying_ratio,mineral_total,SF_val_fdi_alpha,SF_val_part_dens,SF_val_durat_slope
582,5841.559170810943,0.05536698023656815,0.0005787095513909716,630.7930282408685,0.3139195258648623
