,SF_val_drying_ratio,mineral_total,SF_val_fdi_alpha,SF_val_part_dens,SF_val_durat_slope
933,26232.16530250615,0.04522331007957158,0.0003128022487443317,441.8141996965534,0.4455884279388993
