,SF_val_drying_ratio,mineral_total,SF_val_fdi_alpha,SF_val_part_dens,SF_val_durat_slope
893,22067.231617418565,0.09873343630119973,0.000795996980786253,580.6645423765369,0.2774807127631511
