,SF_val_drying_ratio,mineral_total,SF_val_fdi_alpha,SF_val_part_dens,SF_val_durat_slope
243,11525.078421664384,0.045297288398946235,0.00010584564130343157,718.9172118532456,0.2835860475840479
