,SF_val_drying_ratio,mineral_total,SF_val_fdi_alpha,SF_val_part_dens,SF_val_durat_slope
821,4341.759680655105,0.08496579653860217,0.0006766472635580511,86.6696811790142,0.18610299544865488
