,SF_val_drying_ratio,mineral_total,SF_val_fdi_alpha,SF_val_part_dens,SF_val_durat_slope
919,8284.887140916697,0.04142456126058442,0.0007211084266747614,275.16938442152406,0.07226214847358936
