,SF_val_drying_ratio,mineral_total,SF_val_fdi_alpha,SF_val_part_dens,SF_val_durat_slope
908,11967.826128386356,0.02427454784471964,0.00025173873644017587,676.0642483260092,0.1358112591137229
