,SF_val_drying_ratio,mineral_total,SF_val_fdi_alpha,SF_val_part_dens,SF_val_durat_slope
168,21434.719594041413,0.02521446077594649,0.0003023552665149542,857.5684441669774,0.0971265631552356
