,SF_val_drying_ratio,mineral_total,SF_val_fdi_alpha,SF_val_part_dens,SF_val_durat_slope
740,31384.573041515476,0.05231239479482139,0.00035348409148441146,744.2311653003886,0.061724157378388905
