,SF_val_drying_ratio,mineral_total,SF_val_fdi_alpha,SF_val_part_dens,SF_val_durat_slope
241,20717.6004472504,0.05643067182466615,0.000676314866203239,1004.323902475343,0.25769893149818585
