,SF_val_drying_ratio,mineral_total,SF_val_fdi_alpha,SF_val_part_dens,SF_val_durat_slope
408,15796.304446990289,0.011020922952274364,0.00017741435927430988,104.18256141040825,0.039330687451217906
