,SF_val_drying_ratio,mineral_total,SF_val_fdi_alpha,SF_val_part_dens,SF_val_durat_slope
113,34435.18730871553,0.05921481235792086,0.0006964401110753172,117.954475601033,0.022903878414556458
