,SF_val_drying_ratio,mineral_total,SF_val_fdi_alpha,SF_val_part_dens,SF_val_durat_slope
460,25756.01984857267,0.07172181204719318,0.0004078268595994834,1044.972072831295,0.1281405529818631
