,SF_val_drying_ratio,mineral_total,SF_val_fdi_alpha,SF_val_part_dens,SF_val_durat_slope
839,18973.063652546458,0.08849248084916148,0.00021150093066414958,713.6431893678299,0.04686442620849621
