,SF_val_drying_ratio,mineral_total,SF_val_fdi_alpha,SF_val_part_dens,SF_val_durat_slope
194,25680.377274812407,0.06097944668343562,0.00024950996844213066,894.0748618482236,0.06951346511870318
