,SF_val_drying_ratio,mineral_total,SF_val_fdi_alpha,SF_val_part_dens,SF_val_durat_slope
518,33965.36774267107,0.030556470724237283,0.0008410958696647148,624.1236828716687,0.1657513754756457
