,SF_val_drying_ratio,mineral_total,SF_val_fdi_alpha,SF_val_part_dens,SF_val_durat_slope
381,31912.007903590158,0.09586194756362627,0.0007119388580386637,372.19074657782767,0.03458273178333804
