,SF_val_drying_ratio,mineral_total,SF_val_fdi_alpha,SF_val_part_dens,SF_val_durat_slope
81,17899.337557816405,0.08150480699572454,0.00015904274435554272,1087.6294989643357,0.44493724363822934
