,SF_val_drying_ratio,mineral_total,SF_val_fdi_alpha,SF_val_part_dens,SF_val_durat_slope
435,46161.14576337308,0.06868603592923167,0.0003901468252824764,862.484164393571,0.02544878170261247
