,SF_val_drying_ratio,mineral_total,SF_val_fdi_alpha,SF_val_part_dens,SF_val_durat_slope
209,14685.153661897524,0.016760700771470953,0.00028498330019376226,551.0006203948833,0.47631834834771913
