,SF_val_drying_ratio,mineral_total,SF_val_fdi_alpha,SF_val_part_dens,SF_val_durat_slope
68,67604.40587024877,0.09796749819613558,0.0004861484226682022,838.6916830042516,0.15479568053679146
