,SF_val_drying_ratio,mineral_total,SF_val_fdi_alpha,SF_val_part_dens,SF_val_durat_slope
713,62623.19841671482,0.06095431285552931,0.0008398980291074486,904.2627240202298,0.16869358228037715
