,SF_val_drying_ratio,mineral_total,SF_val_fdi_alpha,SF_val_part_dens,SF_val_durat_slope
841,14870.214504475827,0.08954979716444314,0.0002173963872704996,601.8576640600103,0.15286095328712856
