,SF_val_drying_ratio,mineral_total,SF_val_fdi_alpha,SF_val_part_dens,SF_val_durat_slope
951,74269.75198681193,0.08150614626822518,0.0008566241301744662,657.1180321819004,0.04780039070031508
