,SF_val_drying_ratio,mineral_total,SF_val_fdi_alpha,SF_val_part_dens,SF_val_durat_slope
128,50467.10770471984,0.021616805484974792,0.000477387821125644,516.1908243047625,0.09548188095139304
