,SF_val_drying_ratio,mineral_total,SF_val_fdi_alpha,SF_val_part_dens,SF_val_durat_slope
544,26082.428500240392,0.016621819842151726,0.0008281602138010633,624.6689361067257,0.13312877221089647
