,SF_val_drying_ratio,mineral_total,SF_val_fdi_alpha,SF_val_part_dens,SF_val_durat_slope
493,23841.098699533864,0.0844629392696778,0.0005281727778975328,372.96934019549866,0.03555985559904782
