,SF_val_drying_ratio,mineral_total,SF_val_fdi_alpha,SF_val_part_dens,SF_val_durat_slope
484,14406.055070084594,0.02284468372359086,0.0006981111916291234,851.4786637908447,0.4490767298349744
