,SF_val_drying_ratio,mineral_total,SF_val_fdi_alpha,SF_val_part_dens,SF_val_durat_slope
189,11291.003767074073,0.03266816921769858,0.000588035214876667,273.9577317625322,0.32822950011982893
