,SF_val_drying_ratio,mineral_total,SF_val_fdi_alpha,SF_val_part_dens,SF_val_durat_slope
541,19924.53003348118,0.04202695250120502,0.00012129103663991296,879.3323991742194,0.3286664684829463
