,SF_val_drying_ratio,mineral_total,SF_val_fdi_alpha,SF_val_part_dens,SF_val_durat_slope
572,18319.23602373201,0.01679849723609567,0.00039812287097546633,611.8253814063606,0.16707124015972574
