,SF_val_drying_ratio,mineral_total,SF_val_fdi_alpha,SF_val_part_dens,SF_val_durat_slope
804,18325.308573980314,0.07508657386041205,0.000625281226098967,1045.5380954254495,0.09389047931821409
