,SF_val_drying_ratio,mineral_total,SF_val_fdi_alpha,SF_val_part_dens,SF_val_durat_slope
772,58041.095373738055,0.02658878030513346,0.00024674163505035906,258.42255561944745,0.13834211627546755
