,SF_val_drying_ratio,mineral_total,SF_val_fdi_alpha,SF_val_part_dens,SF_val_durat_slope
157,44071.379026150076,0.07609490196904913,0.00035104388569029193,127.48941187483582,0.047504239142684805
