,SF_val_drying_ratio,mineral_total,SF_val_fdi_alpha,SF_val_part_dens,SF_val_durat_slope
615,46501.13820813713,0.07019668016888596,0.00013548252708936703,811.9180016504401,0.011492075994461915
