,SF_val_drying_ratio,mineral_total,SF_val_fdi_alpha,SF_val_part_dens,SF_val_durat_slope
263,6777.632091567004,0.08571757037144234,0.0004144795402452782,1189.550838029004,0.3050145297497665
