,SF_val_drying_ratio,mineral_total,SF_val_fdi_alpha,SF_val_part_dens,SF_val_durat_slope
526,14659.236024254993,0.06830245351760136,0.000872020602569176,59.61531225656851,0.30786167723934565
