,SF_val_drying_ratio,mineral_total,SF_val_fdi_alpha,SF_val_part_dens,SF_val_durat_slope
567,12694.430063555006,0.03769456226066116,0.0006408087502598401,895.9425536979262,0.3597798853602768
