,SF_val_drying_ratio,mineral_total,SF_val_fdi_alpha,SF_val_part_dens,SF_val_durat_slope
729,21958.833980756957,0.07817069523042969,0.00014014257934235924,412.9482568306733,0.13681771380551608
