,SF_val_drying_ratio,mineral_total,SF_val_fdi_alpha,SF_val_part_dens,SF_val_durat_slope
722,24954.56452936016,0.06850310095992125,0.000801034512226599,1105.6358375979887,0.2829062997286534
