,SF_val_drying_ratio,mineral_total,SF_val_fdi_alpha,SF_val_part_dens,SF_val_durat_slope
151,78103.16903640867,0.0196467972255492,0.000852197165133051,397.6067777040193,0.1340497954300336
