,SF_val_drying_ratio,mineral_total,SF_val_fdi_alpha,SF_val_part_dens,SF_val_durat_slope
693,16893.088610407103,0.02623902947051141,0.000568278855601138,706.6203269359894,0.000133064797179161
