,SF_val_drying_ratio,mineral_total,SF_val_fdi_alpha,SF_val_part_dens,SF_val_durat_slope
71,2943.760155288196,0.02357146253894086,0.0003385444953393472,946.9138289565294,0.17326364600136768
