,SF_val_drying_ratio,mineral_total,SF_val_fdi_alpha,SF_val_part_dens,SF_val_durat_slope
999,37350.24287725899,0.019944591813675923,0.0007259941847787729,600.5822549814959,0.1517143017025289
