,SF_val_drying_ratio,mineral_total,SF_val_fdi_alpha,SF_val_part_dens,SF_val_durat_slope
1051,40445.827639475305,0.07053372988471486,0.000574002321321855,167.4046365516534,0.15024958787757553
