,SF_val_drying_ratio,mineral_total,SF_val_fdi_alpha,SF_val_part_dens,SF_val_durat_slope
744,28775.54273813826,0.03425260428445974,0.000793349937311874,594.9843483210203,0.06027546491904251
