,SF_val_drying_ratio,mineral_total,SF_val_fdi_alpha,SF_val_part_dens,SF_val_durat_slope
574,10134.101147060996,0.03585163523532834,0.0005971004316573782,1185.822200532333,0.39102768272875266
