,SF_val_drying_ratio,mineral_total,SF_val_fdi_alpha,SF_val_part_dens,SF_val_durat_slope
710,1532.8472297533053,0.07717363966268141,0.0005191587475042559,331.9944562784383,0.10483448361644271
