,SF_val_drying_ratio,mineral_total,SF_val_fdi_alpha,SF_val_part_dens,SF_val_durat_slope
53,23504.565444543256,0.01396485156360619,0.00024116535940356848,770.442066543912,0.2188860001741405
