,SF_val_drying_ratio,mineral_total,SF_val_fdi_alpha,SF_val_part_dens,SF_val_durat_slope
62,17233.828770204556,0.0991240956206775,0.0003924989555751472,216.26076756740454,0.2830010364210844
