,SF_val_drying_ratio,mineral_total,SF_val_fdi_alpha,SF_val_part_dens,SF_val_durat_slope
811,67981.47939818238,0.09647806474215079,0.0006638783694823722,739.0581922159643,0.11794567106075496
