,SF_val_drying_ratio,mineral_total,SF_val_fdi_alpha,SF_val_part_dens,SF_val_durat_slope
277,21535.451262397226,0.056972890829952494,0.0005779909015986467,155.0862669775174,0.18875724166689684
