,SF_val_drying_ratio,mineral_total,SF_val_fdi_alpha,SF_val_part_dens,SF_val_durat_slope
279,13935.349795674823,0.09726634704950515,0.0006593180193034871,435.4024347948722,0.3383234618774884
