,SF_val_drying_ratio,mineral_total,SF_val_fdi_alpha,SF_val_part_dens,SF_val_durat_slope
290,42998.19799736472,0.0930670307078925,0.00018044485842176678,663.2079691122198,0.11000724892612045
