,SF_val_drying_ratio,mineral_total,SF_val_fdi_alpha,SF_val_part_dens,SF_val_durat_slope
501,73599.84795070702,0.05072695703518364,0.0003658182349853962,177.47428972452713,0.09024220791443774
