,SF_val_drying_ratio,mineral_total,SF_val_fdi_alpha,SF_val_part_dens,SF_val_durat_slope
780,78530.0165857392,0.041376125063757034,0.0008513646033972499,853.6587369426816,0.1008318155114598
