,SF_val_drying_ratio,mineral_total,SF_val_fdi_alpha,SF_val_part_dens,SF_val_durat_slope
5,17079.54937375791,0.08760279352744361,0.0002061281412399708,584.7700906004324,0.07583274718710423
