,SF_val_drying_ratio,mineral_total,SF_val_fdi_alpha,SF_val_part_dens,SF_val_durat_slope
936,25956.46592207268,0.07922428459114476,0.00025418381067430145,65.65876694676271,0.22494834632920924
