,SF_val_drying_ratio,mineral_total,SF_val_fdi_alpha,SF_val_part_dens,SF_val_durat_slope
587,10178.671122891763,0.09449339614722901,0.0007910707260776193,997.6211925273761,0.02594665327300072
