,SF_val_drying_ratio,mineral_total,SF_val_fdi_alpha,SF_val_part_dens,SF_val_durat_slope
783,25465.782623759624,0.06249387284522218,0.0008271022997517192,350.23832637482485,0.36228344981344546
