,SF_val_drying_ratio,mineral_total,SF_val_fdi_alpha,SF_val_part_dens,SF_val_durat_slope
491,13380.716265838226,0.014269694124386268,0.0007912852826629215,711.9890604934027,0.2616186180736896
