,SF_val_drying_ratio,mineral_total,SF_val_fdi_alpha,SF_val_part_dens,SF_val_durat_slope
368,19311.405208792457,0.013620144367526088,0.0008870964938839634,222.58426754544325,0.060979305249641395
