,SF_val_drying_ratio,mineral_total,SF_val_fdi_alpha,SF_val_part_dens,SF_val_durat_slope
354,25201.505811130573,0.0615064734753788,0.0007700125627118241,457.07201674263274,0.2808181510528649
