,SF_val_drying_ratio,mineral_total,SF_val_fdi_alpha,SF_val_part_dens,SF_val_durat_slope
173,30882.189275693636,0.0750977429948342,0.00012256423071983224,669.2615734179909,0.07120340163531254
