,SF_val_drying_ratio,mineral_total,SF_val_fdi_alpha,SF_val_part_dens,SF_val_durat_slope
21,36768.25809430619,0.07284137298564046,0.00047340728455762834,665.8130817237006,0.03751213541618623
