,SF_val_drying_ratio,mineral_total,SF_val_fdi_alpha,SF_val_part_dens,SF_val_durat_slope
857,24162.378472567274,0.08558549191132069,0.00013956198137734193,971.3820536366436,0.3093109026666313
