,SF_val_drying_ratio,mineral_total,SF_val_fdi_alpha,SF_val_part_dens,SF_val_durat_slope
293,12254.960374821583,0.0665552701529457,0.00046312137984693124,519.2912760017327,0.2514173494142528
