,SF_val_drying_ratio,mineral_total,SF_val_fdi_alpha,SF_val_part_dens,SF_val_durat_slope
587,33413.04320056294,0.07885188475465883,0.000877320760400887,149.0567077342883,0.014553698239959535
