,SF_val_drying_ratio,mineral_total,SF_val_fdi_alpha,SF_val_part_dens,SF_val_durat_slope
647,34607.92558471624,0.08428396066416509,0.0005682455093269091,588.622742586687,0.06935763010219016
