,SF_val_drying_ratio,mineral_total,SF_val_fdi_alpha,SF_val_part_dens,SF_val_durat_slope
838,5037.195652673628,0.0830910308944534,0.00015273210433615548,96.78567940207628,0.22279685668438998
