,SF_val_drying_ratio,mineral_total,SF_val_fdi_alpha,SF_val_part_dens,SF_val_durat_slope
866,59746.66315783532,0.0982531564704624,0.00010153006017208349,565.2719535766902,0.1874688880888145
