,SF_val_drying_ratio,mineral_total,SF_val_fdi_alpha,SF_val_part_dens,SF_val_durat_slope
662,12948.350938959098,0.04467865229950295,0.00027159596359619884,643.6431710737063,0.006919864050211333
