,SF_val_drying_ratio,mineral_total,SF_val_fdi_alpha,SF_val_part_dens,SF_val_durat_slope
1052,38354.52183317118,0.022090584480416856,0.00010363132807453966,113.60775072200417,0.10668251114665794
