,SF_val_drying_ratio,mineral_total,SF_val_fdi_alpha,SF_val_part_dens,SF_val_durat_slope
606,22272.620075409963,0.012881889490946588,0.0005105031811751324,503.6109081965298,0.22595841355899776
