,SF_val_drying_ratio,mineral_total,SF_val_fdi_alpha,SF_val_part_dens,SF_val_durat_slope
785,10707.828005832222,0.055986569895524724,0.0007103115910959897,356.3878387644533,0.13233486621645557
