,SF_val_drying_ratio,mineral_total,SF_val_fdi_alpha,SF_val_part_dens,SF_val_durat_slope
385,37985.92223976653,0.07419287860041492,0.00038027607873661887,405.29632621046915,0.187924226449248
