,SF_val_drying_ratio,mineral_total,SF_val_fdi_alpha,SF_val_part_dens,SF_val_durat_slope
456,18307.157589686303,0.048506055754854276,0.0004287991899464674,323.6542791106945,0.36857340545666134
