,SF_val_drying_ratio,mineral_total,SF_val_fdi_alpha,SF_val_part_dens,SF_val_durat_slope
726,69841.47842797282,0.09582309052982989,0.0001914143446332086,369.9988720910659,0.13855635572000086
