,SF_val_drying_ratio,mineral_total,SF_val_fdi_alpha,SF_val_part_dens,SF_val_durat_slope
410,6692.176139834495,0.01237830797846937,0.0005977140702523021,507.13089571055264,0.2541876266985636
