,SF_val_drying_ratio,mineral_total,SF_val_fdi_alpha,SF_val_part_dens,SF_val_durat_slope
827,46176.703708571484,0.05638678788851467,0.00029825320684997433,891.8975564234438,0.12896955854801664
