,SF_val_drying_ratio,mineral_total,SF_val_fdi_alpha,SF_val_part_dens,SF_val_durat_slope
252,29020.33233965442,0.031168025047279557,0.0007590791119340761,252.53348568175664,0.11690503846688881
