,SF_val_drying_ratio,mineral_total,SF_val_fdi_alpha,SF_val_part_dens,SF_val_durat_slope
7,76926.17833246515,0.02248183706518691,0.0008240459501317375,895.3478589258623,0.08305826516993381
