,SF_val_drying_ratio,mineral_total,SF_val_fdi_alpha,SF_val_part_dens,SF_val_durat_slope
202,66402.92055785732,0.02968486375177605,0.00036943844449533836,624.1865574728979,0.07659937390400369
