,SF_val_drying_ratio,mineral_total,SF_val_fdi_alpha,SF_val_part_dens,SF_val_durat_slope
756,40701.37797026064,0.01376564369427359,0.00017186609389041526,206.65146056290538,0.06047329390167451
