,SF_val_drying_ratio,mineral_total,SF_val_fdi_alpha,SF_val_part_dens,SF_val_durat_slope
350,28255.863756940962,0.034951864071600405,0.00015403235860961484,866.5589140799015,0.0029960184846917984
