,SF_val_drying_ratio,mineral_total,SF_val_fdi_alpha,SF_val_part_dens,SF_val_durat_slope
376,69043.07353199986,0.04436368174750484,0.00022003276188252413,756.5412479725406,0.036741430954149834
