,SF_val_drying_ratio,mineral_total,SF_val_fdi_alpha,SF_val_part_dens,SF_val_durat_slope
819,12998.41044663936,0.05023980431996968,0.0004363655031932856,458.4368921940379,0.011083838990104844
