,SF_val_drying_ratio,mineral_total,SF_val_fdi_alpha,SF_val_part_dens,SF_val_durat_slope
730,77632.07323181308,0.02940173361963204,0.0002162035100040537,128.2758831230119,0.12503862821994227
