,SF_val_drying_ratio,mineral_total,SF_val_fdi_alpha,SF_val_part_dens,SF_val_durat_slope
590,6017.2467075853765,0.047987768373323504,0.00048400413553784067,1024.9890347044034,0.34379505028342977
