,SF_val_drying_ratio,mineral_total,SF_val_fdi_alpha,SF_val_part_dens,SF_val_durat_slope
603,16937.563317196138,0.07794853118570423,0.000722785779496561,584.9668383611909,0.1203643260143552
