,SF_val_drying_ratio,mineral_total,SF_val_fdi_alpha,SF_val_part_dens,SF_val_durat_slope
500,17735.296768867658,0.06592821925593512,0.0005049678781385256,431.1972569356502,0.44821847085076333
