,SF_val_drying_ratio,mineral_total,SF_val_fdi_alpha,SF_val_part_dens,SF_val_durat_slope
954,27593.339170277908,0.017446851207424667,0.00042019682488072293,717.0461549924607,0.010067999073359757
