,SF_val_drying_ratio,mineral_total,SF_val_fdi_alpha,SF_val_part_dens,SF_val_durat_slope
531,70859.07281425528,0.07025100542274029,0.00044964120622067517,871.06031680458,0.168845970545775
