,SF_val_drying_ratio,mineral_total,SF_val_fdi_alpha,SF_val_part_dens,SF_val_durat_slope
620,25786.273317330993,0.06317450768181007,0.00023959898679374935,223.10009190654782,0.35402036458842356
