,SF_val_drying_ratio,mineral_total,SF_val_fdi_alpha,SF_val_part_dens,SF_val_durat_slope
297,18989.65533768142,0.08347734869574656,0.0002811660625274524,304.6591235835812,0.47260904809019
