,SF_val_drying_ratio,mineral_total,SF_val_fdi_alpha,SF_val_part_dens,SF_val_durat_slope
145,67314.10163635391,0.05174245712562404,0.0006369334992358889,746.7480640980285,0.07986448092674073
