,SF_val_drying_ratio,mineral_total,SF_val_fdi_alpha,SF_val_part_dens,SF_val_durat_slope
467,25221.195598320348,0.02561305086487407,0.0003154284652170623,755.4006424174538,0.18236113773411944
