,SF_val_drying_ratio,mineral_total,SF_val_fdi_alpha,SF_val_part_dens,SF_val_durat_slope
931,29436.825222261712,0.059288464957399714,0.0008077861052107439,834.2868218250946,0.18803841408328537
