,SF_val_drying_ratio,mineral_total,SF_val_fdi_alpha,SF_val_part_dens,SF_val_durat_slope
660,73943.93755396728,0.062091526381268386,0.0005508422640868322,269.9171740489905,0.1708680010479951
