,SF_val_drying_ratio,mineral_total,SF_val_fdi_alpha,SF_val_part_dens,SF_val_durat_slope
680,69225.77160272427,0.05131455105765046,0.0001219565524217348,199.79437952917328,0.02741003339525938
