,SF_val_drying_ratio,mineral_total,SF_val_fdi_alpha,SF_val_part_dens,SF_val_durat_slope
660,24417.038091219754,0.0286127595510439,0.0004698199852147052,505.83441300795386,0.20029826716795696
