,SF_val_drying_ratio,mineral_total,SF_val_fdi_alpha,SF_val_part_dens,SF_val_durat_slope
285,64430.73878783992,0.024899574912560646,0.0005150116625987261,303.05200249442146,0.1201561676736288
