,SF_val_drying_ratio,mineral_total,SF_val_fdi_alpha,SF_val_part_dens,SF_val_durat_slope
666,12190.778858850057,0.023591033268190065,0.00026626420005920206,18.65472031160497,0.02791379129144894
