,SF_val_drying_ratio,mineral_total,SF_val_fdi_alpha,SF_val_part_dens,SF_val_durat_slope
918,18732.970186211864,0.016389134072923972,0.0003186618632988078,527.7238939422712,0.4501006083905784
