,SF_val_drying_ratio,mineral_total,SF_val_fdi_alpha,SF_val_part_dens,SF_val_durat_slope
986,17994.85767709285,0.08631455204587625,0.0008271795654162126,631.2166983923855,0.1577746713156482
