,SF_val_drying_ratio,mineral_total,SF_val_fdi_alpha,SF_val_part_dens,SF_val_durat_slope
140,34852.37960382065,0.05157133522442404,0.0006350422534171311,117.64615797291313,0.19565180142179758
