,SF_val_drying_ratio,mineral_total,SF_val_fdi_alpha,SF_val_part_dens,SF_val_durat_slope
111,16794.398365396235,0.06528546767725286,0.0006424517623713764,983.1922914738883,0.4389662373387128
