,SF_val_drying_ratio,mineral_total,SF_val_fdi_alpha,SF_val_part_dens,SF_val_durat_slope
445,61295.91399478931,0.054942960293924994,0.0006660060829414892,633.0234507463091,0.04034984634462178
