,SF_val_drying_ratio,mineral_total,SF_val_fdi_alpha,SF_val_part_dens,SF_val_durat_slope
538,27066.413549968158,0.011367416383055029,0.00013854458078222748,572.480982022435,0.1730239422915144
