,SF_val_drying_ratio,mineral_total,SF_val_fdi_alpha,SF_val_part_dens,SF_val_durat_slope
803,11531.620138477923,0.05615906692191298,0.0007126312774510201,406.7346425939519,0.3294775743478509
