,SF_val_drying_ratio,mineral_total,SF_val_fdi_alpha,SF_val_part_dens,SF_val_durat_slope
842,77791.47018022019,0.03210315419869875,0.0008185529053575775,749.2379867017493,0.030923853344593268
