,SF_val_drying_ratio,mineral_total,SF_val_fdi_alpha,SF_val_part_dens,SF_val_durat_slope
497,16354.918817914342,0.06861852453850042,0.000666531814072242,187.5120485914523,0.04516668087889844
