,SF_val_drying_ratio,mineral_total,SF_val_fdi_alpha,SF_val_part_dens,SF_val_durat_slope
511,36077.46310829811,0.04884684471727856,0.00033896834749258433,839.1641995973611,0.033193400790206405
