,SF_val_drying_ratio,mineral_total,SF_val_fdi_alpha,SF_val_part_dens,SF_val_durat_slope
239,25274.306460555803,0.04817980879320631,0.0008644330569968156,417.0758432434491,0.15084358077149196
