,SF_val_drying_ratio,mineral_total,SF_val_fdi_alpha,SF_val_part_dens,SF_val_durat_slope
398,51945.6702027229,0.0964147766466951,0.0004378560941297378,507.5357739694433,0.08658894401785427
