,SF_val_drying_ratio,mineral_total,SF_val_fdi_alpha,SF_val_part_dens,SF_val_durat_slope
683,29458.073242804767,0.03146375530642285,0.0003928353300014537,965.0562005605609,0.27034354600445704
