,SF_val_drying_ratio,mineral_total,SF_val_fdi_alpha,SF_val_part_dens,SF_val_durat_slope
752,70563.24585594314,0.042547634166737784,0.0005343028088868916,811.0507588612239,0.1106958758299347
