,SF_val_drying_ratio,mineral_total,SF_val_fdi_alpha,SF_val_part_dens,SF_val_durat_slope
659,23617.38721756933,0.09075926527923632,0.0001881682485513683,568.801162945693,0.358407508973151
