,SF_val_drying_ratio,mineral_total,SF_val_fdi_alpha,SF_val_part_dens,SF_val_durat_slope
781,27326.507293760547,0.05843696869414809,0.0007506984131567795,859.6587529202224,0.06869956585651243
