,SF_val_drying_ratio,mineral_total,SF_val_fdi_alpha,SF_val_part_dens,SF_val_durat_slope
133,66771.92777311822,0.09219737883169853,0.00015673380190259304,195.06107426318536,0.1942059086912189
