,SF_val_drying_ratio,mineral_total,SF_val_fdi_alpha,SF_val_part_dens,SF_val_durat_slope
301,28831.433245390075,0.053960738124481676,0.0003603333867424419,948.1978683973092,0.37487066226954857
