,SF_val_drying_ratio,mineral_total,SF_val_fdi_alpha,SF_val_part_dens,SF_val_durat_slope
152,20393.56224760115,0.06472796834974141,0.0002715921214689083,521.6935479025074,0.11329130998114807
