,SF_val_drying_ratio,mineral_total,SF_val_fdi_alpha,SF_val_part_dens,SF_val_durat_slope
595,77950.10570108939,0.06963936243888523,0.0005605396776106614,622.7272797109224,0.1427877628930667
