,SF_val_drying_ratio,mineral_total,SF_val_fdi_alpha,SF_val_part_dens,SF_val_durat_slope
280,1177.7824497109812,0.01055440099568408,0.00021862690682515309,873.8970366496193,0.17733493226198027
