,SF_val_drying_ratio,mineral_total,SF_val_fdi_alpha,SF_val_part_dens,SF_val_durat_slope
153,61619.297659028394,0.025591592474056152,0.00074938652211509,267.0418783964974,0.10952814369505773
