,SF_val_drying_ratio,mineral_total,SF_val_fdi_alpha,SF_val_part_dens,SF_val_durat_slope
846,27737.891098379503,0.014706919116577462,0.00010495761517118743,841.2315131883071,0.16276363449470627
