,SF_val_drying_ratio,mineral_total,SF_val_fdi_alpha,SF_val_part_dens,SF_val_durat_slope
864,33617.75056595378,0.04314404325122158,0.0003113841433829934,305.43999948461163,0.04070585743322608
