,SF_val_drying_ratio,mineral_total,SF_val_fdi_alpha,SF_val_part_dens,SF_val_durat_slope
529,22184.16028817647,0.06748385562250464,0.0005101750446485657,263.92052640174444,0.49011191493880024
