,SF_val_drying_ratio,mineral_total,SF_val_fdi_alpha,SF_val_part_dens,SF_val_durat_slope
895,16297.94112486942,0.06933697677158746,0.0006191282078103627,314.9015284693463,0.024271495335869076
