,SF_val_drying_ratio,mineral_total,SF_val_fdi_alpha,SF_val_part_dens,SF_val_durat_slope
484,64877.44736726232,0.06658622918688921,0.0005638955852704873,397.81642501193284,0.11340007860387347
