,SF_val_drying_ratio,mineral_total,SF_val_fdi_alpha,SF_val_part_dens,SF_val_durat_slope
521,74670.6335362437,0.043853589729923946,0.0004918184957717479,132.79300746128825,0.1966586306959941
