,SF_val_drying_ratio,mineral_total,SF_val_fdi_alpha,SF_val_part_dens,SF_val_durat_slope
887,38698.20827091306,0.017870243285189852,0.00031516936827826055,738.6545782247052,0.11618705794989435
