,SF_val_drying_ratio,mineral_total,SF_val_fdi_alpha,SF_val_part_dens,SF_val_durat_slope
318,26968.370355507865,0.07908950364383081,0.0008366169242513192,633.1273659399418,0.1351703475430172
