,SF_val_drying_ratio,mineral_total,SF_val_fdi_alpha,SF_val_part_dens,SF_val_durat_slope
961,17416.850555073004,0.024403308421615172,0.0007276754138991678,180.05148298251106,0.04525192628638328
