,SF_val_drying_ratio,mineral_total,SF_val_fdi_alpha,SF_val_part_dens,SF_val_durat_slope
92,75168.5381113149,0.06653767778177674,0.000605488608480351,354.35411532413116,0.12411790531667465
