,SF_val_drying_ratio,mineral_total,SF_val_fdi_alpha,SF_val_part_dens,SF_val_durat_slope
427,56556.16711336086,0.045118240696312616,0.0008503324643689016,680.5714644921586,0.09838990282465161
