,SF_val_drying_ratio,mineral_total,SF_val_fdi_alpha,SF_val_part_dens,SF_val_durat_slope
185,19411.4614917352,0.07476185407858216,0.00027113334634931404,690.7722436227918,0.0759704668452609
