,SF_val_drying_ratio,mineral_total,SF_val_fdi_alpha,SF_val_part_dens,SF_val_durat_slope
160,23669.412222143394,0.039062521202133486,0.0008521236838096304,223.19111629729537,0.014340478339747442
