,SF_val_drying_ratio,mineral_total,SF_val_fdi_alpha,SF_val_part_dens,SF_val_durat_slope
777,27756.878388915306,0.04480420608771321,0.0005663951524620159,534.4644473298478,0.012688597433714477
