,SF_val_drying_ratio,mineral_total,SF_val_fdi_alpha,SF_val_part_dens,SF_val_durat_slope
473,14807.971162035765,0.06728771453901278,0.0006588948541697058,610.7365906661986,0.025586512342061708
