,SF_val_drying_ratio,mineral_total,SF_val_fdi_alpha,SF_val_part_dens,SF_val_durat_slope
1058,63064.07806450483,0.07172971352018657,0.00018323873972882172,187.88875806715066,0.06670022395488724
