,SF_val_drying_ratio,mineral_total,SF_val_fdi_alpha,SF_val_part_dens,SF_val_durat_slope
633,18800.216260175817,0.09019047010200587,0.0005528068651494006,750.6633344222954,0.019801270313277497
