,SF_val_drying_ratio,mineral_total,SF_val_fdi_alpha,SF_val_part_dens,SF_val_durat_slope
231,10672.990733696732,0.012578276124573419,0.0006045061532483378,497.5796312514016,0.36315944174734544
