,SF_val_drying_ratio,mineral_total,SF_val_fdi_alpha,SF_val_part_dens,SF_val_durat_slope
182,67028.86614126911,0.06480065507918445,0.0008774347558452124,252.36260329685211,0.04499004497713939
