,SF_val_drying_ratio,mineral_total,SF_val_fdi_alpha,SF_val_part_dens,SF_val_durat_slope
835,36520.67993369818,0.03269221273705412,0.00031334545938168095,376.4077589469532,0.09287262057154047
