,SF_val_drying_ratio,mineral_total,SF_val_fdi_alpha,SF_val_part_dens,SF_val_durat_slope
137,47739.37741487015,0.04459500607724425,0.00021014915120090187,408.20670557782813,0.03710043471080278
