,SF_val_drying_ratio,mineral_total,SF_val_fdi_alpha,SF_val_part_dens,SF_val_durat_slope
737,17750.36048696286,0.09744639281571707,0.00019159548590148745,561.8164952910157,0.06075018143062583
