,SF_val_drying_ratio,mineral_total,SF_val_fdi_alpha,SF_val_part_dens,SF_val_durat_slope
593,26009.234299552052,0.05842998270621225,0.0002783840527342302,411.835129638574,0.13415250132617432
