,SF_val_drying_ratio,mineral_total,SF_val_fdi_alpha,SF_val_part_dens,SF_val_durat_slope
574,19138.73610178574,0.05122506340122169,0.0003825673593598647,163.45053420518587,0.07049457495440828
