,SF_val_drying_ratio,mineral_total,SF_val_fdi_alpha,SF_val_part_dens,SF_val_durat_slope
242,29370.360664689415,0.09760200065382948,0.0005280642201459884,597.5516444548082,0.4737867595742419
