,SF_val_drying_ratio,mineral_total,SF_val_fdi_alpha,SF_val_part_dens,SF_val_durat_slope
929,78222.14606216081,0.040854449324955,0.0003304310322938008,759.5815171567966,0.06094961247569979
