,SF_val_drying_ratio,mineral_total,SF_val_fdi_alpha,SF_val_part_dens,SF_val_durat_slope
1019,14486.6994356615,0.08891773572772213,0.00010149183261627801,577.5778084689291,0.18677964773739175
