,SF_val_drying_ratio,mineral_total,SF_val_fdi_alpha,SF_val_part_dens,SF_val_durat_slope
255,41933.66580699853,0.02073861363799951,0.0007668515166269652,878.6316912046664,0.11002264374602866
