,SF_val_drying_ratio,mineral_total,SF_val_fdi_alpha,SF_val_part_dens,SF_val_durat_slope
320,77352.36116122811,0.05650979519998973,0.00026488522030483424,244.13853864946435,0.0004738962901270405
