,SF_val_drying_ratio,mineral_total,SF_val_fdi_alpha,SF_val_part_dens,SF_val_durat_slope
282,19912.66194984152,0.0813237955280172,0.0003431707625415052,1107.8805424741054,0.455969430712448
