,SF_val_drying_ratio,mineral_total,SF_val_fdi_alpha,SF_val_part_dens,SF_val_durat_slope
57,37273.09946076134,0.05195278027088119,0.0001971469184790194,764.876285341134,0.0011204161794823532
