,SF_val_drying_ratio,mineral_total,SF_val_fdi_alpha,SF_val_part_dens,SF_val_durat_slope
730,4621.489741327923,0.04431801918343083,0.0008673557806702021,373.64927294938,0.0759861015984406
