,SF_val_drying_ratio,mineral_total,SF_val_fdi_alpha,SF_val_part_dens,SF_val_durat_slope
734,4918.207920722396,0.04644113781790338,0.000820577270566653,1050.67036947611,0.4706834967262527
