,SF_val_drying_ratio,mineral_total,SF_val_fdi_alpha,SF_val_part_dens,SF_val_durat_slope
912,27341.52734528259,0.044781435581986925,0.0008910652797509873,879.2410373275904,0.33510146391203466
