,SF_val_drying_ratio,mineral_total,SF_val_fdi_alpha,SF_val_part_dens,SF_val_durat_slope
515,14650.691648037093,0.019873466037671168,0.000884718958869666,297.3756082972092,0.279863929190774
