,SF_val_drying_ratio,mineral_total,SF_val_fdi_alpha,SF_val_part_dens,SF_val_durat_slope
372,12142.869002028314,0.0663985625965248,0.00013495202738365633,1128.214446234105,0.08128001682025338
