,SF_val_drying_ratio,mineral_total,SF_val_fdi_alpha,SF_val_part_dens,SF_val_durat_slope
757,5595.677018222151,0.020984098269700994,0.0004226252593533838,302.643968299722,0.30754081919869675
