,SF_val_drying_ratio,mineral_total,SF_val_fdi_alpha,SF_val_part_dens,SF_val_durat_slope
97,63413.38367244457,0.06341162435181408,0.00014297474292369872,649.5351393356242,0.03945386048969968
