,SF_val_drying_ratio,mineral_total,SF_val_fdi_alpha,SF_val_part_dens,SF_val_durat_slope
818,28481.92812123458,0.034934950429010674,0.0006537265533949357,534.6269881310213,0.21444910655715166
