,SF_val_drying_ratio,mineral_total,SF_val_fdi_alpha,SF_val_part_dens,SF_val_durat_slope
900,37599.41463232102,0.013034596941459356,0.0003886117540733706,225.59899396520916,0.032818210355965216
