,SF_val_drying_ratio,mineral_total,SF_val_fdi_alpha,SF_val_part_dens,SF_val_durat_slope
555,44159.27127333882,0.028798348622005893,0.00026296752504616433,775.6568155109619,0.007019029691163303
