,SF_val_drying_ratio,mineral_total,SF_val_fdi_alpha,SF_val_part_dens,SF_val_durat_slope
366,67482.37849913895,0.04843642605561202,0.000621905188060316,340.2046774528059,0.15567150853841866
