,SF_val_drying_ratio,mineral_total,SF_val_fdi_alpha,SF_val_part_dens,SF_val_durat_slope
254,17601.700250743554,0.01208533855813151,0.0007643719370148079,619.2989608668839,0.34501328980836354
