,SF_val_drying_ratio,mineral_total,SF_val_fdi_alpha,SF_val_part_dens,SF_val_durat_slope
178,37395.40011841557,0.08021202668360992,0.0005848144726408508,242.9478854169044,0.06053989164438185
