,SF_val_drying_ratio,mineral_total,SF_val_fdi_alpha,SF_val_part_dens,SF_val_durat_slope
579,11914.547806190396,0.02743467524053511,0.0006684717791415022,293.3619133235793,0.06683217917393396
