,SF_val_drying_ratio,mineral_total,SF_val_fdi_alpha,SF_val_part_dens,SF_val_durat_slope
33,22151.68945026857,0.07196453798201691,0.00021164961905135966,960.3164159278966,0.11738858801336943
