,SF_val_drying_ratio,mineral_total,SF_val_fdi_alpha,SF_val_part_dens,SF_val_durat_slope
244,10266.867836122274,0.09955907069925753,0.00014246988751636042,485.9536987294633,0.08048355794390238
