,SF_val_drying_ratio,mineral_total,SF_val_fdi_alpha,SF_val_part_dens,SF_val_durat_slope
559,20804.690143046533,0.041939214104134925,0.0004183144599570303,348.07030012207156,0.08401916902320397
