,SF_val_drying_ratio,mineral_total,SF_val_fdi_alpha,SF_val_part_dens,SF_val_durat_slope
909,35037.510973594166,0.06863754475267246,0.0004413362414564523,387.9088725005473,0.019207896269498394
