,SF_val_drying_ratio,mineral_total,SF_val_fdi_alpha,SF_val_part_dens,SF_val_durat_slope
820,9064.439125903378,0.06712044062659066,0.0006240302457796756,162.15434368577257,0.09791560029031449
