,SF_val_drying_ratio,mineral_total,SF_val_fdi_alpha,SF_val_part_dens,SF_val_durat_slope
825,10751.32091199202,0.08054861628710534,0.00018631820283799552,853.4074302130693,0.3121933409432571
