,SF_val_drying_ratio,mineral_total,SF_val_fdi_alpha,SF_val_part_dens,SF_val_durat_slope
118,15479.381631790748,0.09910661540309912,0.0007479639018422139,493.45362832034743,0.3016090049559951
