,SF_val_drying_ratio,mineral_total,SF_val_fdi_alpha,SF_val_part_dens,SF_val_durat_slope
858,10852.79272413408,0.05573131646012561,0.0005109632628701114,37.46050447279087,0.35971681303713277
