,SF_val_drying_ratio,mineral_total,SF_val_fdi_alpha,SF_val_part_dens,SF_val_durat_slope
335,41917.82293214755,0.03470738392158101,0.0005114171675595239,875.2641182445456,0.0738169790145075
