,SF_val_drying_ratio,mineral_total,SF_val_fdi_alpha,SF_val_part_dens,SF_val_durat_slope
26,12655.429297079085,0.07666552027162987,0.00044862787529285604,852.2457441744025,0.199733460623375
