,SF_val_drying_ratio,mineral_total,SF_val_fdi_alpha,SF_val_part_dens,SF_val_durat_slope
809,62089.06811925054,0.09368118474167784,0.0006701824011872776,455.49550770977817,0.14518739421124474
