,SF_val_drying_ratio,mineral_total,SF_val_fdi_alpha,SF_val_part_dens,SF_val_durat_slope
482,19344.658316426066,0.08953666383698299,0.00023623418635606788,1192.5904101698156,0.042457392957511
