,SF_val_drying_ratio,mineral_total,SF_val_fdi_alpha,SF_val_part_dens,SF_val_durat_slope
270,18660.57530498994,0.0693336282012781,0.0008681685085525201,17.59238260120791,0.49408532010445133
