,SF_val_drying_ratio,mineral_total,SF_val_fdi_alpha,SF_val_part_dens,SF_val_durat_slope
847,45997.54566409317,0.0662778341197555,0.0006425090323639982,341.2243305374377,0.03129710649580273
