,SF_val_drying_ratio,mineral_total,SF_val_fdi_alpha,SF_val_part_dens,SF_val_durat_slope
786,24748.13499505152,0.04936068649175883,0.0008146340040540409,360.24183359357266,0.10856869535976382
