,SF_val_drying_ratio,mineral_total,SF_val_fdi_alpha,SF_val_part_dens,SF_val_durat_slope
903,70864.58495547608,0.05023143502541335,0.0004474507419085131,172.68196589874256,0.062003722496565855
