,SF_val_drying_ratio,mineral_total,SF_val_fdi_alpha,SF_val_part_dens,SF_val_durat_slope
766,20139.17320035519,0.08590210035010337,0.00045339366719996836,493.5265722979798,0.26416812222143027
