,SF_val_drying_ratio,mineral_total,SF_val_fdi_alpha,SF_val_part_dens,SF_val_durat_slope
904,21299.423803234207,0.06318131578341318,0.0004803509410721411,524.2575500693025,0.48004345401303056
