,SF_val_drying_ratio,mineral_total,SF_val_fdi_alpha,SF_val_part_dens,SF_val_durat_slope
796,15308.301623549798,0.07968154663608891,0.00040699104850878525,44.43738208740626,0.4715771085425487
