,SF_val_drying_ratio,mineral_total,SF_val_fdi_alpha,SF_val_part_dens,SF_val_durat_slope
546,42989.71787095636,0.09169581961323253,0.0003988303264079606,805.9182306278052,0.16601899116276017
