,SF_val_drying_ratio,mineral_total,SF_val_fdi_alpha,SF_val_part_dens,SF_val_durat_slope
532,31290.260022875547,0.060682803737315,0.00057676574599298,720.1326969208496,0.08306188224324247
