,SF_val_drying_ratio,mineral_total,SF_val_fdi_alpha,SF_val_part_dens,SF_val_durat_slope
206,68988.87458686481,0.029020639522083558,0.0006797298754489887,825.4480134118863,0.021384107689715326
