,SF_val_drying_ratio,mineral_total,SF_val_fdi_alpha,SF_val_part_dens,SF_val_durat_slope
395,14578.380902009514,0.039352776317426764,0.0005935796679239794,873.095147266364,0.18147999452549501
