,SF_val_drying_ratio,mineral_total,SF_val_fdi_alpha,SF_val_part_dens,SF_val_durat_slope
944,39387.100391749496,0.06425548454873466,0.0005602477762820885,496.3362577909955,0.11689776999095701
