,SF_val_drying_ratio,mineral_total,SF_val_fdi_alpha,SF_val_part_dens,SF_val_durat_slope
694,16628.19469045234,0.014553672599079973,0.00040341537166951945,20.085922037452583,0.11280638066847581
