,SF_val_drying_ratio,mineral_total,SF_val_fdi_alpha,SF_val_part_dens,SF_val_durat_slope
586,6494.681718738884,0.0767304288653487,0.0002959015341022999,225.5024518384432,0.2451393465908832
