,SF_val_drying_ratio,mineral_total,SF_val_fdi_alpha,SF_val_part_dens,SF_val_durat_slope
292,12239.209735600152,0.0992421363363212,0.0005936404682019126,154.90643999768213,0.009149163952447692
