,SF_val_drying_ratio,mineral_total,SF_val_fdi_alpha,SF_val_part_dens,SF_val_durat_slope
916,19413.38414258763,0.0316682025653979,0.0005652653627423648,459.5920116185275,0.3553559716941035
