,SF_val_drying_ratio,mineral_total,SF_val_fdi_alpha,SF_val_part_dens,SF_val_durat_slope
278,13996.267028114857,0.06323403394213084,0.0006084429826732077,281.9378176999457,0.47239399661059994
