,SF_val_drying_ratio,mineral_total,SF_val_fdi_alpha,SF_val_part_dens,SF_val_durat_slope
925,9658.693926240167,0.08777145636214904,0.00023136502407812874,365.57539458501867,0.1177125783862979
