,SF_val_drying_ratio,mineral_total,SF_val_fdi_alpha,SF_val_part_dens,SF_val_durat_slope
28,27326.72087981936,0.039014466131167345,0.00046052528567311997,781.6546330835903,0.27761577604636833
