,SF_val_drying_ratio,mineral_total,SF_val_fdi_alpha,SF_val_part_dens,SF_val_durat_slope
938,18783.035950353038,0.056776295157597204,0.0006002788546956015,462.55385210290586,0.4501863906599009
