,SF_val_drying_ratio,mineral_total,SF_val_fdi_alpha,SF_val_part_dens,SF_val_durat_slope
815,54891.30698405913,0.029861810831875314,0.0005920622311048145,392.83394295691215,0.04360550403387882
