,SF_val_drying_ratio,mineral_total,SF_val_fdi_alpha,SF_val_part_dens,SF_val_durat_slope
698,27116.375308054343,0.04001980782484801,0.000500254618691992,1191.7803515574094,0.02603003301089496
