,SF_val_drying_ratio,mineral_total,SF_val_fdi_alpha,SF_val_part_dens,SF_val_durat_slope
482,51674.97026787947,0.044303955005479456,0.0004130505115737677,305.9336137021413,0.0019768821203107524
