,SF_val_drying_ratio,mineral_total,SF_val_fdi_alpha,SF_val_part_dens,SF_val_durat_slope
481,45218.619474888845,0.09900327712681542,0.00022345207481108963,512.5452230753541,0.17505545889101573
