,SF_val_drying_ratio,mineral_total,SF_val_fdi_alpha,SF_val_part_dens,SF_val_durat_slope
628,32531.87210919561,0.03246319185446765,0.00045946396219084205,374.67549533010015,0.07456826513015982
