,SF_val_drying_ratio,mineral_total,SF_val_fdi_alpha,SF_val_part_dens,SF_val_durat_slope
828,29148.155294955613,0.01577975840761638,0.00041038508610257487,961.2344972027254,0.18152993592904543
