,SF_val_drying_ratio,mineral_total,SF_val_fdi_alpha,SF_val_part_dens,SF_val_durat_slope
61,10243.634997195091,0.013176443687458936,0.0007937777090190933,994.3415230610697,0.4024528881729556
