,SF_val_drying_ratio,mineral_total,SF_val_fdi_alpha,SF_val_part_dens,SF_val_durat_slope
422,36979.86262622209,0.05566401069067538,0.0008840028416064457,716.065001696514,0.11720442174916142
