,SF_val_drying_ratio,mineral_total,SF_val_fdi_alpha,SF_val_part_dens,SF_val_durat_slope
355,42410.52970707863,0.04787370040307788,0.0006350911156196033,790.7631175716062,0.1220325302467537
