,SF_val_drying_ratio,mineral_total,SF_val_fdi_alpha,SF_val_part_dens,SF_val_durat_slope
654,75680.95173691999,0.05200799318531996,0.0005655449752062419,334.1792726870279,0.1046469599017448
