,SF_val_drying_ratio,mineral_total,SF_val_fdi_alpha,SF_val_part_dens,SF_val_durat_slope
568,66719.0963592085,0.05497466528095806,0.00011273912357549465,224.31236076978348,0.016925865645810025
