,SF_val_drying_ratio,mineral_total,SF_val_fdi_alpha,SF_val_part_dens,SF_val_durat_slope
839,11671.606671754162,0.04669303520158401,0.0006151956209663016,597.4790363011723,0.41289149603040504
