,SF_val_drying_ratio,mineral_total,SF_val_fdi_alpha,SF_val_part_dens,SF_val_durat_slope
652,56401.95513510647,0.011335296574770646,0.00037065822999343543,467.82926354359256,0.1746625129825088
