,SF_val_drying_ratio,mineral_total,SF_val_fdi_alpha,SF_val_part_dens,SF_val_durat_slope
899,26440.31425823722,0.08626020114806277,0.0005900029668362959,845.2302282842264,0.3215611122838357
