,SF_val_drying_ratio,mineral_total,SF_val_fdi_alpha,SF_val_part_dens,SF_val_durat_slope
96,41971.92908966722,0.04093358079781104,0.0006468460239377931,663.1385594458419,0.0946333323680654
