,SF_val_drying_ratio,mineral_total,SF_val_fdi_alpha,SF_val_part_dens,SF_val_durat_slope
192,35062.23577961729,0.06154786636603665,0.000874738662701951,646.9573341016136,0.1647823513256898
