,SF_val_drying_ratio,mineral_total,SF_val_fdi_alpha,SF_val_part_dens,SF_val_durat_slope
855,20073.032594462413,0.014885892338982146,0.00038082173139780635,861.8233153991711,0.09915648373073019
