,SF_val_drying_ratio,mineral_total,SF_val_fdi_alpha,SF_val_part_dens,SF_val_durat_slope
6,61158.143588709994,0.07044129155163281,0.0007481306466195959,674.4792682423825,0.13322287482100542
