,SF_val_drying_ratio,mineral_total,SF_val_fdi_alpha,SF_val_part_dens,SF_val_durat_slope
670,53568.15559265301,0.024271616369192065,0.0007268954342697077,568.4858807389325,0.1994221462554419
