,SF_val_drying_ratio,mineral_total,SF_val_fdi_alpha,SF_val_part_dens,SF_val_durat_slope
136,18426.211169284245,0.0953351943347698,0.00012158966355362289,1184.3947594516721,0.4016772672050742
