,SF_val_drying_ratio,mineral_total,SF_val_fdi_alpha,SF_val_part_dens,SF_val_durat_slope
507,72753.23025995545,0.014348557409633887,0.0003985462111294424,251.05306520546134,0.15633589465971479
