,SF_val_drying_ratio,mineral_total,SF_val_fdi_alpha,SF_val_part_dens,SF_val_durat_slope
1079,61796.51016960288,0.08203498028623558,0.0006823331007408,517.4122207523012,0.10779729278358006
