,SF_val_drying_ratio,mineral_total,SF_val_fdi_alpha,SF_val_part_dens,SF_val_durat_slope
142,75002.5245694579,0.0667567301974472,0.0008281635617753248,600.802049290812,0.03403877434003579
