,SF_val_drying_ratio,mineral_total,SF_val_fdi_alpha,SF_val_part_dens,SF_val_durat_slope
714,19337.559368217888,0.07822397649531532,0.000864783524075577,883.7247251683963,0.010964009253535757
