,SF_val_drying_ratio,mineral_total,SF_val_fdi_alpha,SF_val_part_dens,SF_val_durat_slope
849,34976.891135497164,0.013883044407642682,0.00019443637896165338,458.9985145324296,0.19123925922106427
