,SF_val_drying_ratio,mineral_total,SF_val_fdi_alpha,SF_val_part_dens,SF_val_durat_slope
87,63932.60407380437,0.046387033946247186,0.0005868397227715447,896.1765436088727,0.03227852617220524
