,SF_val_drying_ratio,mineral_total,SF_val_fdi_alpha,SF_val_part_dens,SF_val_durat_slope
123,27472.631664057026,0.07190873693237876,0.00018719043691206051,374.3350890972568,0.2001143041130622
