,SF_val_drying_ratio,mineral_total,SF_val_fdi_alpha,SF_val_part_dens,SF_val_durat_slope
345,18111.188468538494,0.020661446318639268,0.0006891570690955032,695.3622153572593,0.02428824035855448
