,SF_val_drying_ratio,mineral_total,SF_val_fdi_alpha,SF_val_part_dens,SF_val_durat_slope
611,8826.918204795458,0.07329938603038605,0.0008739559570273188,201.37968364047896,0.283344964407566
