,SF_val_drying_ratio,mineral_total,SF_val_fdi_alpha,SF_val_part_dens,SF_val_durat_slope
361,1929.747704876516,0.03970956326442377,0.000548252282493607,1149.1412333451678,0.253021573321345
