,SF_val_drying_ratio,mineral_total,SF_val_fdi_alpha,SF_val_part_dens,SF_val_durat_slope
698,79833.1879979786,0.032744643997070014,0.0006997046904401279,891.4574560742959,0.1692928621541393
