,SF_val_drying_ratio,mineral_total,SF_val_fdi_alpha,SF_val_part_dens,SF_val_durat_slope
190,43362.435437614564,0.06333054001624311,0.00028242790331316014,698.1724058491291,0.12484478131286199
