,SF_val_drying_ratio,mineral_total,SF_val_fdi_alpha,SF_val_part_dens,SF_val_durat_slope
117,57517.921568169615,0.03716093867521143,0.0006866411756935971,856.3893427831712,0.13714245863472702
