,SF_val_drying_ratio,mineral_total,SF_val_fdi_alpha,SF_val_part_dens,SF_val_durat_slope
630,11626.487785689831,0.09447573622973073,0.00048316841997758127,354.3535065396274,0.42532620028275875
