,SF_val_drying_ratio,mineral_total,SF_val_fdi_alpha,SF_val_part_dens,SF_val_durat_slope
816,19144.079745238076,0.02855845440539425,0.0006696930392080815,635.9659458757616,0.12972565829708427
