,SF_val_drying_ratio,mineral_total,SF_val_fdi_alpha,SF_val_part_dens,SF_val_durat_slope
98,15310.576644247056,0.03584661741057109,0.0003475360479356415,1163.637541153677,0.35633027670495265
