,SF_val_drying_ratio,mineral_total,SF_val_fdi_alpha,SF_val_part_dens,SF_val_durat_slope
667,22925.827075727142,0.08699332389571372,0.0006199141688618514,100.86840983749518,0.09909251497349192
