,SF_val_drying_ratio,mineral_total,SF_val_fdi_alpha,SF_val_part_dens,SF_val_durat_slope
195,28554.680559593664,0.025626770700906694,0.0002235555887118031,828.711441400539,0.18039515538195255
