,SF_val_drying_ratio,mineral_total,SF_val_fdi_alpha,SF_val_part_dens,SF_val_durat_slope
93,11694.034580057456,0.03961434679208983,0.00048011296439174093,579.6463908554476,0.39993052918584326
