,SF_val_drying_ratio,mineral_total,SF_val_fdi_alpha,SF_val_part_dens,SF_val_durat_slope
12,33451.88105759345,0.04702377158986734,0.0004064022932786318,536.3869970809375,0.15054109153359232
