,SF_val_drying_ratio,mineral_total,SF_val_fdi_alpha,SF_val_part_dens,SF_val_durat_slope
460,13744.811946344711,0.07260255868336667,0.0007433187711888457,755.3647913372702,0.054840192462180616
