,SF_val_drying_ratio,mineral_total,SF_val_fdi_alpha,SF_val_part_dens,SF_val_durat_slope
340,58369.631914524216,0.06681379502716486,0.0006083500556031333,801.1140526736112,0.17710145296043223
