,SF_val_drying_ratio,mineral_total,SF_val_fdi_alpha,SF_val_part_dens,SF_val_durat_slope
719,25354.87275146275,0.053148380114043936,0.00018653433535672974,647.5626459185526,0.44599401780198067
