,SF_val_drying_ratio,mineral_total,SF_val_fdi_alpha,SF_val_part_dens,SF_val_durat_slope
508,19030.724025614905,0.023025324073613206,0.0005976075076439012,772.7705865647566,0.4913472983515852
