,SF_val_drying_ratio,mineral_total,SF_val_fdi_alpha,SF_val_part_dens,SF_val_durat_slope
451,64446.45173638814,0.04218974676058406,0.0008548104395945636,866.741855787092,0.12812947978640538
