,SF_val_drying_ratio,mineral_total,SF_val_fdi_alpha,SF_val_part_dens,SF_val_durat_slope
567,11402.104868809796,0.010947082028159374,0.0004555315766527239,556.3950566657186,0.14105383845768324
