,SF_val_drying_ratio,mineral_total,SF_val_fdi_alpha,SF_val_part_dens,SF_val_durat_slope
829,73127.62851502726,0.030063110556026874,0.0006625490172248607,603.584351178286,0.18632422011948824
