,SF_val_drying_ratio,mineral_total,SF_val_fdi_alpha,SF_val_part_dens,SF_val_durat_slope
935,24866.48616387813,0.09905207196065174,0.0002472716610365483,944.6327120691888,0.27357222401758513
