,SF_val_drying_ratio,mineral_total,SF_val_fdi_alpha,SF_val_part_dens,SF_val_durat_slope
366,4536.578019041793,0.04152866970457837,0.0008026413893319804,868.0665633376218,0.18728412120238086
