,SF_val_drying_ratio,mineral_total,SF_val_fdi_alpha,SF_val_part_dens,SF_val_durat_slope
453,15382.36325920338,0.0817245798720041,0.0006352194013883281,228.30415342557853,0.04496482049812931
