,SF_val_drying_ratio,mineral_total,SF_val_fdi_alpha,SF_val_part_dens,SF_val_durat_slope
417,55767.49411758658,0.05945240685010729,0.0006455896217504066,492.4781879823022,0.19650780753033165
