,SF_val_drying_ratio,mineral_total,SF_val_fdi_alpha,SF_val_part_dens,SF_val_durat_slope
535,15952.329926010083,0.06541164276188383,0.00047537502465187716,1083.4305625086695,0.3939002173600317
