,SF_val_drying_ratio,mineral_total,SF_val_fdi_alpha,SF_val_part_dens,SF_val_durat_slope
752,8651.853981227214,0.06632134481151357,0.0005092459744622076,899.732556838429,0.4426060975188111
