,SF_val_drying_ratio,mineral_total,SF_val_fdi_alpha,SF_val_part_dens,SF_val_durat_slope
221,47311.17761443072,0.07777728752442643,0.000401212024167872,373.6514470406444,0.15170499728329612
