,SF_val_drying_ratio,mineral_total,SF_val_fdi_alpha,SF_val_part_dens,SF_val_durat_slope
418,10033.966668721856,0.014293003754356803,0.0007280199205910295,582.4274912891187,0.48160694006985033
