,SF_val_drying_ratio,mineral_total,SF_val_fdi_alpha,SF_val_part_dens,SF_val_durat_slope
488,4950.947530004674,0.04885214611265105,0.00020787284391273928,185.71917729104865,0.44251858830333707
