,SF_val_drying_ratio,mineral_total,SF_val_fdi_alpha,SF_val_part_dens,SF_val_durat_slope
247,43437.21257438751,0.07121349675567595,0.0004385870449838348,769.9508285935592,0.0029113579011244674
