,SF_val_drying_ratio,mineral_total,SF_val_fdi_alpha,SF_val_part_dens,SF_val_durat_slope
112,25001.98643516727,0.05673773761283499,0.0006268125794522593,131.3886973382991,0.21704988230355848
