,SF_val_drying_ratio,mineral_total,SF_val_fdi_alpha,SF_val_part_dens,SF_val_durat_slope
299,37527.305707758846,0.06484918553188593,0.00031740680099980495,269.2859545211618,0.09554652602090082
