,SF_val_drying_ratio,mineral_total,SF_val_fdi_alpha,SF_val_part_dens,SF_val_durat_slope
692,49503.5079492131,0.07419698298136439,0.0008614887040144422,655.3487067064835,0.0032785937077435493
