,SF_val_drying_ratio,mineral_total,SF_val_fdi_alpha,SF_val_part_dens,SF_val_durat_slope
608,22341.08902018145,0.056255096086104996,0.0005729217640032229,637.6606750502511,0.47504572013493507
