,SF_val_drying_ratio,mineral_total,SF_val_fdi_alpha,SF_val_part_dens,SF_val_durat_slope
506,27497.254451612833,0.05358147256311848,0.00047776867214537007,604.1294151924486,0.07569767978036046
