,SF_val_drying_ratio,mineral_total,SF_val_fdi_alpha,SF_val_part_dens,SF_val_durat_slope
675,44004.2182578784,0.06036258431403099,0.0005048065834280176,186.53487911038602,0.11174835867553515
