,SF_val_drying_ratio,mineral_total,SF_val_fdi_alpha,SF_val_part_dens,SF_val_durat_slope
981,53943.389544903104,0.03396230355521942,0.0005081621032257704,228.82751088595387,0.19416497217775977
