,SF_val_drying_ratio,mineral_total,SF_val_fdi_alpha,SF_val_part_dens,SF_val_durat_slope
77,26658.926660980786,0.02049052514395553,0.0003551213601939079,295.9739832662715,0.17561684265770355
