,SF_val_drying_ratio,mineral_total,SF_val_fdi_alpha,SF_val_part_dens,SF_val_durat_slope
1082,22367.915227875223,0.09903276302073952,0.000578532518604442,843.9295649778637,0.026518964064123886
