,SF_val_drying_ratio,mineral_total,SF_val_fdi_alpha,SF_val_part_dens,SF_val_durat_slope
636,22323.802876444304,0.09207298213994212,0.0005429994377862429,1096.026169777903,0.14146922482518437
