,SF_val_drying_ratio,mineral_total,SF_val_fdi_alpha,SF_val_part_dens,SF_val_durat_slope
502,79072.81133931733,0.09545327055166193,0.0008991687705115891,486.6764721002616,0.07730222469523113
