,SF_val_drying_ratio,mineral_total,SF_val_fdi_alpha,SF_val_part_dens,SF_val_durat_slope
119,23664.089546069394,0.04690834956588481,0.0007492724002375709,159.698150861615,0.008680980377189895
