,SF_val_drying_ratio,mineral_total,SF_val_fdi_alpha,SF_val_part_dens,SF_val_durat_slope
184,25936.126168808867,0.08337102624185799,0.000566363676007668,664.4922628803299,0.2549476827186258
