,SF_val_drying_ratio,mineral_total,SF_val_fdi_alpha,SF_val_part_dens,SF_val_durat_slope
24,53553.10265632152,0.09802453743947048,0.0007042751700720397,557.170870475537,0.1337199791560914
