,SF_val_drying_ratio,mineral_total,SF_val_fdi_alpha,SF_val_part_dens,SF_val_durat_slope
65,8267.934129482052,0.07652434160895902,0.00013653605374870805,962.4830947241317,0.491956992614966
