,SF_val_drying_ratio,mineral_total,SF_val_fdi_alpha,SF_val_part_dens,SF_val_durat_slope
631,50378.7627748189,0.03845392067672642,0.00037691825257734165,231.669567667717,0.06419723054516753
