,SF_val_drying_ratio,mineral_total,SF_val_fdi_alpha,SF_val_part_dens,SF_val_durat_slope
161,56738.16418021294,0.08232423262089161,0.0004079773240732409,372.0459445130995,0.06262599414979024
