,SF_val_drying_ratio,mineral_total,SF_val_fdi_alpha,SF_val_part_dens,SF_val_durat_slope
348,63839.430010646305,0.052704921516492066,0.0003461276649281509,577.7238905665811,0.14125542157688695
