,SF_val_drying_ratio,mineral_total,SF_val_fdi_alpha,SF_val_part_dens,SF_val_durat_slope
928,67150.13664209399,0.025587650834653287,0.00026062997178507625,348.93822289190126,0.15050276922677108
