,SF_val_drying_ratio,mineral_total,SF_val_fdi_alpha,SF_val_part_dens,SF_val_durat_slope
200,15811.344782993741,0.09432676839150285,0.00038173288291171176,1119.9010010702953,0.1478785846248188
