,SF_val_drying_ratio,mineral_total,SF_val_fdi_alpha,SF_val_part_dens,SF_val_durat_slope
149,19134.505565015566,0.06148315853323723,0.00026803964509522667,961.0852724884251,0.33227286158285746
