,SF_val_drying_ratio,mineral_total,SF_val_fdi_alpha,SF_val_part_dens,SF_val_durat_slope
227,16029.674154507778,0.02249299190436551,0.000582716819644084,580.9405957261984,0.12228147378624775
