,SF_val_drying_ratio,mineral_total,SF_val_fdi_alpha,SF_val_part_dens,SF_val_durat_slope
746,55258.968286214265,0.028620761980856384,0.0006501805687323208,630.0785052885857,0.15996097425554898
