,SF_val_drying_ratio,mineral_total,SF_val_fdi_alpha,SF_val_part_dens,SF_val_durat_slope
38,54622.6291888129,0.08943367683914846,0.0005689901058291443,156.2043374179667,0.12569622544217893
