,SF_val_drying_ratio,mineral_total,SF_val_fdi_alpha,SF_val_part_dens,SF_val_durat_slope
13,5509.087479498076,0.029470415001029107,0.0007577176451496824,1076.1324177608615,0.3152388028296673
