,SF_val_drying_ratio,mineral_total,SF_val_fdi_alpha,SF_val_part_dens,SF_val_durat_slope
564,26068.23226105104,0.035838838073918924,0.00017081766498630948,696.2426557881727,0.07815266464090276
