,SF_val_drying_ratio,mineral_total,SF_val_fdi_alpha,SF_val_part_dens,SF_val_durat_slope
620,72424.7969072505,0.05139037411096539,0.0008712087261510621,581.4982816760739,0.06117390259790326
