,SF_val_drying_ratio,mineral_total,SF_val_fdi_alpha,SF_val_part_dens,SF_val_durat_slope
978,71892.65650808287,0.09173992424088544,0.0006197019395690433,93.065438886169,0.064298653493517
