,SF_val_drying_ratio,mineral_total,SF_val_fdi_alpha,SF_val_part_dens,SF_val_durat_slope
911,77318.04692619131,0.041102314192356534,0.00026041029163916685,249.78757515357034,0.10658657487376905
