,SF_val_drying_ratio,mineral_total,SF_val_fdi_alpha,SF_val_part_dens,SF_val_durat_slope
381,7161.581484156534,0.03214404172444231,0.0008760034153547064,657.3623084714633,0.2953048191974494
