,SF_val_drying_ratio,mineral_total,SF_val_fdi_alpha,SF_val_part_dens,SF_val_durat_slope
736,7240.960102272735,0.05910355568299685,0.0005218066254649388,242.96641149867764,0.4160682148390065
