,SF_val_drying_ratio,mineral_total,SF_val_fdi_alpha,SF_val_part_dens,SF_val_durat_slope
462,11840.996743931133,0.04548915473507549,0.0002910186430865632,676.4722770740395,0.38540095728029394
