,SF_val_drying_ratio,mineral_total,SF_val_fdi_alpha,SF_val_part_dens,SF_val_durat_slope
932,28158.162223532865,0.03400324835118818,0.00014835517231069354,354.8998394876342,0.27268230018768624
