,SF_val_drying_ratio,mineral_total,SF_val_fdi_alpha,SF_val_part_dens,SF_val_durat_slope
363,22968.782162366388,0.014179924256852003,0.00017834096227114049,1191.91893818184,0.02575345747862695
