,SF_val_drying_ratio,mineral_total,SF_val_fdi_alpha,SF_val_part_dens,SF_val_durat_slope
13,37008.870761075246,0.08946423198956531,0.00027694297456220065,630.6690698926564,0.000896688667517509
