,SF_val_drying_ratio,mineral_total,SF_val_fdi_alpha,SF_val_part_dens,SF_val_durat_slope
774,27255.89357073856,0.021940555364710915,0.0004439005758029655,848.4363326126002,0.05312741894493772
