,SF_val_drying_ratio,mineral_total,SF_val_fdi_alpha,SF_val_part_dens,SF_val_durat_slope
343,11618.72395426213,0.059449459962170416,0.0003121517955243817,841.5583484055879,0.17805365900738102
