,SF_val_drying_ratio,mineral_total,SF_val_fdi_alpha,SF_val_part_dens,SF_val_durat_slope
947,10654.158958596905,0.01707509124980295,0.0005099620127702245,938.3237805139426,0.17312836622474675
