,SF_val_drying_ratio,mineral_total,SF_val_fdi_alpha,SF_val_part_dens,SF_val_durat_slope
266,28664.512130148414,0.0717159177252862,0.000868070491617313,365.98279299903913,0.34882025178268455
