,SF_val_drying_ratio,mineral_total,SF_val_fdi_alpha,SF_val_part_dens,SF_val_durat_slope
744,17515.555869395037,0.0724382143445874,0.0006787064403412903,331.3886596117089,0.007124276703497245
