,SF_val_drying_ratio,mineral_total,SF_val_fdi_alpha,SF_val_part_dens,SF_val_durat_slope
596,19652.73180329405,0.054549946805591776,0.00018808801903088092,808.7483954189032,0.1620582045825421
