,SF_val_drying_ratio,mineral_total,SF_val_fdi_alpha,SF_val_part_dens,SF_val_durat_slope
700,59341.736029417,0.01999172664511103,0.00028586345975313847,449.4607114922255,0.12660535493267774
