,SF_val_drying_ratio,mineral_total,SF_val_fdi_alpha,SF_val_part_dens,SF_val_durat_slope
789,16575.59296516004,0.07498267065122725,0.0001257916383977202,21.43599746120413,0.3736769685993314
