,SF_val_drying_ratio,mineral_total,SF_val_fdi_alpha,SF_val_part_dens,SF_val_durat_slope
546,13127.876649842217,0.08057384968530779,0.00011625484726123983,465.0393773196755,0.3049190389685316
