,SF_val_drying_ratio,mineral_total,SF_val_fdi_alpha,SF_val_part_dens,SF_val_durat_slope
425,28298.695675957355,0.01733741913055346,0.0007711635486026365,364.0607222818151,0.0503637452398189
