,SF_val_drying_ratio,mineral_total,SF_val_fdi_alpha,SF_val_part_dens,SF_val_durat_slope
245,78529.05970222861,0.056127268446825286,0.0003907539386569303,317.0119603302608,0.02385210915934164
