,SF_val_drying_ratio,mineral_total,SF_val_fdi_alpha,SF_val_part_dens,SF_val_durat_slope
477,58963.96388485334,0.06940645566355667,0.000581734922367901,835.8960561180354,0.17430835412935256
