,SF_val_drying_ratio,mineral_total,SF_val_fdi_alpha,SF_val_part_dens,SF_val_durat_slope
693,1286.721219350086,0.03929439122411275,0.0001942695613195948,151.2074986278896,0.4013319809907641
