,SF_val_drying_ratio,mineral_total,SF_val_fdi_alpha,SF_val_part_dens,SF_val_durat_slope
736,21018.85856287717,0.06936099691997315,0.000555705511828271,293.82356863728626,0.17977038273072196
