,SF_val_drying_ratio,mineral_total,SF_val_fdi_alpha,SF_val_part_dens,SF_val_durat_slope
207,15491.01905916832,0.08829298346291357,0.0008688404676583382,231.62907096586412,0.05118588604191612
