,SF_val_drying_ratio,mineral_total,SF_val_fdi_alpha,SF_val_part_dens,SF_val_durat_slope
491,34339.156489085486,0.03690309204651903,0.0008936173015744337,721.6071467382418,0.06560783370216593
