,SF_val_drying_ratio,mineral_total,SF_val_fdi_alpha,SF_val_part_dens,SF_val_durat_slope
106,77374.83692435295,0.03805400720119345,0.0006773607123453715,402.3534496918433,0.06269670725090819
