,SF_val_drying_ratio,mineral_total,SF_val_fdi_alpha,SF_val_part_dens,SF_val_durat_slope
561,34017.96970702948,0.021272221367340992,0.0007529393095660668,594.3841197841236,0.11771853119636211
