,SF_val_drying_ratio,mineral_total,SF_val_fdi_alpha,SF_val_part_dens,SF_val_durat_slope
762,41654.853768083485,0.06007802198939936,0.0002700835229104882,452.0979276126982,0.18305104851703896
