,SF_val_drying_ratio,mineral_total,SF_val_fdi_alpha,SF_val_part_dens,SF_val_durat_slope
873,19833.482289800006,0.03006455558262213,0.0006925734731247726,165.60090558270417,0.07779395093621273
