,SF_val_drying_ratio,mineral_total,SF_val_fdi_alpha,SF_val_part_dens,SF_val_durat_slope
753,37125.657999414856,0.08259453166714543,0.0001569076403931297,892.573895281738,0.055799874577054535
