,SF_val_drying_ratio,mineral_total,SF_val_fdi_alpha,SF_val_part_dens,SF_val_durat_slope
917,67064.76506062805,0.06744651104847336,0.00018398887940431738,150.51062494280492,0.11964910588068277
