,SF_val_drying_ratio,mineral_total,SF_val_fdi_alpha,SF_val_part_dens,SF_val_durat_slope
522,26761.141710769334,0.07944589888411777,0.00011838251113169082,541.6220047422172,0.1018229763781045
