,SF_val_drying_ratio,mineral_total,SF_val_fdi_alpha,SF_val_part_dens,SF_val_durat_slope
79,47260.805133663074,0.025735174482133076,0.0001631849775276321,888.3786318480323,0.023872547633203057
