,SF_val_drying_ratio,mineral_total,SF_val_fdi_alpha,SF_val_part_dens,SF_val_durat_slope
604,14817.16142957791,0.08945378469270866,0.0007080994732578206,702.308335934552,0.08099644935313735
