,SF_val_drying_ratio,mineral_total,SF_val_fdi_alpha,SF_val_part_dens,SF_val_durat_slope
284,28403.10231468014,0.07199603386373794,0.00020344866980933994,629.038902876743,0.2025490901675795
