,SF_val_drying_ratio,mineral_total,SF_val_fdi_alpha,SF_val_part_dens,SF_val_durat_slope
923,46961.371485966345,0.03319174292235285,0.00031099815254189247,824.8444331672539,0.03563206423217296
