,SF_val_drying_ratio,mineral_total,SF_val_fdi_alpha,SF_val_part_dens,SF_val_durat_slope
404,62153.56951231865,0.018072281992102444,0.0004611593008913842,478.32773075482817,0.14877852688799117
