,SF_val_drying_ratio,mineral_total,SF_val_fdi_alpha,SF_val_part_dens,SF_val_durat_slope
64,21656.186611501125,0.01724889133235207,0.0005815577629303222,322.40442761578254,0.2931283266433544
