,SF_val_drying_ratio,mineral_total,SF_val_fdi_alpha,SF_val_part_dens,SF_val_durat_slope
633,23618.77630399996,0.03780890904290903,0.0007050486156585042,872.5090826522465,0.30590762907616204
