,SF_val_drying_ratio,mineral_total,SF_val_fdi_alpha,SF_val_part_dens,SF_val_durat_slope
179,56973.25355083068,0.05134949540660399,0.0002021519407423141,640.2211646932838,0.1637856712716843
