,SF_val_drying_ratio,mineral_total,SF_val_fdi_alpha,SF_val_part_dens,SF_val_durat_slope
347,3827.571311281226,0.09579645004976382,0.0008822940507707131,586.7257090979393,0.3647226775453222
