,SF_val_drying_ratio,mineral_total,SF_val_fdi_alpha,SF_val_part_dens,SF_val_durat_slope
517,27254.230658926597,0.06950629280270212,0.000771144762823517,178.23187034764337,0.3308060326040121
