,SF_val_drying_ratio,mineral_total,SF_val_fdi_alpha,SF_val_part_dens,SF_val_durat_slope
155,6866.265230324168,0.05970333167953948,0.0004959265265529672,237.70516520325938,0.25412086226382075
