,SF_val_drying_ratio,mineral_total,SF_val_fdi_alpha,SF_val_part_dens,SF_val_durat_slope
444,19306.63692427997,0.08325059140846026,0.00014556973225766373,432.64254984743565,0.04605608854145249
