,SF_val_drying_ratio,mineral_total,SF_val_fdi_alpha,SF_val_part_dens,SF_val_durat_slope
341,14703.02080500725,0.023189856363716413,0.0005650350864826674,999.0885808392816,0.4907114417015112
