,SF_val_drying_ratio,mineral_total,SF_val_fdi_alpha,SF_val_part_dens,SF_val_durat_slope
107,14811.87098069958,0.08544743356537159,0.0001650437550722482,671.4716274257123,0.3328158843795795
