,SF_val_drying_ratio,mineral_total,SF_val_fdi_alpha,SF_val_part_dens,SF_val_durat_slope
218,6658.433729778717,0.044165974439000194,0.000834824440060138,373.5714810118542,0.48532449617819057
