,SF_val_drying_ratio,mineral_total,SF_val_fdi_alpha,SF_val_part_dens,SF_val_durat_slope
832,4925.943598397826,0.08513987819327695,0.0006089854964631674,242.4304096402805,0.221610093565477
