,SF_val_drying_ratio,mineral_total,SF_val_fdi_alpha,SF_val_part_dens,SF_val_durat_slope
445,20059.53648781131,0.06630589344515138,0.0005181468666552326,980.0073575710502,0.07855719867390465
