,SF_val_drying_ratio,mineral_total,SF_val_fdi_alpha,SF_val_part_dens,SF_val_durat_slope
563,28632.712019987735,0.025827081494486967,0.000130594975260904,496.3412245077007,0.0022728541515852465
