,SF_val_drying_ratio,mineral_total,SF_val_fdi_alpha,SF_val_part_dens,SF_val_durat_slope
641,5965.658240640849,0.08840075015128901,0.00041644552533183005,152.13951895462,0.14671943470909565
