,SF_val_drying_ratio,mineral_total,SF_val_fdi_alpha,SF_val_part_dens,SF_val_durat_slope
681,9548.71966100127,0.04542178994046366,0.00028411987649889196,182.7779059491765,0.33540263271288734
