,SF_val_drying_ratio,mineral_total,SF_val_fdi_alpha,SF_val_part_dens,SF_val_durat_slope
916,75292.40005983491,0.012238750186601323,0.0002978843600940475,770.0210985337735,0.10838088876892403
