,SF_val_drying_ratio,mineral_total,SF_val_fdi_alpha,SF_val_part_dens,SF_val_durat_slope
1023,57410.873642644336,0.02185282591207302,0.0008485656188117579,863.479668045833,0.14429247164454703
