,SF_val_drying_ratio,mineral_total,SF_val_fdi_alpha,SF_val_part_dens,SF_val_durat_slope
228,19271.29622076211,0.05389366416115773,0.0007787515649603418,770.2440359209719,0.09537837934005505
