,SF_val_drying_ratio,mineral_total,SF_val_fdi_alpha,SF_val_part_dens,SF_val_durat_slope
428,22928.926456703106,0.06839613927928076,0.0006928451552061564,514.9224027048169,0.41005266705386967
