,SF_val_drying_ratio,mineral_total,SF_val_fdi_alpha,SF_val_part_dens,SF_val_durat_slope
976,32968.95677270866,0.06924946942887646,0.0006280224541400502,440.4552813352701,0.016708065623073167
