,SF_val_drying_ratio,mineral_total,SF_val_fdi_alpha,SF_val_part_dens,SF_val_durat_slope
431,23790.848848938607,0.047347682536693754,0.0006913754253118336,860.4504651552209,0.27886026299573724
