,SF_val_drying_ratio,mineral_total,SF_val_fdi_alpha,SF_val_part_dens,SF_val_durat_slope
344,19694.37845681969,0.07471102033722937,0.0005795580596747307,290.00237970598283,0.020411156721600654
