,SF_val_drying_ratio,mineral_total,SF_val_fdi_alpha,SF_val_part_dens,SF_val_durat_slope
852,28819.115791497712,0.04672918944068072,0.00029178532527209385,655.2413325165275,0.09058121656150858
