,SF_val_drying_ratio,mineral_total,SF_val_fdi_alpha,SF_val_part_dens,SF_val_durat_slope
493,23259.637741464074,0.06969843913677876,0.00039967173469806556,924.2792391189288,0.11203751689656544
