,SF_val_drying_ratio,mineral_total,SF_val_fdi_alpha,SF_val_part_dens,SF_val_durat_slope
347,60779.9910459667,0.08596498643531163,0.0006521650545191786,187.80229506774694,0.0060784533331828434
