,SF_val_drying_ratio,mineral_total,SF_val_fdi_alpha,SF_val_part_dens,SF_val_durat_slope
315,26419.988083975408,0.03939799327334677,0.00020259818712439406,766.0920840917535,0.056694604036500534
