,SF_val_drying_ratio,mineral_total,SF_val_fdi_alpha,SF_val_part_dens,SF_val_durat_slope
695,21533.82085016553,0.0763947512557843,0.00038821029297988455,704.2007021699469,0.03360755494315842
