,SF_val_drying_ratio,mineral_total,SF_val_fdi_alpha,SF_val_part_dens,SF_val_durat_slope
417,13613.30850032616,0.09538722831303537,0.000869143171044061,168.75157283862367,0.45121960605910594
