,SF_val_drying_ratio,mineral_total,SF_val_fdi_alpha,SF_val_part_dens,SF_val_durat_slope
776,1019.7874860164367,0.06982579584193864,0.0003343641472872133,182.85861080693238,0.11303037380703324
