,SF_val_drying_ratio,mineral_total,SF_val_fdi_alpha,SF_val_part_dens,SF_val_durat_slope
114,24844.6407712207,0.05594224724702186,0.00021784847231121,343.32079896027574,0.09867536804271536
