,SF_val_drying_ratio,mineral_total,SF_val_fdi_alpha,SF_val_part_dens,SF_val_durat_slope
799,45598.651838772574,0.08300602360722958,0.0008725344905078184,442.17762512152296,0.19171121357457133
