,SF_val_drying_ratio,mineral_total,SF_val_fdi_alpha,SF_val_part_dens,SF_val_durat_slope
496,11670.250416924871,0.052940533810522654,0.0005959351497301415,450.14688115125625,0.028463945295084826
