,SF_val_drying_ratio,mineral_total,SF_val_fdi_alpha,SF_val_part_dens,SF_val_durat_slope
414,17528.52421717524,0.031863359505917045,0.00048481338572836755,258.8421090868048,0.016760428138843642
