,SF_val_drying_ratio,mineral_total,SF_val_fdi_alpha,SF_val_part_dens,SF_val_durat_slope
458,45093.2179035646,0.08494673569251456,0.00010695007846378247,832.0329934383958,0.16674454647369957
