,SF_val_drying_ratio,mineral_total,SF_val_fdi_alpha,SF_val_part_dens,SF_val_durat_slope
717,7490.327108648145,0.021138677278231984,0.0005505038943132309,1066.068319022836,0.10666447548663038
