,SF_val_drying_ratio,mineral_total,SF_val_fdi_alpha,SF_val_part_dens,SF_val_durat_slope
937,75619.0484685375,0.035473969168513926,0.0005477384163651418,867.2361232777178,0.18475491749501874
