,SF_val_drying_ratio,mineral_total,SF_val_fdi_alpha,SF_val_part_dens,SF_val_durat_slope
913,21341.614796147776,0.05547799518920471,0.0004031863707929895,306.7859103597068,0.322395247261272
