,SF_val_drying_ratio,mineral_total,SF_val_fdi_alpha,SF_val_part_dens,SF_val_durat_slope
611,59869.840894939516,0.034013960261037576,0.00011846419608317831,654.0659249789558,0.1869624867646048
