,SF_val_drying_ratio,mineral_total,SF_val_fdi_alpha,SF_val_part_dens,SF_val_durat_slope
621,8885.169013714662,0.06786659181898679,0.000254876325856692,880.8182785315655,0.22452951414424838
