,SF_val_drying_ratio,mineral_total,SF_val_fdi_alpha,SF_val_part_dens,SF_val_durat_slope
1044,27290.534521097474,0.03673656018064263,0.0007586369093889731,502.1035960202507,0.08635723846148301
