,SF_val_drying_ratio,mineral_total,SF_val_fdi_alpha,SF_val_part_dens,SF_val_durat_slope
792,10806.975687607975,0.014574042697584617,0.0008343704105572616,524.0395973812412,0.10940239212102994
