,SF_val_drying_ratio,mineral_total,SF_val_fdi_alpha,SF_val_part_dens,SF_val_durat_slope
368,19698.37280882971,0.061744964765640564,0.00034034134495887426,664.9386838186522,0.1357860853929777
