,SF_val_drying_ratio,mineral_total,SF_val_fdi_alpha,SF_val_part_dens,SF_val_durat_slope
108,57228.87560859482,0.04589330203226975,0.0008593459332719555,562.5030665685147,0.08992327052476123
