,SF_val_drying_ratio,mineral_total,SF_val_fdi_alpha,SF_val_part_dens,SF_val_durat_slope
233,72136.89962515536,0.09351006107059813,0.0006729447961884102,710.5443556768378,0.0993640852163264
