,SF_val_drying_ratio,mineral_total,SF_val_fdi_alpha,SF_val_part_dens,SF_val_durat_slope
170,14997.973710635168,0.01992480739796972,0.0005780864673443651,908.1261053829447,0.0011442464769710892
