,SF_val_drying_ratio,mineral_total,SF_val_fdi_alpha,SF_val_part_dens,SF_val_durat_slope
640,17304.580916527037,0.05794074372989766,0.00020244926683096195,437.8286007915886,0.09120571052325939
