,SF_val_drying_ratio,mineral_total,SF_val_fdi_alpha,SF_val_part_dens,SF_val_durat_slope
178,5255.952592738043,0.030001823050829747,0.0007177763984522481,873.7087198255854,0.05370261702544882
