,SF_val_drying_ratio,mineral_total,SF_val_fdi_alpha,SF_val_part_dens,SF_val_durat_slope
148,25442.104375966544,0.09849473877259257,0.0006924653567605509,644.2219761933464,0.03780223585543019
