,SF_val_drying_ratio,mineral_total,SF_val_fdi_alpha,SF_val_part_dens,SF_val_durat_slope
931,17146.119599180667,0.013003221958943994,0.00033612464690021664,388.1578375800511,0.2531006930575402
