,SF_val_drying_ratio,mineral_total,SF_val_fdi_alpha,SF_val_part_dens,SF_val_durat_slope
913,12832.818622858691,0.09416495753352293,0.00034158450084727075,231.00136230918412,0.14519915349605678
