,SF_val_drying_ratio,mineral_total,SF_val_fdi_alpha,SF_val_part_dens,SF_val_durat_slope
662,15303.740271200633,0.04051734188148893,0.00020204766408791998,612.551272486403,0.15420371454006931
