,SF_val_drying_ratio,mineral_total,SF_val_fdi_alpha,SF_val_part_dens,SF_val_durat_slope
894,50392.603251827655,0.010831584304573873,0.00046860790711908347,851.5021389652005,0.08055530011409691
