,SF_val_drying_ratio,mineral_total,SF_val_fdi_alpha,SF_val_part_dens,SF_val_durat_slope
433,23202.125520399873,0.09808042844029151,0.0002062403354128035,171.86800719328846,0.0959978291580395
