,SF_val_drying_ratio,mineral_total,SF_val_fdi_alpha,SF_val_part_dens,SF_val_durat_slope
738,22767.558092490384,0.03939799561644163,0.0002084107583331008,699.2941511497484,0.13657654396096489
