,SF_val_drying_ratio,mineral_total,SF_val_fdi_alpha,SF_val_part_dens,SF_val_durat_slope
506,40183.011513315185,0.09619293701286943,0.0005366744487204215,766.236840153629,0.040837845501756426
