,SF_val_drying_ratio,mineral_total,SF_val_fdi_alpha,SF_val_part_dens,SF_val_durat_slope
641,59189.37381728794,0.052821042756067804,0.00024614443909502554,373.9550027598564,0.1478671575746528
