,SF_val_drying_ratio,mineral_total,SF_val_fdi_alpha,SF_val_part_dens,SF_val_durat_slope
759,14452.385910948717,0.02835729506943644,0.0008131639868758268,287.685558483229,0.19603643592661166
