,SF_val_drying_ratio,mineral_total,SF_val_fdi_alpha,SF_val_part_dens,SF_val_durat_slope
462,48462.20059289737,0.0399370605941395,0.0004240992670403544,651.7926848604772,0.06724317927217076
