,SF_val_drying_ratio,mineral_total,SF_val_fdi_alpha,SF_val_part_dens,SF_val_durat_slope
924,62074.99507336751,0.05502371808317382,0.0007133490296580636,753.7010096935751,0.08682397580055778
