,SF_val_drying_ratio,mineral_total,SF_val_fdi_alpha,SF_val_part_dens,SF_val_durat_slope
253,38235.67669093011,0.0152999373445029,0.0004927721236889984,718.5886381175886,0.08579110487053704
