,SF_val_drying_ratio,mineral_total,SF_val_fdi_alpha,SF_val_part_dens,SF_val_durat_slope
365,46670.56975201055,0.05086895286844909,0.00025938061301915695,649.9941728224883,0.12465535413036435
