,SF_val_drying_ratio,mineral_total,SF_val_fdi_alpha,SF_val_part_dens,SF_val_durat_slope
538,4254.577600186145,0.07021265714619115,0.00045845141537162985,213.38489789134974,0.3268778508089748
