,SF_val_drying_ratio,mineral_total,SF_val_fdi_alpha,SF_val_part_dens,SF_val_durat_slope
563,29403.89995030439,0.04980664042645017,0.000703236620307787,780.2733060975826,0.3982138724789318
