,SF_val_drying_ratio,mineral_total,SF_val_fdi_alpha,SF_val_part_dens,SF_val_durat_slope
51,15767.070594757628,0.04509583123580448,0.0007449282737673671,140.80020645215544,0.28608416642224926
