,SF_val_drying_ratio,mineral_total,SF_val_fdi_alpha,SF_val_part_dens,SF_val_durat_slope
865,21052.06726839236,0.06987974933420694,0.00033565302888562517,659.0376230535272,0.07644104196729656
