,SF_val_drying_ratio,mineral_total,SF_val_fdi_alpha,SF_val_part_dens,SF_val_durat_slope
461,16917.5695236358,0.05119360834568865,0.00020825177399807576,476.65557384121183,0.42562260248206557
