,SF_val_drying_ratio,mineral_total,SF_val_fdi_alpha,SF_val_part_dens,SF_val_durat_slope
459,23385.44959341089,0.05245891868416171,0.0007383383306863302,354.94469507014384,0.4783730795124478
