,SF_val_drying_ratio,mineral_total,SF_val_fdi_alpha,SF_val_part_dens,SF_val_durat_slope
181,74046.58735459237,0.03547429650134446,0.0002811046365793744,846.3455300575056,0.14822822208959693
