,SF_val_drying_ratio,mineral_total,SF_val_fdi_alpha,SF_val_part_dens,SF_val_durat_slope
994,58661.801091086905,0.051110947709950505,0.00025917435623499304,265.6119670443836,0.12044581407463247
