,SF_val_drying_ratio,mineral_total,SF_val_fdi_alpha,SF_val_part_dens,SF_val_durat_slope
110,79354.39199506503,0.08280677860106954,0.00011605311599111952,494.9302347032027,0.1327938845047076
