,SF_val_drying_ratio,mineral_total,SF_val_fdi_alpha,SF_val_part_dens,SF_val_durat_slope
716,69838.86512129499,0.02492411412416258,0.0005214966466558571,598.2014540560638,0.12576662808494463
