,SF_val_drying_ratio,mineral_total,SF_val_fdi_alpha,SF_val_part_dens,SF_val_durat_slope
886,25073.480349297253,0.02761924234540815,0.00028293989886988126,459.5036776625921,0.2707387279238662
