,SF_val_drying_ratio,mineral_total,SF_val_fdi_alpha,SF_val_part_dens,SF_val_durat_slope
89,28313.489590000663,0.06868593282331965,0.0005154738225993828,187.17367581350737,0.16630871457736396
