,SF_val_drying_ratio,mineral_total,SF_val_fdi_alpha,SF_val_part_dens,SF_val_durat_slope
636,12520.279677107894,0.06654391978370829,0.0007035706996940886,365.7246940118941,0.08615689545968784
