,SF_val_drying_ratio,mineral_total,SF_val_fdi_alpha,SF_val_part_dens,SF_val_durat_slope
519,24630.9607666294,0.03515968229849368,0.0002794260954497486,189.5165613848444,0.23145982883553556
