,SF_val_drying_ratio,mineral_total,SF_val_fdi_alpha,SF_val_part_dens,SF_val_durat_slope
346,20177.715325150657,0.03669605362280461,0.0007279829790627947,707.503155538769,0.17347120416309117
