,SF_val_drying_ratio,mineral_total,SF_val_fdi_alpha,SF_val_part_dens,SF_val_durat_slope
399,50396.56761328136,0.0793773274435649,0.0003397939761815574,731.51584397745,0.04145609220560729
