,SF_val_drying_ratio,mineral_total,SF_val_fdi_alpha,SF_val_part_dens,SF_val_durat_slope
116,42974.88082681225,0.05084585079412183,0.0006012731207319983,730.1820339689268,0.03684930999111422
