,SF_val_drying_ratio,mineral_total,SF_val_fdi_alpha,SF_val_part_dens,SF_val_durat_slope
617,69424.26742189971,0.08196471769210481,0.0005086796917553675,804.6517907483844,0.020245837299436433
