,SF_val_drying_ratio,mineral_total,SF_val_fdi_alpha,SF_val_part_dens,SF_val_durat_slope
95,28760.616132430194,0.056615903258184136,0.0008250106888908375,1010.3959689119549,0.3585861726137217
