,SF_val_drying_ratio,mineral_total,SF_val_fdi_alpha,SF_val_part_dens,SF_val_durat_slope
796,47508.16014336175,0.034035099928144734,0.00040919101924807264,770.5201309653204,0.07035374969147239
