,SF_val_drying_ratio,mineral_total,SF_val_fdi_alpha,SF_val_part_dens,SF_val_durat_slope
18,53312.94249159899,0.05482501379457529,0.0001822918066492108,472.2652174954363,0.030333058883621547
