,SF_val_drying_ratio,mineral_total,SF_val_fdi_alpha,SF_val_part_dens,SF_val_durat_slope
594,77279.5896580092,0.055411080961872416,0.00031080247726223163,523.3061886457047,0.08233791618109404
