,SF_val_drying_ratio,mineral_total,SF_val_fdi_alpha,SF_val_part_dens,SF_val_durat_slope
470,27460.561063609257,0.07426726486436684,0.0003974295303376749,780.2343357336681,0.18313522679904592
