,SF_val_drying_ratio,mineral_total,SF_val_fdi_alpha,SF_val_part_dens,SF_val_durat_slope
656,2361.120267364493,0.08329861839850786,0.0007294075695256767,800.3046400403733,0.2690212814126691
