,SF_val_drying_ratio,mineral_total,SF_val_fdi_alpha,SF_val_part_dens,SF_val_durat_slope
825,71749.9089648689,0.03824508764669225,0.00047024311386512736,530.7120525660149,0.11619245627546207
