,SF_val_drying_ratio,mineral_total,SF_val_fdi_alpha,SF_val_part_dens,SF_val_durat_slope
309,25754.115702736417,0.04946108161799529,0.0004873463111550262,534.5421860919561,0.1773325029634638
