,SF_val_drying_ratio,mineral_total,SF_val_fdi_alpha,SF_val_part_dens,SF_val_durat_slope
393,49732.78286546808,0.06914812337615353,0.0004990019054622786,192.77624465266382,0.13176928198005988
