,SF_val_drying_ratio,mineral_total,SF_val_fdi_alpha,SF_val_part_dens,SF_val_durat_slope
141,46609.780390364795,0.06196460016110741,0.0007721911842423725,908.1313992550837,0.15940839004352308
