,SF_val_drying_ratio,mineral_total,SF_val_fdi_alpha,SF_val_part_dens,SF_val_durat_slope
573,15360.517520730671,0.0752278682762981,0.00024094248305562578,172.17113293175862,0.3246757167561556
