,SF_val_drying_ratio,mineral_total,SF_val_fdi_alpha,SF_val_part_dens,SF_val_durat_slope
183,64430.53006628837,0.06096916846346632,0.0006606458730189131,453.00932972224115,0.19852330075449348
