,SF_val_drying_ratio,mineral_total,SF_val_fdi_alpha,SF_val_part_dens,SF_val_durat_slope
360,72300.9767182126,0.014659879076765508,0.0007666584394503303,386.17695037956014,0.177005378472725
