,SF_val_drying_ratio,mineral_total,SF_val_fdi_alpha,SF_val_part_dens,SF_val_durat_slope
480,9118.864726243643,0.06722555639673386,0.00044484421289991,409.4077067652198,0.12883819799771823
