,SF_val_drying_ratio,mineral_total,SF_val_fdi_alpha,SF_val_part_dens,SF_val_durat_slope
724,39982.25841416277,0.017866159382274593,0.0008583869316651827,677.3817893092494,0.0453328079390662
