,SF_val_drying_ratio,mineral_total,SF_val_fdi_alpha,SF_val_part_dens,SF_val_durat_slope
749,25830.179276182113,0.03351331419848906,0.0007559802225444418,903.4186795962495,0.06441345301091805
