,SF_val_drying_ratio,mineral_total,SF_val_fdi_alpha,SF_val_part_dens,SF_val_durat_slope
384,13377.5720225294,0.0559603014025138,0.00022483160444070023,522.8374273770274,0.09012191078264642
