,SF_val_drying_ratio,mineral_total,SF_val_fdi_alpha,SF_val_part_dens,SF_val_durat_slope
302,66955.00658163309,0.08110782699099961,0.00010169430016015211,123.24415148448035,0.10786071410243354
