,SF_val_drying_ratio,mineral_total,SF_val_fdi_alpha,SF_val_part_dens,SF_val_durat_slope
373,6515.973200472535,0.08589086588187358,0.0007133517998821137,368.3646605749536,0.33469161769860944
