,SF_val_drying_ratio,mineral_total,SF_val_fdi_alpha,SF_val_part_dens,SF_val_durat_slope
974,11381.97754193878,0.052937789902594984,0.00041704670566799053,578.0348712519055,0.10070179641610322
