,SF_val_drying_ratio,mineral_total,SF_val_fdi_alpha,SF_val_part_dens,SF_val_durat_slope
465,13547.556024693491,0.07281784409832795,0.0005208753601439844,958.3020814972991,0.17335045073769845
