,SF_val_drying_ratio,mineral_total,SF_val_fdi_alpha,SF_val_part_dens,SF_val_durat_slope
877,55001.45326316467,0.014693720427793901,0.00048226828766268723,291.6711552069216,0.10044587793404712
