,SF_val_drying_ratio,mineral_total,SF_val_fdi_alpha,SF_val_part_dens,SF_val_durat_slope
436,78136.74365641855,0.01112630577675371,0.0008492394360725887,719.6833788348499,0.17651479369592896
