,SF_val_drying_ratio,mineral_total,SF_val_fdi_alpha,SF_val_part_dens,SF_val_durat_slope
980,45504.07968980971,0.0985063950690489,0.0006834663856810378,678.7369618685332,0.19008902082632329
