,SF_val_drying_ratio,mineral_total,SF_val_fdi_alpha,SF_val_part_dens,SF_val_durat_slope
556,39718.15248344469,0.03823601554774536,0.0005066657813340473,204.25902108309964,0.06074435429761698
