,SF_val_drying_ratio,mineral_total,SF_val_fdi_alpha,SF_val_part_dens,SF_val_durat_slope
234,12750.925433127823,0.026088444646217096,0.0005276485858880715,559.8572570006629,0.4894342487572923
