,SF_val_drying_ratio,mineral_total,SF_val_fdi_alpha,SF_val_part_dens,SF_val_durat_slope
924,18701.355138081424,0.0718015895869574,0.0008117271797611231,860.0318671602693,0.4820677814042331
