,SF_val_drying_ratio,mineral_total,SF_val_fdi_alpha,SF_val_part_dens,SF_val_durat_slope
394,16144.739774420868,0.03630862231673064,0.0007044272236249101,512.9219991961764,0.2906024857396233
