,SF_val_drying_ratio,mineral_total,SF_val_fdi_alpha,SF_val_part_dens,SF_val_durat_slope
351,24875.933956105993,0.09118053908700978,0.0003785393473006868,401.55318795189396,0.2523374069649304
