,SF_val_drying_ratio,mineral_total,SF_val_fdi_alpha,SF_val_part_dens,SF_val_durat_slope
122,24595.31306992713,0.08582727149206466,0.0006186718740759449,767.4344086180894,0.05740940675746753
