,SF_val_drying_ratio,mineral_total,SF_val_fdi_alpha,SF_val_part_dens,SF_val_durat_slope
415,40790.272397762994,0.04984065766534332,0.0007222357623707476,604.0957621109791,0.14433670542382035
