,SF_val_drying_ratio,mineral_total,SF_val_fdi_alpha,SF_val_part_dens,SF_val_durat_slope
15,49172.84032972657,0.03910674349347035,0.00035933683481877593,318.3857535478704,0.12287023754718991
