,SF_val_drying_ratio,mineral_total,SF_val_fdi_alpha,SF_val_part_dens,SF_val_durat_slope
96,2167.067117059255,0.08685270138891966,0.0006430528715083928,669.4226264478295,0.26776805680851073
