,SF_val_drying_ratio,mineral_total,SF_val_fdi_alpha,SF_val_part_dens,SF_val_durat_slope
35,69487.65355481586,0.0838566402620511,0.0008372083562781928,228.45066352400272,0.16837720913146795
