,SF_val_drying_ratio,mineral_total,SF_val_fdi_alpha,SF_val_part_dens,SF_val_durat_slope
242,45756.01610217292,0.08463101354483615,0.0008052996427660794,613.01541475999,0.1383573307985891
