,SF_val_drying_ratio,mineral_total,SF_val_fdi_alpha,SF_val_part_dens,SF_val_durat_slope
206,24111.582495113686,0.016215780944514716,0.00071894659760008,274.08780463050715,0.3391468925101577
