,SF_val_drying_ratio,mineral_total,SF_val_fdi_alpha,SF_val_part_dens,SF_val_durat_slope
198,28070.22385370902,0.04048061219700843,0.0002806743473705104,234.96997005263728,0.09269128915090313
