,SF_val_drying_ratio,mineral_total,SF_val_fdi_alpha,SF_val_part_dens,SF_val_durat_slope
489,24357.09108259983,0.03579327422095811,0.00029234052443485,342.66759518394747,0.15086183907507425
