,SF_val_drying_ratio,mineral_total,SF_val_fdi_alpha,SF_val_part_dens,SF_val_durat_slope
1029,24402.807943337088,0.06849381286244313,0.0005336273289978966,592.7502340907422,0.04453305722351164
