,SF_val_drying_ratio,mineral_total,SF_val_fdi_alpha,SF_val_part_dens,SF_val_durat_slope
618,20283.056310388183,0.0327343187339705,0.0007793628276511646,200.56237938893398,0.38942326417874445
