,SF_val_drying_ratio,mineral_total,SF_val_fdi_alpha,SF_val_part_dens,SF_val_durat_slope
16,25753.31798695826,0.05856015761031112,9.366758689146543,127.51637211771474,0.003182499045795706
