,SF_val_drying_ratio,mineral_total,SF_val_fdi_alpha,SF_val_part_dens,SF_val_durat_slope
675,23318.717916314235,0.027662490976862818,0.00017319493857728699,634.1836213202494,0.3132122348272797
