,SF_val_drying_ratio,mineral_total,SF_val_fdi_alpha,SF_val_part_dens,SF_val_durat_slope
734,20932.36968813595,0.08069267839356853,0.0006616773151122584,355.148335909625,0.09423505021927028
