,SF_val_drying_ratio,mineral_total,SF_val_fdi_alpha,SF_val_part_dens,SF_val_durat_slope
276,22338.736948219892,0.03336528720377135,0.00019355775899434322,132.30112320329843,0.00338417661050755
