,SF_val_drying_ratio,mineral_total,SF_val_fdi_alpha,SF_val_part_dens,SF_val_durat_slope
578,14406.140216900652,0.06294034649919295,0.0001671189791835345,619.0159346965962,0.15031011594595883
