,SF_val_drying_ratio,mineral_total,SF_val_fdi_alpha,SF_val_part_dens,SF_val_durat_slope
141,9496.601092235203,0.019037845468904496,0.0003022973790422267,294.0124787348097,0.46806713435416414
