,SF_val_drying_ratio,mineral_total,SF_val_fdi_alpha,SF_val_part_dens,SF_val_durat_slope
302,18001.68487563932,0.05699224651901391,0.0006872351596586969,156.54053186261618,0.10965405457646565
