,SF_val_drying_ratio,mineral_total,SF_val_fdi_alpha,SF_val_part_dens,SF_val_durat_slope
82,32019.384587548648,0.05694020805820757,0.0004270209668515317,429.34974391786767,0.1082005315370749
