,SF_val_drying_ratio,mineral_total,SF_val_fdi_alpha,SF_val_part_dens,SF_val_durat_slope
439,1219.4467634382981,0.07336927374542825,0.000273329093185973,966.470540045214,0.37902284236946787
