,SF_val_drying_ratio,mineral_total,SF_val_fdi_alpha,SF_val_part_dens,SF_val_durat_slope
452,68579.711620863,0.0750896614257667,0.0005427742511432932,620.6540133692997,0.014203092354688774
