,SF_val_drying_ratio,mineral_total,SF_val_fdi_alpha,SF_val_part_dens,SF_val_durat_slope
324,52122.106513224455,0.05055621575880272,0.0006663833822412148,877.8617898068728,0.13160268675156384
