,SF_val_drying_ratio,mineral_total,SF_val_fdi_alpha,SF_val_part_dens,SF_val_durat_slope
516,19177.553093346778,0.06498357844271478,0.0002607195343423511,560.4024395939167,0.23012691780205125
