,SF_val_drying_ratio,mineral_total,SF_val_fdi_alpha,SF_val_part_dens,SF_val_durat_slope
180,10289.212647736713,0.09368504941204661,0.0005166706333656338,221.39590265992874,0.32062810526141006
