,SF_val_drying_ratio,mineral_total,SF_val_fdi_alpha,SF_val_part_dens,SF_val_durat_slope
679,14450.080307250224,0.07741615637649518,0.0006948009274953015,239.68495837363145,0.01401113897664994
