,SF_val_drying_ratio,mineral_total,SF_val_fdi_alpha,SF_val_part_dens,SF_val_durat_slope
712,67882.9579238792,0.017552907192449507,0.0005861357645834456,211.54614120093797,0.16096078846499323
