,SF_val_drying_ratio,mineral_total,SF_val_fdi_alpha,SF_val_part_dens,SF_val_durat_slope
250,5215.514847921022,0.018198740695405613,0.00011606390312038082,12.727540840945348,0.034242999060869916
