,SF_val_drying_ratio,mineral_total,SF_val_fdi_alpha,SF_val_part_dens,SF_val_durat_slope
398,20821.814581919603,0.09749418416646403,0.00014159558118827934,926.3764182689014,0.07447562371665556
