,SF_val_drying_ratio,mineral_total,SF_val_fdi_alpha,SF_val_part_dens,SF_val_durat_slope
900,9653.393564216864,0.08896175839927503,0.00016402338753176336,528.9474898742401,0.34712281052604377
