,SF_val_drying_ratio,mineral_total,SF_val_fdi_alpha,SF_val_part_dens,SF_val_durat_slope
169,42541.352055051175,0.020568822258871383,0.0008306039511343942,536.4105218816261,0.08276418342431069
