,SF_val_drying_ratio,mineral_total,SF_val_fdi_alpha,SF_val_part_dens,SF_val_durat_slope
887,26803.311036047493,0.06615986616228045,0.0007547672475035049,97.46136846324069,0.16257558682836565
