,SF_val_drying_ratio,mineral_total,SF_val_fdi_alpha,SF_val_part_dens,SF_val_durat_slope
434,34197.72229382345,0.06795856012784099,0.0006531053691472081,572.8359884720345,0.039906024534645715
