,SF_val_drying_ratio,mineral_total,SF_val_fdi_alpha,SF_val_part_dens,SF_val_durat_slope
146,54835.256430040434,0.033116681064212165,0.0006807401905697674,453.8560151009674,0.13514653734098267
