,SF_val_drying_ratio,mineral_total,SF_val_fdi_alpha,SF_val_part_dens,SF_val_durat_slope
464,22895.62518107795,0.02400910015571564,0.00018653968342106282,950.3866861655008,0.04432024310142313
