,SF_val_drying_ratio,mineral_total,SF_val_fdi_alpha,SF_val_part_dens,SF_val_durat_slope
30,20442.515316066678,0.07328377894277559,0.0007872647115566079,871.5039200731173,0.14775389315769336
