,SF_val_drying_ratio,mineral_total,SF_val_fdi_alpha,SF_val_part_dens,SF_val_durat_slope
437,58416.23088246569,0.016693284286001864,0.00015324605870127366,690.4440985850534,0.10581995732664858
