,SF_val_drying_ratio,mineral_total,SF_val_fdi_alpha,SF_val_part_dens,SF_val_durat_slope
74,20207.537512232877,0.07111041878669644,0.00037673373942063006,578.829862816014,0.19980512945106943
