,SF_val_drying_ratio,mineral_total,SF_val_fdi_alpha,SF_val_part_dens,SF_val_durat_slope
468,19157.73819962575,0.07841089136223815,0.0005653937973836467,111.59017416926586,0.3261609173411539
