,SF_val_drying_ratio,mineral_total,SF_val_fdi_alpha,SF_val_part_dens,SF_val_durat_slope
656,29668.71590102325,0.08108261872033236,0.00011622005539560387,183.73310739279827,0.057196261841408295
