,SF_val_drying_ratio,mineral_total,SF_val_fdi_alpha,SF_val_part_dens,SF_val_durat_slope
73,24879.486241162915,0.06196140302682316,0.0003769088685833176,847.1912881438385,0.43978332915442925
