,SF_val_drying_ratio,mineral_total,SF_val_fdi_alpha,SF_val_part_dens,SF_val_durat_slope
359,6978.545272578851,0.05732532977060958,0.0005151069912512335,942.3131892653714,0.21744907837601918
