,SF_val_drying_ratio,mineral_total,SF_val_fdi_alpha,SF_val_part_dens,SF_val_durat_slope
992,11205.157123633131,0.060162695592824375,0.0005589436972296129,372.4316740852227,0.1623202864520699
