,SF_val_drying_ratio,mineral_total,SF_val_fdi_alpha,SF_val_part_dens,SF_val_durat_slope
997,49769.77443337665,0.06744968110227813,0.0003982443991150142,496.9852283411531,0.09980944736584585
