,SF_val_drying_ratio,mineral_total,SF_val_fdi_alpha,SF_val_part_dens,SF_val_durat_slope
959,35063.07435534905,0.09749358696285124,0.0003418291899312423,691.8771106704177,0.041103651662942255
