,SF_val_drying_ratio,mineral_total,SF_val_fdi_alpha,SF_val_part_dens,SF_val_durat_slope
874,23980.950199992687,0.056121938768233716,0.0004141195386026477,493.59367391634817,0.3306571881593445
