,SF_val_drying_ratio,mineral_total,SF_val_fdi_alpha,SF_val_part_dens,SF_val_durat_slope
441,8666.718484257048,0.03151373647663097,0.00077356429940755,30.307519995989907,0.49632200635935636
