,SF_val_drying_ratio,mineral_total,SF_val_fdi_alpha,SF_val_part_dens,SF_val_durat_slope
450,69821.43221027456,0.04384289409980521,0.0003728953899743567,458.4277336981232,0.10570508201576723
