,SF_val_drying_ratio,mineral_total,SF_val_fdi_alpha,SF_val_part_dens,SF_val_durat_slope
189,56654.68802074477,0.04685228064345156,0.0005258556114949111,119.30901270256396,0.061856801719446165
