,SF_val_drying_ratio,mineral_total,SF_val_fdi_alpha,SF_val_part_dens,SF_val_durat_slope
533,14101.067493163657,0.017783151623852904,0.0003653031216239922,766.4256449798854,0.4613457421701813
