,SF_val_drying_ratio,mineral_total,SF_val_fdi_alpha,SF_val_part_dens,SF_val_durat_slope
177,10246.994166082828,0.032303285235386545,0.0004000866854209012,213.60544940096267,0.4265983419712857
