,SF_val_drying_ratio,mineral_total,SF_val_fdi_alpha,SF_val_part_dens,SF_val_durat_slope
427,27845.701192323097,0.09670684167368868,0.0003574966292042257,182.78020680040058,0.4784250154590695
