,SF_val_drying_ratio,mineral_total,SF_val_fdi_alpha,SF_val_part_dens,SF_val_durat_slope
151,12778.379909186868,0.09490980652004201,0.000575992493874079,977.4556304475124,0.4139476056552357
