,SF_val_drying_ratio,mineral_total,SF_val_fdi_alpha,SF_val_part_dens,SF_val_durat_slope
632,50340.617564356755,0.03150138228918317,0.0005701239244947658,185.0487561690035,0.06791263454611485
