,SF_val_drying_ratio,mineral_total,SF_val_fdi_alpha,SF_val_part_dens,SF_val_durat_slope
984,78352.73021591974,0.04296732789665956,0.0004923046266044056,606.4496255250732,0.126580229983336
