,SF_val_drying_ratio,mineral_total,SF_val_fdi_alpha,SF_val_part_dens,SF_val_durat_slope
753,7982.632213280725,0.05471847004070092,0.0007231082387612316,469.11204685356813,0.18011106394190535
