,SF_val_drying_ratio,mineral_total,SF_val_fdi_alpha,SF_val_part_dens,SF_val_durat_slope
319,16397.228505891333,0.08068124382068728,0.0007122830812465163,174.3819880338938,0.41108923326141894
