,SF_val_drying_ratio,mineral_total,SF_val_fdi_alpha,SF_val_part_dens,SF_val_durat_slope
146,4963.272914335774,0.09706328055496935,0.00024059698513163538,398.69242283056633,0.18211120427405053
