,SF_val_drying_ratio,mineral_total,SF_val_fdi_alpha,SF_val_part_dens,SF_val_durat_slope
14,55066.52159515829,0.07145055872777567,0.00030926491298523685,588.8324666092816,0.08623517418869975
