,SF_val_drying_ratio,mineral_total,SF_val_fdi_alpha,SF_val_part_dens,SF_val_durat_slope
898,41294.97538554402,0.06621933478376145,0.0003927464834268485,818.1062046880171,0.19701312124194986
