,SF_val_drying_ratio,mineral_total,SF_val_fdi_alpha,SF_val_part_dens,SF_val_durat_slope
880,21505.023704326366,0.07132893515431243,0.00010836099264545238,1172.129109298145,0.0038207474415512532
