,SF_val_drying_ratio,mineral_total,SF_val_fdi_alpha,SF_val_part_dens,SF_val_durat_slope
307,12939.185658100294,0.08360361078477722,0.00024520443576717913,823.6909683638142,0.033456574167291475
