,SF_val_drying_ratio,mineral_total,SF_val_fdi_alpha,SF_val_part_dens,SF_val_durat_slope
104,20599.077080607523,0.05555479596352749,0.00044681850701515125,944.6777036074348,0.0184803608868353
