,SF_val_drying_ratio,mineral_total,SF_val_fdi_alpha,SF_val_part_dens,SF_val_durat_slope
438,19566.87053161189,0.0422665129579506,0.000121717305453791,1100.6573513143294,0.16852696040244164
