,SF_val_drying_ratio,mineral_total,SF_val_fdi_alpha,SF_val_part_dens,SF_val_durat_slope
123,79870.14468557824,0.026613678483362567,0.0003698203315642568,659.4446082564572,0.17649077512125033
