,SF_val_drying_ratio,mineral_total,SF_val_fdi_alpha,SF_val_part_dens,SF_val_durat_slope
67,22207.988854413594,0.09437960495861879,0.0006671905266448086,92.11464391321776,0.154879931823436
