,SF_val_drying_ratio,mineral_total,SF_val_fdi_alpha,SF_val_part_dens,SF_val_durat_slope
243,44823.36186012728,0.048328135248304614,0.00020051315336702444,539.1434356492118,0.18762932684000638
