,SF_val_drying_ratio,mineral_total,SF_val_fdi_alpha,SF_val_part_dens,SF_val_durat_slope
457,26500.72233922052,0.08873466379014983,0.0008397353159001101,591.4071611276571,0.10003859344106061
