,SF_val_drying_ratio,mineral_total,SF_val_fdi_alpha,SF_val_part_dens,SF_val_durat_slope
527,19782.438255976278,0.09804762261587523,0.0007574470483032444,690.4842773387335,0.44655001132389394
