,SF_val_drying_ratio,mineral_total,SF_val_fdi_alpha,SF_val_part_dens,SF_val_durat_slope
359,35003.70613898315,0.015861266218573124,0.00039045393933848186,245.99582357538395,0.08895070166851778
