,SF_val_drying_ratio,mineral_total,SF_val_fdi_alpha,SF_val_part_dens,SF_val_durat_slope
1032,79505.06480039014,0.09655664550115922,0.0004179012196263571,422.6756140364103,0.10945028764339111
