,SF_val_drying_ratio,mineral_total,SF_val_fdi_alpha,SF_val_part_dens,SF_val_durat_slope
921,11334.866291826618,0.03571205036657245,0.0002187721427310774,828.4967854854611,0.17311277493518917
