,SF_val_drying_ratio,mineral_total,SF_val_fdi_alpha,SF_val_part_dens,SF_val_durat_slope
914,40050.92854235397,0.08558102507765253,0.00020763490439516097,538.734017032789,0.0092479689820975
