,SF_val_drying_ratio,mineral_total,SF_val_fdi_alpha,SF_val_part_dens,SF_val_durat_slope
41,50623.95253108267,0.052787301316942696,0.00011779451407342255,903.8447805186913,0.18499537926592136
