,SF_val_drying_ratio,mineral_total,SF_val_fdi_alpha,SF_val_part_dens,SF_val_durat_slope
975,57184.16545544419,0.07687927583657451,0.0008789466753064466,112.11710950523472,0.06710318073662569
