,SF_val_drying_ratio,mineral_total,SF_val_fdi_alpha,SF_val_part_dens,SF_val_durat_slope
874,10574.385259757499,0.05735119869602315,0.0005738141832542952,442.89978440771205,0.08518979431239258
