,SF_val_drying_ratio,mineral_total,SF_val_fdi_alpha,SF_val_part_dens,SF_val_durat_slope
731,1547.17268746923,0.018446153665281843,0.00042937794780052377,576.9416405123388,0.4949852648778633
