,SF_val_drying_ratio,mineral_total,SF_val_fdi_alpha,SF_val_part_dens,SF_val_durat_slope
655,11741.662686231906,0.0818216178017031,0.0002683210503375098,466.30507774789686,0.12285462626592236
