,SF_val_drying_ratio,mineral_total,SF_val_fdi_alpha,SF_val_part_dens,SF_val_durat_slope
248,55815.88945810839,0.051366792031696556,0.0003440307291398203,200.25438682238217,0.04300149507163958
