,SF_val_drying_ratio,mineral_total,SF_val_fdi_alpha,SF_val_part_dens,SF_val_durat_slope
94,29316.891029161994,0.07220993278899993,0.0007179309814973909,608.9547513750838,0.26641778586257875
