,SF_val_drying_ratio,mineral_total,SF_val_fdi_alpha,SF_val_part_dens,SF_val_durat_slope
871,33357.63219656307,0.08519957303453445,0.0003664664996586025,227.8021293203343,0.10391675861410071
