,SF_val_drying_ratio,mineral_total,SF_val_fdi_alpha,SF_val_part_dens,SF_val_durat_slope
614,4855.341616779689,0.034105347349881916,0.00047517966194469643,343.5526149666006,0.16796709613425248
