,SF_val_drying_ratio,mineral_total,SF_val_fdi_alpha,SF_val_part_dens,SF_val_durat_slope
282,65421.387373438745,0.052016940284772446,0.0006817616862088536,161.9356892504146,0.02854219762128074
