,SF_val_drying_ratio,mineral_total,SF_val_fdi_alpha,SF_val_part_dens,SF_val_durat_slope
348,12587.335884776532,0.08266179598910567,0.0005614616466653812,665.1257934586334,0.45129129854787453
