,SF_val_drying_ratio,mineral_total,SF_val_fdi_alpha,SF_val_part_dens,SF_val_durat_slope
817,41760.920272030155,0.03000349319012708,0.00046145477795893927,456.90896647720734,0.006493598893381214
