,SF_val_drying_ratio,mineral_total,SF_val_fdi_alpha,SF_val_part_dens,SF_val_durat_slope
84,26943.142895088706,0.06646641373005456,0.0005899946876159753,507.5450535555556,0.1311814062003184
