,SF_val_drying_ratio,mineral_total,SF_val_fdi_alpha,SF_val_part_dens,SF_val_durat_slope
634,11901.720247548383,0.05571114527096024,0.0002278844826966984,750.7272379422744,0.20909466764792106
