,SF_val_drying_ratio,mineral_total,SF_val_fdi_alpha,SF_val_part_dens,SF_val_durat_slope
127,39142.05071612871,0.039192871414904816,0.00019876882839156638,868.6294217805271,0.12926991965822715
