,SF_val_drying_ratio,mineral_total,SF_val_fdi_alpha,SF_val_part_dens,SF_val_durat_slope
995,71393.33135982309,0.04656184632258509,0.0007657093539777145,586.5270313279926,0.023805904735435913
