,SF_val_drying_ratio,mineral_total,SF_val_fdi_alpha,SF_val_part_dens,SF_val_durat_slope
388,3952.622117949321,0.05617478531345864,0.00039404693812040157,735.1654243827903,0.10707223368007895
