,SF_val_drying_ratio,mineral_total,SF_val_fdi_alpha,SF_val_part_dens,SF_val_durat_slope
277,19902.53714018037,0.02631717525976924,0.0005408584787973264,285.78421607182275,0.17923899913841276
