,SF_val_drying_ratio,mineral_total,SF_val_fdi_alpha,SF_val_part_dens,SF_val_durat_slope
405,18724.751218564168,0.03131026775433369,0.0008644730319245057,383.25277911923274,0.16988439840597663
