,SF_val_drying_ratio,mineral_total,SF_val_fdi_alpha,SF_val_part_dens,SF_val_durat_slope
882,1906.0834212000639,0.038205415892242155,0.0006618691850466299,1103.2197377418213,0.39575092313925037
