,SF_val_drying_ratio,mineral_total,SF_val_fdi_alpha,SF_val_part_dens,SF_val_durat_slope
638,23497.742519084408,0.09993833717756524,0.00047286385799068324,299.0444425551112,0.0659302153286328
