,SF_val_drying_ratio,mineral_total,SF_val_fdi_alpha,SF_val_part_dens,SF_val_durat_slope
155,38539.32744808495,0.03186864194254892,0.0002877008903178398,249.81755130632007,0.14597428205329022
