,SF_val_drying_ratio,mineral_total,SF_val_fdi_alpha,SF_val_part_dens,SF_val_durat_slope
44,70960.0090746379,0.08160050627952406,0.00021142232626084016,230.2624130570552,0.19764567160483887
