,SF_val_drying_ratio,mineral_total,SF_val_fdi_alpha,SF_val_part_dens,SF_val_durat_slope
463,15644.947091623026,0.06186300564689122,0.00034393541153216443,497.7101300609111,0.15687270689328836
