,SF_val_drying_ratio,mineral_total,SF_val_fdi_alpha,SF_val_part_dens,SF_val_durat_slope
761,74550.42856223442,0.07331288109478441,0.0006779257979805705,419.41554581947673,0.0100432240816134
