,SF_val_drying_ratio,mineral_total,SF_val_fdi_alpha,SF_val_part_dens,SF_val_durat_slope
176,49935.80381235471,0.06998928426209335,0.0002474979142771123,634.1346340815311,0.02943505552657515
