,SF_val_drying_ratio,mineral_total,SF_val_fdi_alpha,SF_val_part_dens,SF_val_durat_slope
1059,20244.507957516016,0.07130745931817505,0.000873805241427573,216.95842246881585,0.06906493224736142
