,SF_val_drying_ratio,mineral_total,SF_val_fdi_alpha,SF_val_part_dens,SF_val_durat_slope
791,48901.81810152898,0.06251086970429873,0.0007279230428362759,360.84117976676663,0.018167281971854046
