,SF_val_drying_ratio,mineral_total,SF_val_fdi_alpha,SF_val_part_dens,SF_val_durat_slope
777,66319.24598950896,0.04072610392504671,0.0005044234169899287,538.6653432794991,0.08177839296758063
