,SF_val_drying_ratio,mineral_total,SF_val_fdi_alpha,SF_val_part_dens,SF_val_durat_slope
47,5732.656058525996,0.018857821939187842,0.0006981939234401163,616.2856337002844,0.06383700276212945
