,SF_val_drying_ratio,mineral_total,SF_val_fdi_alpha,SF_val_part_dens,SF_val_durat_slope
943,27216.356855579896,0.04029113164324396,0.0002907221176695376,960.6454571871511,0.375938013204208
