,SF_val_drying_ratio,mineral_total,SF_val_fdi_alpha,SF_val_part_dens,SF_val_durat_slope
358,76753.33268332786,0.0784630675376992,0.0003805217067049599,426.52306797249554,0.0987327142945418
