,SF_val_drying_ratio,mineral_total,SF_val_fdi_alpha,SF_val_part_dens,SF_val_durat_slope
139,55648.822117822994,0.01893915340100159,0.0006078019284038998,351.282384110218,0.022271280397228855
