,SF_val_drying_ratio,mineral_total,SF_val_fdi_alpha,SF_val_part_dens,SF_val_durat_slope
51,40941.99016808561,0.05016964473610207,0.00028064641979367986,181.7853258266146,0.05470716438903132
