,SF_val_drying_ratio,mineral_total,SF_val_fdi_alpha,SF_val_part_dens,SF_val_durat_slope
234,61669.431772101976,0.03749347058761364,0.0004187072550112121,807.1355332998934,0.0046455878932532895
