,SF_val_drying_ratio,mineral_total,SF_val_fdi_alpha,SF_val_part_dens,SF_val_durat_slope
439,19452.054274644237,0.0205326257906933,0.00012467511844140928,205.07160177204113,0.047511208744182645
