,SF_val_drying_ratio,mineral_total,SF_val_fdi_alpha,SF_val_part_dens,SF_val_durat_slope
363,48758.61531129343,0.019195550661070482,0.0006462235032792908,145.64731470977318,0.10100033397496555
