,SF_val_drying_ratio,mineral_total,SF_val_fdi_alpha,SF_val_part_dens,SF_val_durat_slope
801,15391.117609877614,0.015781769601841807,0.00031729670562425364,462.56485939644415,0.046109083968386755
