,SF_val_drying_ratio,mineral_total,SF_val_fdi_alpha,SF_val_part_dens,SF_val_durat_slope
743,15563.198512545787,0.06935686785646114,0.0002758635068578168,411.89703553024185,0.29856081584447036
