,SF_val_drying_ratio,mineral_total,SF_val_fdi_alpha,SF_val_part_dens,SF_val_durat_slope
605,26939.347436584394,0.04917267648218902,0.000832339679008248,754.7952945744182,0.47025232802083483
