,SF_val_drying_ratio,mineral_total,SF_val_fdi_alpha,SF_val_part_dens,SF_val_durat_slope
314,21391.311522528842,0.09333257437735426,0.00020074970720099206,366.5052251758291,0.023214393416970028
