,SF_val_drying_ratio,mineral_total,SF_val_fdi_alpha,SF_val_part_dens,SF_val_durat_slope
474,18277.846664607336,0.06022843875135621,0.0007244343175486031,94.69450293409179,0.14037739490870876
