,SF_val_drying_ratio,mineral_total,SF_val_fdi_alpha,SF_val_part_dens,SF_val_durat_slope
519,29834.6663572621,0.018863662097860178,0.0006611409193033358,279.84200635753535,0.012857965982107845
