,SF_val_drying_ratio,mineral_total,SF_val_fdi_alpha,SF_val_part_dens,SF_val_durat_slope
671,25631.100928628854,0.03527012702385114,0.0005934247565398249,396.6100541436834,0.4580164367266957
