,SF_val_drying_ratio,mineral_total,SF_val_fdi_alpha,SF_val_part_dens,SF_val_durat_slope
665,63533.88003561441,0.023663313649337436,0.0005540503938641188,102.72333534196879,0.02224517628443623
