,SF_val_drying_ratio,mineral_total,SF_val_fdi_alpha,SF_val_part_dens,SF_val_durat_slope
354,74199.0368477942,0.02777073163023483,0.000535629252951486,327.7359687250282,0.06774756605927992
