,SF_val_drying_ratio,mineral_total,SF_val_fdi_alpha,SF_val_part_dens,SF_val_durat_slope
385,23361.29528203622,0.07307529553734037,0.0003652165273469129,14.585509283558851,0.2927130237160977
