,SF_val_drying_ratio,mineral_total,SF_val_fdi_alpha,SF_val_part_dens,SF_val_durat_slope
575,26282.284760356255,0.07301758333585948,0.0008451344934203705,639.9374812840904,0.1266910862023148
