,SF_val_drying_ratio,mineral_total,SF_val_fdi_alpha,SF_val_part_dens,SF_val_durat_slope
375,12573.500937621408,0.09769605720247031,0.00023450236274024803,761.0023170559283,0.10383297475907244
