,SF_val_drying_ratio,mineral_total,SF_val_fdi_alpha,SF_val_part_dens,SF_val_durat_slope
897,5359.324507385809,0.07103688144061664,0.0003342216249598514,129.3227700077374,0.3201464208934828
