,SF_val_drying_ratio,mineral_total,SF_val_fdi_alpha,SF_val_part_dens,SF_val_durat_slope
367,25372.78290961103,0.07497101728573399,0.00034476422006323267,961.5075798180903,0.24799486727865439
