,SF_val_drying_ratio,mineral_total,SF_val_fdi_alpha,SF_val_part_dens,SF_val_durat_slope
638,52905.32843184055,0.04166592100113626,0.00016116001455469356,894.3152955850007,0.08179959446357705
