,SF_val_drying_ratio,mineral_total,SF_val_fdi_alpha,SF_val_part_dens,SF_val_durat_slope
1078,72193.41389385524,0.014962518063723854,0.0007587780354596112,607.311647480848,0.08647829451493988
