,SF_val_drying_ratio,mineral_total,SF_val_fdi_alpha,SF_val_part_dens,SF_val_durat_slope
63,27758.502698972698,0.06214083911339813,0.00047359524396309245,273.995413299913,0.08268008056120185
