,SF_val_drying_ratio,mineral_total,SF_val_fdi_alpha,SF_val_part_dens,SF_val_durat_slope
672,24841.199374110143,0.04452724761061534,0.0007211925565943567,854.7087557732838,0.45546505260495695
