,SF_val_drying_ratio,mineral_total,SF_val_fdi_alpha,SF_val_part_dens,SF_val_durat_slope
745,25165.511518709285,0.033012403147733356,0.0003938755154477011,429.9913150241512,0.3039274833585673
