,SF_val_drying_ratio,mineral_total,SF_val_fdi_alpha,SF_val_part_dens,SF_val_durat_slope
327,7369.175377642828,0.07209331812499627,0.000719054915265501,1142.6864097261598,0.4996914300889429
