,SF_val_drying_ratio,mineral_total,SF_val_fdi_alpha,SF_val_part_dens,SF_val_durat_slope
970,65475.77918149567,0.047798844293107504,0.0004809621443309367,902.9410066986517,0.07492739246960918
