,SF_val_drying_ratio,mineral_total,SF_val_fdi_alpha,SF_val_part_dens,SF_val_durat_slope
475,71365.15325661126,0.07577015591218482,0.0004619781293357768,518.5586111771297,0.13150540495292537
