,SF_val_drying_ratio,mineral_total,SF_val_fdi_alpha,SF_val_part_dens,SF_val_durat_slope
1104,40693.83146982538,0.07052411419754802,0.000104052323063733,659.0099052490009,0.14951074359269997
