,SF_val_drying_ratio,mineral_total,SF_val_fdi_alpha,SF_val_part_dens,SF_val_durat_slope
941,24676.844194628833,0.09906544110317081,0.0002836414362944498,188.5581522837112,0.08875603822529346
