,SF_val_drying_ratio,mineral_total,SF_val_fdi_alpha,SF_val_part_dens,SF_val_durat_slope
769,44620.53413109253,0.0453088683482979,0.0008741666288762188,113.93250445208602,0.06689903330458369
