,SF_val_drying_ratio,mineral_total,SF_val_fdi_alpha,SF_val_part_dens,SF_val_durat_slope
337,3728.645900287372,0.03472486744135496,0.0004293870389410986,380.21754040584767,0.3225703440319031
