,SF_val_drying_ratio,mineral_total,SF_val_fdi_alpha,SF_val_part_dens,SF_val_durat_slope
375,12773.382604813722,0.08472840782540422,0.00018092222023417717,536.8315114840061,0.07003688843440439
