,SF_val_drying_ratio,mineral_total,SF_val_fdi_alpha,SF_val_part_dens,SF_val_durat_slope
433,4718.238533640308,0.04685897549035736,0.0006653358977171722,247.33322689470128,0.0723678658924145
