,SF_val_drying_ratio,mineral_total,SF_val_fdi_alpha,SF_val_part_dens,SF_val_durat_slope
590,14222.00526657752,0.029576530308149614,0.0007828950514046372,568.309867261487,0.08101820416374511
