,SF_val_drying_ratio,mineral_total,SF_val_fdi_alpha,SF_val_part_dens,SF_val_durat_slope
616,1234.3690673625606,0.030836971225381135,0.00037478666229158084,63.938983800752354,0.4208846547258403
