,SF_val_drying_ratio,mineral_total,SF_val_fdi_alpha,SF_val_part_dens,SF_val_durat_slope
848,4024.699706696665,0.031146919127614754,0.0008184254224952186,206.835461648843,0.1945287139195182
