,SF_val_drying_ratio,mineral_total,SF_val_fdi_alpha,SF_val_part_dens,SF_val_durat_slope
907,44633.76986079384,0.044028559072149635,0.0007969799271771534,699.0526135283849,0.02845301493610555
