,SF_val_drying_ratio,mineral_total,SF_val_fdi_alpha,SF_val_part_dens,SF_val_durat_slope
682,10422.036437526222,0.0249353019686976,0.0006765692725337845,198.9765766834624,0.07527145918364225
