,SF_val_drying_ratio,mineral_total,SF_val_fdi_alpha,SF_val_part_dens,SF_val_durat_slope
492,27853.800650127843,0.03411195251278893,0.0007353263994425116,667.1839735369985,0.009622188044055291
