,SF_val_drying_ratio,mineral_total,SF_val_fdi_alpha,SF_val_part_dens,SF_val_durat_slope
474,43256.93348689934,0.07526683878526792,0.00042464801911387364,531.8481444257808,0.08148395137453485
