,SF_val_drying_ratio,mineral_total,SF_val_fdi_alpha,SF_val_part_dens,SF_val_durat_slope
801,58364.52042016039,0.02436471209003086,0.0007267863291723154,113.0428805227449,0.09677632750098997
