,SF_val_drying_ratio,mineral_total,SF_val_fdi_alpha,SF_val_part_dens,SF_val_durat_slope
352,12613.574686084785,0.014439110799264968,0.00037125599778441756,507.29677812856795,0.18813758559477045
