,SF_val_drying_ratio,mineral_total,SF_val_fdi_alpha,SF_val_part_dens,SF_val_durat_slope
184,67834.50499978042,0.07487664496590342,0.00016292581301864429,364.83029997400683,0.03320004700381105
