,SF_val_drying_ratio,mineral_total,SF_val_fdi_alpha,SF_val_part_dens,SF_val_durat_slope
317,9759.58469074304,0.08714874838177315,0.000753810705318683,1038.2106097051549,0.17507208038093947
