,SF_val_drying_ratio,mineral_total,SF_val_fdi_alpha,SF_val_part_dens,SF_val_durat_slope
87,17867.892334164728,0.05258231145116589,0.0003764332637671391,972.6955672169147,0.002233056188579108
