,SF_val_drying_ratio,mineral_total,SF_val_fdi_alpha,SF_val_part_dens,SF_val_durat_slope
523,22745.14021931725,0.016302140013736484,0.00021277539638017825,861.6476111580627,0.42076158385100887
