,SF_val_drying_ratio,mineral_total,SF_val_fdi_alpha,SF_val_part_dens,SF_val_durat_slope
24,26988.919814701534,0.09762400361651564,0.0004463424464415449,155.42705306372136,0.12854211994591874
