,SF_val_drying_ratio,mineral_total,SF_val_fdi_alpha,SF_val_part_dens,SF_val_durat_slope
655,74043.79447261713,0.030879901697963667,0.0005721295078283528,202.53007326804527,0.14234826527492914
