,SF_val_drying_ratio,mineral_total,SF_val_fdi_alpha,SF_val_part_dens,SF_val_durat_slope
926,12751.080790930382,0.03795538706487909,0.0006633575491622856,349.7349741853283,0.053524843288605364
