,SF_val_drying_ratio,mineral_total,SF_val_fdi_alpha,SF_val_part_dens,SF_val_durat_slope
943,39544.020709405886,0.037879353729967855,0.0002220933108444728,370.1665637887982,0.19693743158122984
