,SF_val_drying_ratio,mineral_total,SF_val_fdi_alpha,SF_val_part_dens,SF_val_durat_slope
465,70060.79924034735,0.044226003721824884,0.00038124797451354595,504.0911091404326,0.056240060360538795
