,SF_val_drying_ratio,mineral_total,SF_val_fdi_alpha,SF_val_part_dens,SF_val_durat_slope
216,43800.66341629175,0.010882583084193681,0.00020736924561459702,391.0299317621433,0.049528629128221806
