,SF_val_drying_ratio,mineral_total,SF_val_fdi_alpha,SF_val_part_dens,SF_val_durat_slope
879,4252.049419510452,0.07810151626821252,0.00025974638664039655,883.7741474072623,0.3643381242998783
