,SF_val_drying_ratio,mineral_total,SF_val_fdi_alpha,SF_val_part_dens,SF_val_durat_slope
261,11790.672366694453,0.015339072899398634,0.000244630514902464,52.45503208103976,0.2570853181371736
