,SF_val_drying_ratio,mineral_total,SF_val_fdi_alpha,SF_val_part_dens,SF_val_durat_slope
523,66650.10218353686,0.08710943555301136,0.0007826903698053286,349.21884070665277,0.15942508597655256
