,SF_val_drying_ratio,mineral_total,SF_val_fdi_alpha,SF_val_part_dens,SF_val_durat_slope
530,68277.8425420369,0.012825645964268668,0.00016158288791770427,423.2696329367965,0.15682500311528902
