,SF_val_drying_ratio,mineral_total,SF_val_fdi_alpha,SF_val_part_dens,SF_val_durat_slope
596,15106.425188384019,0.07355885429226762,0.0008366649666311683,440.3621525748744,0.2981661170500213
