,SF_val_drying_ratio,mineral_total,SF_val_fdi_alpha,SF_val_part_dens,SF_val_durat_slope
772,9606.665516597915,0.01108817732040994,0.0008300589900169704,147.04477863348862,0.3558858087610218
