,SF_val_drying_ratio,mineral_total,SF_val_fdi_alpha,SF_val_part_dens,SF_val_durat_slope
164,76560.1837400395,0.05386276590767374,0.0004969220196303112,859.2586066949424,0.10583058263988093
