,SF_val_drying_ratio,mineral_total,SF_val_fdi_alpha,SF_val_part_dens,SF_val_durat_slope
109,17157.934179552332,0.019282244745497376,0.00015895798180847107,375.779697962222,0.19768767955967734
