,SF_val_drying_ratio,mineral_total,SF_val_fdi_alpha,SF_val_part_dens,SF_val_durat_slope
53,79243.73118974129,0.07198870254343316,0.00040315012055330965,902.4144375756408,0.10681054044203393
