,SF_val_drying_ratio,mineral_total,SF_val_fdi_alpha,SF_val_part_dens,SF_val_durat_slope
229,20692.194617215013,0.019059971150920497,0.0007707764811231124,642.6013692935657,0.005849055112651814
