,SF_val_drying_ratio,mineral_total,SF_val_fdi_alpha,SF_val_part_dens,SF_val_durat_slope
784,71066.87217419526,0.09095578134274693,0.00012997032545117548,707.6205119946856,0.03521209862755288
