,SF_val_drying_ratio,mineral_total,SF_val_fdi_alpha,SF_val_part_dens,SF_val_durat_slope
571,25567.978541697896,0.0688643975349236,0.0002356154659181881,356.12091091373804,0.24193389908930563
