,SF_val_drying_ratio,mineral_total,SF_val_fdi_alpha,SF_val_part_dens,SF_val_durat_slope
537,20259.099106195456,0.01735503923899167,0.0002234613466152055,140.39682299903063,0.12148761225419401
