,SF_val_drying_ratio,mineral_total,SF_val_fdi_alpha,SF_val_part_dens,SF_val_durat_slope
666,64966.41820185422,0.06893688222698392,0.00031254325125748143,622.7025010708999,0.06867690470309329
