,SF_val_drying_ratio,mineral_total,SF_val_fdi_alpha,SF_val_part_dens,SF_val_durat_slope
250,20666.920039313816,0.04116942469462527,0.0005437399665932145,510.8055918642373,0.009948700108634046
