,SF_val_drying_ratio,mineral_total,SF_val_fdi_alpha,SF_val_part_dens,SF_val_durat_slope
325,41861.26321613479,0.0988052885597846,0.0004920871999279485,337.4807295209671,0.1805316178875198
