,SF_val_drying_ratio,mineral_total,SF_val_fdi_alpha,SF_val_part_dens,SF_val_durat_slope
625,12564.30291274377,0.027889736364232413,0.0002923585540677517,660.3104396253713,0.0587977440622163
