,SF_val_drying_ratio,mineral_total,SF_val_fdi_alpha,SF_val_part_dens,SF_val_durat_slope
376,22204.12600872462,0.06420236808079276,0.0005470266513999165,496.57423272512096,0.4840392153328256
