,SF_val_drying_ratio,mineral_total,SF_val_fdi_alpha,SF_val_part_dens,SF_val_durat_slope
577,76464.6768850359,0.07223960857195909,0.00028320084599336645,648.8070894859918,0.1943930348714181
