,SF_val_drying_ratio,mineral_total,SF_val_fdi_alpha,SF_val_part_dens,SF_val_durat_slope
393,12787.400466173081,0.056081471108401386,0.00048410473530640486,910.3055465737364,0.11794956415947089
