,SF_val_drying_ratio,mineral_total,SF_val_fdi_alpha,SF_val_part_dens,SF_val_durat_slope
306,6125.3744966178465,0.08332879605081452,0.0006472327965584891,1130.8449659533944,0.4062161849182607
