,SF_val_drying_ratio,mineral_total,SF_val_fdi_alpha,SF_val_part_dens,SF_val_durat_slope
60,8208.761363511332,0.019328577095109642,0.0008020030434849627,771.5664023296531,0.11880411213928788
