,SF_val_drying_ratio,mineral_total,SF_val_fdi_alpha,SF_val_part_dens,SF_val_durat_slope
162,55913.922135145265,0.02566549261532275,0.0003212963880959026,789.2223771760385,0.10410804516359813
