,SF_val_drying_ratio,mineral_total,SF_val_fdi_alpha,SF_val_part_dens,SF_val_durat_slope
32,29989.128798364865,0.06178236434635305,0.0006151620273358372,860.5574877473422,0.1448377794810805
