,SF_val_drying_ratio,mineral_total,SF_val_fdi_alpha,SF_val_part_dens,SF_val_durat_slope
165,62518.0171300992,0.09555354607260351,0.000601418677861421,599.7866447066311,0.19223119462894142
