,SF_val_drying_ratio,mineral_total,SF_val_fdi_alpha,SF_val_part_dens,SF_val_durat_slope
861,32915.596037257055,0.026642588865786736,0.0003889920727194569,733.6255163841398,0.0717292762425223
