,SF_val_drying_ratio,mineral_total,SF_val_fdi_alpha,SF_val_part_dens,SF_val_durat_slope
808,67656.96125143152,0.08275084194154483,0.0003170237534875309,650.2468698985454,0.004420105061178514
