,SF_val_drying_ratio,mineral_total,SF_val_fdi_alpha,SF_val_part_dens,SF_val_durat_slope
259,22060.165442195062,0.09267547672754481,0.000483480507017382,1076.6116011344395,0.4708194332700232
