,SF_val_drying_ratio,mineral_total,SF_val_fdi_alpha,SF_val_part_dens,SF_val_durat_slope
27,51232.13501402612,0.0716976383201652,0.0005329935682500819,251.6815009167534,0.1337078570282522
