,SF_val_drying_ratio,mineral_total,SF_val_fdi_alpha,SF_val_part_dens,SF_val_durat_slope
599,44290.94110473783,0.04901876265534136,0.0003913148306165091,268.76263015288635,0.18310397261121852
