,SF_val_drying_ratio,mineral_total,SF_val_fdi_alpha,SF_val_part_dens,SF_val_durat_slope
503,13403.894093667266,0.08789112965197887,0.00030665702103099043,305.09319372533685,0.08620961303748792
