,SF_val_drying_ratio,mineral_total,SF_val_fdi_alpha,SF_val_part_dens,SF_val_durat_slope
869,25988.333324523745,0.010877849149308878,0.00031286441422479416,499.26581413353756,0.06634273597844571
