,SF_val_drying_ratio,mineral_total,SF_val_fdi_alpha,SF_val_part_dens,SF_val_durat_slope
14,18134.370369285887,0.09439615103010085,0.0005058760941686337,205.9002190807675,0.1264798391697105
