,SF_val_drying_ratio,mineral_total,SF_val_fdi_alpha,SF_val_part_dens,SF_val_durat_slope
576,23759.677072086597,0.011504058983276024,0.0008899740753183056,336.37758224984816,0.0007569993229408879
