,SF_val_drying_ratio,mineral_total,SF_val_fdi_alpha,SF_val_part_dens,SF_val_durat_slope
966,65359.109128220975,0.0814450934487263,0.00033182888980658437,253.81684547106522,0.06630277046144449
