,SF_val_drying_ratio,mineral_total,SF_val_fdi_alpha,SF_val_part_dens,SF_val_durat_slope
196,40969.01425093346,0.033891105609019874,0.0006189545713758322,297.0529118609622,0.07070865740645922
