,SF_val_drying_ratio,mineral_total,SF_val_fdi_alpha,SF_val_part_dens,SF_val_durat_slope
561,22117.06587493267,0.020938242883245,0.00040249710263077864,879.9700791363921,0.0014211195869210935
