,SF_val_drying_ratio,mineral_total,SF_val_fdi_alpha,SF_val_part_dens,SF_val_durat_slope
589,37881.84152441259,0.0744539663411188,0.00034319418521395475,315.7788962150716,0.024010820505520593
