,SF_val_drying_ratio,mineral_total,SF_val_fdi_alpha,SF_val_part_dens,SF_val_durat_slope
257,63055.46310233468,0.029831503453994067,0.0006450598797634596,349.403326393483,0.1754645113425048
