,SF_val_drying_ratio,mineral_total,SF_val_fdi_alpha,SF_val_part_dens,SF_val_durat_slope
13,50316.52264423335,0.025459136868396164,0.0006277911554278488,254.83117987646563,0.00589593341279191
