,SF_val_drying_ratio,mineral_total,SF_val_fdi_alpha,SF_val_part_dens,SF_val_durat_slope
75,68463.68412039297,0.026649603172094083,0.0008529811032230882,770.4071541925193,0.052941846851344315
