,SF_val_drying_ratio,mineral_total,SF_val_fdi_alpha,SF_val_part_dens,SF_val_durat_slope
419,71879.47005340303,0.017059594029284676,0.0007224772798650985,879.0282602844893,0.187448478068585
