,SF_val_drying_ratio,mineral_total,SF_val_fdi_alpha,SF_val_part_dens,SF_val_durat_slope
891,55918.94821308208,0.04142507956091326,0.0006884746968861336,300.65570756695746,0.11918554648163088
