,SF_val_drying_ratio,mineral_total,SF_val_fdi_alpha,SF_val_part_dens,SF_val_durat_slope
409,37374.48138091105,0.05813758255797844,0.0003103664136902181,717.8152546894611,0.1736085630894818
