,SF_val_drying_ratio,mineral_total,SF_val_fdi_alpha,SF_val_part_dens,SF_val_durat_slope
591,15977.483766996005,0.03776283419901877,0.0006428810156336676,544.8394294275511,0.4964784642138043
