,SF_val_drying_ratio,mineral_total,SF_val_fdi_alpha,SF_val_part_dens,SF_val_durat_slope
264,29167.68220978303,0.06864842480449136,0.0008712288091375384,180.41190302595535,0.17595428658353154
