,SF_val_drying_ratio,mineral_total,SF_val_fdi_alpha,SF_val_part_dens,SF_val_durat_slope
868,22322.770799201782,0.024961864480528277,0.00020197256250519322,216.68043755148966,0.49403291213519557
