,SF_val_drying_ratio,mineral_total,SF_val_fdi_alpha,SF_val_part_dens,SF_val_durat_slope
810,20107.023269354635,0.0572086859893682,0.0003686141312726513,865.1506335825122,0.13372103154857562
