,SF_val_drying_ratio,mineral_total,SF_val_fdi_alpha,SF_val_part_dens,SF_val_durat_slope
345,74597.65117832812,0.045423334313893254,0.00028533444604620094,892.5138327633855,0.08879505492462775
