,SF_val_drying_ratio,mineral_total,SF_val_fdi_alpha,SF_val_part_dens,SF_val_durat_slope
232,21565.767194233296,0.0632164149141329,0.00014441609108394092,665.5703400568287,0.08105417220749822
