,SF_val_drying_ratio,mineral_total,SF_val_fdi_alpha,SF_val_part_dens,SF_val_durat_slope
843,18559.909717133636,0.03200912821087773,0.00019878491083854532,424.37576925651786,0.4533577365178664
