,SF_val_drying_ratio,mineral_total,SF_val_fdi_alpha,SF_val_part_dens,SF_val_durat_slope
624,20361.679165283273,0.07795580006564175,0.00025864569518269695,94.63319081916457,0.02970508208666378
