,SF_val_drying_ratio,mineral_total,SF_val_fdi_alpha,SF_val_part_dens,SF_val_durat_slope
52,12121.674857037005,0.08936079390750198,0.0003952296734061371,268.0482959429429,0.1655899823394943
