,SF_val_drying_ratio,mineral_total,SF_val_fdi_alpha,SF_val_part_dens,SF_val_durat_slope
780,20471.868500019642,0.034715864848134506,0.0004112530435829082,548.9621874315493,0.036029908615619555
