,SF_val_drying_ratio,mineral_total,SF_val_fdi_alpha,SF_val_part_dens,SF_val_durat_slope
308,71856.38202335649,0.050034716602869095,0.0005467476085531157,484.35291487154046,0.09781400774157299
