,SF_val_drying_ratio,mineral_total,SF_val_fdi_alpha,SF_val_part_dens,SF_val_durat_slope
423,6519.603664300073,0.028004097278548343,0.00038646872152444886,925.7909868275098,0.15480482024689407
