,SF_val_drying_ratio,mineral_total,SF_val_fdi_alpha,SF_val_part_dens,SF_val_durat_slope
171,15659.490715461783,0.02826566074982089,0.0006619126480409507,135.46564117339867,0.36003007410186644
