,SF_val_drying_ratio,mineral_total,SF_val_fdi_alpha,SF_val_part_dens,SF_val_durat_slope
405,20699.629520125894,0.06768704482331221,0.00024293774319198515,767.3683540127645,0.05307236874787902
