,SF_val_drying_ratio,mineral_total,SF_val_fdi_alpha,SF_val_part_dens,SF_val_durat_slope
630,45248.704639178504,0.030675502689067442,0.00046801311573197883,405.87939390393467,0.009865887463528745
