,SF_val_drying_ratio,mineral_total,SF_val_fdi_alpha,SF_val_part_dens,SF_val_durat_slope
27,12767.951498423978,0.024983974778712566,0.0008670628623634628,771.6851825974613,0.47720968327869195
