,SF_val_drying_ratio,mineral_total,SF_val_fdi_alpha,SF_val_part_dens,SF_val_durat_slope
379,16117.337672564381,0.07253816341789164,0.0007031628455360687,379.36561113405185,0.14966487257284444
