,SF_val_drying_ratio,mineral_total,SF_val_fdi_alpha,SF_val_part_dens,SF_val_durat_slope
481,15628.859212799262,0.013483945028228868,0.0006716806896715095,273.7314430067814,0.029978549232378138
