,SF_val_drying_ratio,mineral_total,SF_val_fdi_alpha,SF_val_part_dens,SF_val_durat_slope
687,14685.617049649896,0.061354935421650644,0.0008389343379949089,285.1560848453966,0.08711578021687148
