,SF_val_drying_ratio,mineral_total,SF_val_fdi_alpha,SF_val_part_dens,SF_val_durat_slope
583,40488.80056430535,0.07864905132843213,0.00010468543143321351,672.5136881534185,0.005569241852806228
