,SF_val_drying_ratio,mineral_total,SF_val_fdi_alpha,SF_val_part_dens,SF_val_durat_slope
926,18656.47750439648,0.09364416530207174,0.0002504348282959067,402.8098555799224,0.09281463249124
