,SF_val_drying_ratio,mineral_total,SF_val_fdi_alpha,SF_val_part_dens,SF_val_durat_slope
958,64860.19792103283,0.03520120230172954,0.0008834294578622579,596.0596617571989,0.03588569259021606
