,SF_val_drying_ratio,mineral_total,SF_val_fdi_alpha,SF_val_part_dens,SF_val_durat_slope
225,63326.57418244133,0.015037106848633186,0.00014581219223673276,677.6856169099765,0.005538232002645605
