,SF_val_drying_ratio,mineral_total,SF_val_fdi_alpha,SF_val_part_dens,SF_val_durat_slope
58,8941.439493936352,0.083659166576459,0.0004466138024530363,492.8864236452014,0.26528099091261614
