,SF_val_drying_ratio,mineral_total,SF_val_fdi_alpha,SF_val_part_dens,SF_val_durat_slope
269,5114.213914923956,0.0506654231674877,0.0006633846964037574,968.5524780923504,0.3535851719032317
