,SF_val_drying_ratio,mineral_total,SF_val_fdi_alpha,SF_val_part_dens,SF_val_durat_slope
872,1244.355894642671,0.06595362760544464,0.0008333709521750921,830.4955384748072,0.010390923083041792
