,SF_val_drying_ratio,mineral_total,SF_val_fdi_alpha,SF_val_part_dens,SF_val_durat_slope
313,23736.21999368615,0.03465071227304475,0.0007409697336974542,806.495977651261,0.18630316358223936
