,SF_val_drying_ratio,mineral_total,SF_val_fdi_alpha,SF_val_part_dens,SF_val_durat_slope
577,20102.38011631466,0.09429736411060263,0.0007409917985477833,1053.0981480821017,0.4349604375349773
