,SF_val_drying_ratio,mineral_total,SF_val_fdi_alpha,SF_val_part_dens,SF_val_durat_slope
253,23365.45853908049,0.09431790746664495,0.0007481192233831217,674.6635694110455,0.34480927275367335
