,SF_val_drying_ratio,mineral_total,SF_val_fdi_alpha,SF_val_part_dens,SF_val_durat_slope
21,7796.76934016134,0.033468183461946376,0.00037425283277138586,58.95420996599692,0.11556954078446807
