,SF_val_drying_ratio,mineral_total,SF_val_fdi_alpha,SF_val_part_dens,SF_val_durat_slope
1111,25313.31890668707,0.04692241175738997,0.00025967503732205886,679.5268113959962,0.16576871984397734
