,SF_val_drying_ratio,mineral_total,SF_val_fdi_alpha,SF_val_part_dens,SF_val_durat_slope
207,13999.8718831827,0.019872347543741495,0.0007783420047325142,455.68351098139254,0.03689910627848697
