,SF_val_drying_ratio,mineral_total,SF_val_fdi_alpha,SF_val_part_dens,SF_val_durat_slope
487,6919.542696060353,0.028601777084339405,0.0004615960933193961,202.66163409788697,0.224235052820681
