,SF_val_drying_ratio,mineral_total,SF_val_fdi_alpha,SF_val_part_dens,SF_val_durat_slope
298,28131.036722884648,0.050993894557582006,0.0007059938504356657,879.8474538016578,0.052580418608046436
