,SF_val_drying_ratio,mineral_total,SF_val_fdi_alpha,SF_val_part_dens,SF_val_durat_slope
944,4360.945476971049,0.03437520806160677,0.0001856270160039779,30.356501902618373,0.42036119977066067
