,SF_val_drying_ratio,mineral_total,SF_val_fdi_alpha,SF_val_part_dens,SF_val_durat_slope
160,29189.685742459766,0.02675995960594433,0.0007365220491689931,494.8672126534769,0.09014079654221181
