,SF_val_drying_ratio,mineral_total,SF_val_fdi_alpha,SF_val_part_dens,SF_val_durat_slope
705,25105.05582785237,0.08331058442119706,0.0007834181139237563,847.1501717358217,0.4073739420234431
