,SF_val_drying_ratio,mineral_total,SF_val_fdi_alpha,SF_val_part_dens,SF_val_durat_slope
652,14920.851638186383,0.09446991258108628,0.000899011886365884,584.6870368750774,0.4136525462693297
