,SF_val_drying_ratio,mineral_total,SF_val_fdi_alpha,SF_val_part_dens,SF_val_durat_slope
709,71271.96336861563,0.054589785681163225,0.000586697627201762,907.0279748643408,0.13771795574231527
