,SF_val_drying_ratio,mineral_total,SF_val_fdi_alpha,SF_val_part_dens,SF_val_durat_slope
771,34424.11368851199,0.011168954077341128,0.0007508593676038993,744.8951431219735,0.13707065693047346
