,SF_val_drying_ratio,mineral_total,SF_val_fdi_alpha,SF_val_part_dens,SF_val_durat_slope
236,6434.258826297583,0.06969104450478956,0.0007823687469901482,267.29371299739296,0.3296799545173353
