,SF_val_drying_ratio,mineral_total,SF_val_fdi_alpha,SF_val_part_dens,SF_val_durat_slope
263,33237.43382854185,0.04546211244187728,0.000773087828315671,221.4281122172838,0.020092206682320393
