,SF_val_drying_ratio,mineral_total,SF_val_fdi_alpha,SF_val_part_dens,SF_val_durat_slope
486,9763.685695173805,0.06252663495265001,0.00027325551452908267,859.8944347301278,0.07397190205729143
