,SF_val_drying_ratio,mineral_total,SF_val_fdi_alpha,SF_val_part_dens,SF_val_durat_slope
423,46251.8481114247,0.05797249175674589,0.00036754802582234517,208.21146600020467,0.004155691065393575
