,SF_val_drying_ratio,mineral_total,SF_val_fdi_alpha,SF_val_part_dens,SF_val_durat_slope
102,13158.158824312146,0.029361938436280967,0.0005103744900610206,651.784338127733,0.14956391558039292
