,SF_val_drying_ratio,mineral_total,SF_val_fdi_alpha,SF_val_part_dens,SF_val_durat_slope
867,9913.561326931404,0.06761339788654236,0.000889367556368973,799.8353283202601,0.15768575522926054
