,SF_val_drying_ratio,mineral_total,SF_val_fdi_alpha,SF_val_part_dens,SF_val_durat_slope
361,23844.91184338768,0.07255565819227501,0.0006963706848947014,228.55645634739182,0.09112897522529528
