,SF_val_drying_ratio,mineral_total,SF_val_fdi_alpha,SF_val_part_dens,SF_val_durat_slope
756,14991.149151682637,0.09058747737463443,0.0001450598080588768,958.424910943472,0.4110975247298494
