,SF_val_drying_ratio,mineral_total,SF_val_fdi_alpha,SF_val_part_dens,SF_val_durat_slope
747,45429.536095758165,0.07636855207186448,0.00020683927446190492,595.3072812367623,0.016380828059221208
