,SF_val_drying_ratio,mineral_total,SF_val_fdi_alpha,SF_val_part_dens,SF_val_durat_slope
114,9265.66521638968,0.0426908714750516,0.0006942479101339904,715.6609160515668,0.017809350531991563
