,SF_val_drying_ratio,mineral_total,SF_val_fdi_alpha,SF_val_part_dens,SF_val_durat_slope
697,20248.415819850165,0.09071590257640491,0.0007012825397885393,159.87058355223704,0.14177852207483585
