,SF_val_drying_ratio,mineral_total,SF_val_fdi_alpha,SF_val_part_dens,SF_val_durat_slope
512,17310.546264208133,0.061976165109059574,0.0004235017491459471,333.0946063641773,0.46606384173876436
