,SF_val_drying_ratio,mineral_total,SF_val_fdi_alpha,SF_val_part_dens,SF_val_durat_slope
761,23084.706243500452,0.021687645158310512,0.0008378231897732022,491.0321865764132,0.03128181145733172
