,SF_val_drying_ratio,mineral_total,SF_val_fdi_alpha,SF_val_part_dens,SF_val_durat_slope
889,10136.301103326872,0.030937376955966628,0.0007883325487250073,498.88005926246507,0.03603887781514298
