,SF_val_drying_ratio,mineral_total,SF_val_fdi_alpha,SF_val_part_dens,SF_val_durat_slope
826,77154.73050404222,0.026910719758408953,0.0008255810352891855,801.3451011964113,0.1112272910703322
