,SF_val_drying_ratio,mineral_total,SF_val_fdi_alpha,SF_val_part_dens,SF_val_durat_slope
104,38130.72208472604,0.014414845735439292,0.000878036390819304,379.54836721888654,0.16159792498717893
