,SF_val_drying_ratio,mineral_total,SF_val_fdi_alpha,SF_val_part_dens,SF_val_durat_slope
988,47906.42675039857,0.018046363392229953,0.0003149374286648859,693.1390310113175,0.01571479800829776
