,SF_val_drying_ratio,mineral_total,SF_val_fdi_alpha,SF_val_part_dens,SF_val_durat_slope
231,27378.96024168643,0.0917662622978113,0.0006192859779220287,491.7855057304454,0.04465159179678879
