,SF_val_drying_ratio,mineral_total,SF_val_fdi_alpha,SF_val_part_dens,SF_val_durat_slope
188,18194.055552742706,0.09510982051600736,0.0004838386749639963,576.8538281519076,0.021650226115769302
