,SF_val_drying_ratio,mineral_total,SF_val_fdi_alpha,SF_val_part_dens,SF_val_durat_slope
254,22318.916751931516,0.0504286972547075,0.0003237095909688828,767.4640265821639,0.022865095194344764
