,SF_val_drying_ratio,mineral_total,SF_val_fdi_alpha,SF_val_part_dens,SF_val_durat_slope
288,32012.52275697512,0.05544680221633668,0.00049577594343874,776.7007903592917,0.1602641385860504
