,SF_val_drying_ratio,mineral_total,SF_val_fdi_alpha,SF_val_part_dens,SF_val_durat_slope
578,21517.19913564122,0.06706046810342002,0.0007201685948141316,489.63801042681723,0.18806486759388802
