,SF_val_drying_ratio,mineral_total,SF_val_fdi_alpha,SF_val_part_dens,SF_val_durat_slope
857,41633.765655199575,0.043183486019566314,0.00012981045432729985,455.62015016920174,0.09597244533511969
