,SF_val_drying_ratio,mineral_total,SF_val_fdi_alpha,SF_val_part_dens,SF_val_durat_slope
572,29148.477429251547,0.017780191712646717,0.0005719243930243907,864.581860201279,0.30050278618065124
