,SF_val_drying_ratio,mineral_total,SF_val_fdi_alpha,SF_val_part_dens,SF_val_durat_slope
235,14544.014176744497,0.09577291139694324,0.0005913053514680348,262.5883151942092,0.06299712979376366
