,SF_val_drying_ratio,mineral_total,SF_val_fdi_alpha,SF_val_part_dens,SF_val_durat_slope
540,78509.44501359168,0.07794005745582823,0.00015644015258239942,758.6689849745535,0.0654707168295496
