,SF_val_drying_ratio,mineral_total,SF_val_fdi_alpha,SF_val_part_dens,SF_val_durat_slope
1117,47861.855850943866,0.03984427566844206,0.00039936400942597,414.8309710249567,0.0806030516964894
