,SF_val_drying_ratio,mineral_total,SF_val_fdi_alpha,SF_val_part_dens,SF_val_durat_slope
936,51547.278758331384,0.09834810275573955,0.00018716830758373223,126.95431324304377,0.11236815303469389
