,SF_val_drying_ratio,mineral_total,SF_val_fdi_alpha,SF_val_part_dens,SF_val_durat_slope
901,75637.59618765174,0.026377611851511933,0.0008250237582657112,703.0538677083249,0.08191426779370424
