,SF_val_drying_ratio,mineral_total,SF_val_fdi_alpha,SF_val_part_dens,SF_val_durat_slope
199,19503.803762496973,0.09546967537766744,0.0005276107426847024,536.6409098507467,0.25543978397779965
