,SF_val_drying_ratio,mineral_total,SF_val_fdi_alpha,SF_val_part_dens,SF_val_durat_slope
287,12707.57175760694,0.016383559758863183,0.0008259801212016966,1077.064481067043,0.127858227484081
