,SF_val_drying_ratio,mineral_total,SF_val_fdi_alpha,SF_val_part_dens,SF_val_durat_slope
968,38354.58807545093,0.07648679803083984,0.0007291909373146924,388.4679985702561,0.19300248293837735
