,SF_val_drying_ratio,mineral_total,SF_val_fdi_alpha,SF_val_part_dens,SF_val_durat_slope
214,15454.370763873118,0.021469808238400504,0.0001732497780559859,763.3288288661907,0.4502017108552404
