,SF_val_drying_ratio,mineral_total,SF_val_fdi_alpha,SF_val_part_dens,SF_val_durat_slope
842,14193.219023169157,0.058965492379337826,0.0001821836676203458,698.4586638465596,0.3691638292494137
