,SF_val_drying_ratio,mineral_total,SF_val_fdi_alpha,SF_val_part_dens,SF_val_durat_slope
597,75512.7322497936,0.0103578615190502,0.0008938647555809816,706.900262825359,0.006956165689523886
