,SF_val_drying_ratio,mineral_total,SF_val_fdi_alpha,SF_val_part_dens,SF_val_durat_slope
48,50200.02937092504,0.05414974277082091,0.0005323214042214525,477.819123824459,0.18013831578644446
