,SF_val_drying_ratio,mineral_total,SF_val_fdi_alpha,SF_val_part_dens,SF_val_durat_slope
593,26075.431843675873,0.014762271848306448,0.00031774316861428556,855.8548906684723,0.021826323313593354
