,SF_val_drying_ratio,mineral_total,SF_val_fdi_alpha,SF_val_part_dens,SF_val_durat_slope
803,70960.9016155014,0.01850816714925188,0.00044047693837653015,687.4311408110889,0.11107718510580121
