,SF_val_drying_ratio,mineral_total,SF_val_fdi_alpha,SF_val_part_dens,SF_val_durat_slope
914,9252.173584834385,0.012550027144459519,0.0008555588123815989,530.9491098965879,0.41510261037544666
