,SF_val_drying_ratio,mineral_total,SF_val_fdi_alpha,SF_val_part_dens,SF_val_durat_slope
691,2112.814757056074,0.09376468837718825,0.0004105263286475768,158.51638420939042,0.15229095850334623
