,SF_val_drying_ratio,mineral_total,SF_val_fdi_alpha,SF_val_part_dens,SF_val_durat_slope
267,22231.814464677234,0.07645050089095125,0.0005380864893116335,452.2384556903657,0.1610925932239322
