,SF_val_drying_ratio,mineral_total,SF_val_fdi_alpha,SF_val_part_dens,SF_val_durat_slope
37,27666.864651148928,0.03958845865742345,0.0007162838240803198,809.538917569352,0.20531111182981704
