,SF_val_drying_ratio,mineral_total,SF_val_fdi_alpha,SF_val_part_dens,SF_val_durat_slope
993,74850.92491403109,0.08338519734460806,0.00029563526624921905,164.11227849287758,0.09173391955209001
