,SF_val_drying_ratio,mineral_total,SF_val_fdi_alpha,SF_val_part_dens,SF_val_durat_slope
498,45550.7247477744,0.028578513852174456,0.00014922103134472044,420.74685948337464,0.07886784488019138
