,SF_val_drying_ratio,mineral_total,SF_val_fdi_alpha,SF_val_part_dens,SF_val_durat_slope
703,79857.6597045489,0.09608285755068564,0.00030880555253111054,456.31808075676435,0.16052349950607636
