,SF_val_drying_ratio,mineral_total,SF_val_fdi_alpha,SF_val_part_dens,SF_val_durat_slope
64,65905.71097634052,0.03889664367402031,0.00074502003462452,354.686980886505,0.00021042437405729422
