,SF_val_drying_ratio,mineral_total,SF_val_fdi_alpha,SF_val_part_dens,SF_val_durat_slope
957,22193.6883584689,0.08878836556333808,0.0005978628399317956,209.9056038883644,0.170195237761094
