,SF_val_drying_ratio,mineral_total,SF_val_fdi_alpha,SF_val_part_dens,SF_val_durat_slope
584,61451.044758175725,0.04062927139172456,0.00015811677089108843,104.4332923148891,0.02783815746378722
