,SF_val_drying_ratio,mineral_total,SF_val_fdi_alpha,SF_val_part_dens,SF_val_durat_slope
135,13333.021793894868,0.023393721027293903,0.0005768851431695372,549.4027103023167,0.14430472181816817
