,SF_val_drying_ratio,mineral_total,SF_val_fdi_alpha,SF_val_part_dens,SF_val_durat_slope
374,14695.15421137038,0.06390248482775396,0.0006988098925642235,687.1711632625502,0.060400867412492
