,SF_val_drying_ratio,mineral_total,SF_val_fdi_alpha,SF_val_part_dens,SF_val_durat_slope
389,33755.06188414745,0.019163282400761532,0.0008665042453919333,381.26959369637547,0.17490745523029683
