,SF_val_drying_ratio,mineral_total,SF_val_fdi_alpha,SF_val_part_dens,SF_val_durat_slope
526,20511.22007738885,0.09757737589186208,0.0003425915305687744,634.7209486827968,0.05906435405364248
