,SF_val_drying_ratio,mineral_total,SF_val_fdi_alpha,SF_val_part_dens,SF_val_durat_slope
2,18030.570072784736,0.08592545621108529,0.0008513560845256287,882.080777176658,0.14752132873214147
