,SF_val_drying_ratio,mineral_total,SF_val_fdi_alpha,SF_val_part_dens,SF_val_durat_slope
623,79966.29350894578,0.04286967668542348,0.0007263320225089861,867.3226064703066,0.16798955262565718
