,SF_val_drying_ratio,mineral_total,SF_val_fdi_alpha,SF_val_part_dens,SF_val_durat_slope
960,54040.53260735224,0.04736184818664986,0.000505735886210142,251.62587632729907,0.07186758113289263
