,SF_val_drying_ratio,mineral_total,SF_val_fdi_alpha,SF_val_part_dens,SF_val_durat_slope
610,49533.07286569565,0.08682207947592127,0.0003616310890963627,798.4207084920714,0.11698644638798557
