,SF_val_drying_ratio,mineral_total,SF_val_fdi_alpha,SF_val_part_dens,SF_val_durat_slope
549,57260.4145572777,0.012912075687035353,0.0005215233791693094,134.94013929922676,0.1065893604282433
