,SF_val_drying_ratio,mineral_total,SF_val_fdi_alpha,SF_val_part_dens,SF_val_durat_slope
555,8178.823718572224,0.09760165145234725,0.00029933551355041136,132.32992405125188,0.04593335880170213
