,SF_val_drying_ratio,mineral_total,SF_val_fdi_alpha,SF_val_part_dens,SF_val_durat_slope
392,27669.986802779553,0.026630065575741164,0.00017157312804589147,309.37699447271945,0.028515365534203842
