,SF_val_drying_ratio,mineral_total,SF_val_fdi_alpha,SF_val_part_dens,SF_val_durat_slope
580,38854.78070027438,0.024968102438429,0.0007295440471493554,129.48628078260626,0.1934456439622676
