,SF_val_drying_ratio,mineral_total,SF_val_fdi_alpha,SF_val_part_dens,SF_val_durat_slope
846,2949.5957125793334,0.09695830802313012,0.0007601081665221046,279.47967551164226,0.22573884184252963
