,SF_val_drying_ratio,mineral_total,SF_val_fdi_alpha,SF_val_part_dens,SF_val_durat_slope
1086,71079.67412735504,0.051763292104469366,0.00012675516800331464,656.7120267407828,0.18950796256573424
