,SF_val_drying_ratio,mineral_total,SF_val_fdi_alpha,SF_val_part_dens,SF_val_durat_slope
79,12408.766261540495,0.08741923674530411,0.0007189334349719048,259.91976920718605,0.2718930710186096
