,SF_val_drying_ratio,mineral_total,SF_val_fdi_alpha,SF_val_part_dens,SF_val_durat_slope
853,7433.373834887215,0.05650311264445232,0.0005425415721514974,537.1022440769991,0.25993058064467156
