,SF_val_drying_ratio,mineral_total,SF_val_fdi_alpha,SF_val_part_dens,SF_val_durat_slope
667,60329.30177121571,0.030732271182550674,0.0005570444155505917,858.2015599500795,0.0037096862681536003
