,SF_val_drying_ratio,mineral_total,SF_val_fdi_alpha,SF_val_part_dens,SF_val_durat_slope
224,74802.83575370754,0.04222056321976552,0.0007578195749670547,642.3163870290973,0.08139852082526011
