,SF_val_drying_ratio,mineral_total,SF_val_fdi_alpha,SF_val_part_dens,SF_val_durat_slope
19,31438.814599360736,0.02825465782956188,0.0007239327648472114,323.5364664441583,0.06592339414305155
