,SF_val_drying_ratio,mineral_total,SF_val_fdi_alpha,SF_val_part_dens,SF_val_durat_slope
322,27212.050552755823,0.09647996217800972,0.00023997889667068943,214.3782849706695,0.31892845116310553
