,SF_val_drying_ratio,mineral_total,SF_val_fdi_alpha,SF_val_part_dens,SF_val_durat_slope
592,11028.5316011433,0.04888061615037508,0.0003786383129801717,137.31810238776168,0.3175941109745436
