,SF_val_drying_ratio,mineral_total,SF_val_fdi_alpha,SF_val_part_dens,SF_val_durat_slope
316,62873.167340408356,0.048990565059546964,0.0004888204260524969,223.44309255839823,0.0837923680838413
