,SF_val_drying_ratio,mineral_total,SF_val_fdi_alpha,SF_val_part_dens,SF_val_durat_slope
485,58544.84003967788,0.075905091176774,0.0006568234391047485,470.3099181160837,0.14871521648485345
