,SF_val_drying_ratio,mineral_total,SF_val_fdi_alpha,SF_val_part_dens,SF_val_durat_slope
156,24488.69286853494,0.03210939194139718,0.0007194745625264909,147.4916083650862,0.013269211258174873
