,SF_val_drying_ratio,mineral_total,SF_val_fdi_alpha,SF_val_part_dens,SF_val_durat_slope
166,71378.59523240672,0.02236810138306907,0.0006873253572724352,127.50517663919749,0.17451678239947296
