,SF_val_drying_ratio,mineral_total,SF_val_fdi_alpha,SF_val_part_dens,SF_val_durat_slope
1034,79173.71396463054,0.07232096851720689,0.000781070557113861,862.7789086633812,0.1004965055596646
