,SF_val_drying_ratio,mineral_total,SF_val_fdi_alpha,SF_val_part_dens,SF_val_durat_slope
357,39361.04093295247,0.09385034907580014,0.0005261250003120242,745.8968767981673,0.046449218739539604
