,SF_val_drying_ratio,mineral_total,SF_val_fdi_alpha,SF_val_part_dens,SF_val_durat_slope
707,10547.241153700508,0.05455670103324308,0.0007790164044151609,710.4936238115707,0.3084327108719003
