,SF_val_drying_ratio,mineral_total,SF_val_fdi_alpha,SF_val_part_dens,SF_val_durat_slope
374,12782.263215022982,0.012264803877643296,0.00011232020661675861,486.0961856055058,0.42843791665141484
