,SF_val_drying_ratio,mineral_total,SF_val_fdi_alpha,SF_val_part_dens,SF_val_durat_slope
932,54218.55360796443,0.06429345911827165,0.0007590695365055551,244.3633986537214,0.14391154750745255
