,SF_val_drying_ratio,mineral_total,SF_val_fdi_alpha,SF_val_part_dens,SF_val_durat_slope
618,67259.86044739012,0.07840441989275433,0.00022819547388199044,595.3393371867357,0.19067418050860957
