,SF_val_drying_ratio,mineral_total,SF_val_fdi_alpha,SF_val_part_dens,SF_val_durat_slope
260,57213.69349609278,0.01219416338891915,0.0008064847823704035,676.5943749456907,0.08778862606259628
