,SF_val_drying_ratio,mineral_total,SF_val_fdi_alpha,SF_val_part_dens,SF_val_durat_slope
149,45306.262191138325,0.07696667353951146,0.0007543116671430811,572.7052944491926,0.010452176704224781
