,SF_val_drying_ratio,mineral_total,SF_val_fdi_alpha,SF_val_part_dens,SF_val_durat_slope
412,37563.217452884666,0.024336575931913136,0.0003260931269305657,276.55192181699226,0.037482746911945156
