,SF_val_drying_ratio,mineral_total,SF_val_fdi_alpha,SF_val_part_dens,SF_val_durat_slope
156,77575.64062475348,0.010704953882936175,0.0006213935641750617,223.33328390520506,0.10625703281085047
