,SF_val_drying_ratio,mineral_total,SF_val_fdi_alpha,SF_val_part_dens,SF_val_durat_slope
795,16958.068525917693,0.060588444274759234,0.0007047421918758587,592.3799867989608,0.061491057620737234
