,SF_val_drying_ratio,mineral_total,SF_val_fdi_alpha,SF_val_part_dens,SF_val_durat_slope
894,19497.65863611342,0.06019360796074273,0.00010628616038321957,188.2897998496874,0.24997766427149753
