,SF_val_drying_ratio,mineral_total,SF_val_fdi_alpha,SF_val_part_dens,SF_val_durat_slope
186,20932.953520776573,0.011710017283753031,0.00013261746732052036,544.682810836589,0.153591666088333
