,SF_val_drying_ratio,mineral_total,SF_val_fdi_alpha,SF_val_part_dens,SF_val_durat_slope
949,12635.948555393026,0.061850561288480294,0.00036008545652754857,610.5216925055008,0.13186424312379075
