,SF_val_drying_ratio,mineral_total,SF_val_fdi_alpha,SF_val_part_dens,SF_val_durat_slope
764,51246.98857006187,0.028999897181297134,0.0004917337395521135,326.24813801262565,0.0010394018466927336
