,SF_val_drying_ratio,mineral_total,SF_val_fdi_alpha,SF_val_part_dens,SF_val_durat_slope
910,64375.13594137056,0.04877276435482108,0.0008945824436743632,548.1008186310678,0.005125858031299502
