,SF_val_drying_ratio,mineral_total,SF_val_fdi_alpha,SF_val_part_dens,SF_val_durat_slope
6,18482.032865703706,0.0737095062366011,0.00026486900627679456,405.24516108959995,0.18167971661727722
