,SF_val_drying_ratio,mineral_total,SF_val_fdi_alpha,SF_val_part_dens,SF_val_durat_slope
448,47505.109447390394,0.08936992785198483,0.00018598808497027983,294.4754129543145,0.060880532625843746
