,SF_val_drying_ratio,mineral_total,SF_val_fdi_alpha,SF_val_part_dens,SF_val_durat_slope
588,53805.220874120474,0.05074412020368483,0.0007326880914178184,898.8962754718798,0.06008574057068248
