,SF_val_drying_ratio,mineral_total,SF_val_fdi_alpha,SF_val_part_dens,SF_val_durat_slope
532,6937.334617290962,0.031089776779162734,0.0008417264694303381,770.1406420676601,0.21215036805181325
