,SF_val_drying_ratio,mineral_total,SF_val_fdi_alpha,SF_val_part_dens,SF_val_durat_slope
159,79379.04821231292,0.04129582483783854,0.00039163912746470236,758.9297127979154,0.12204980920949818
