,SF_val_drying_ratio,mineral_total,SF_val_fdi_alpha,SF_val_part_dens,SF_val_durat_slope
673,41875.73324878053,0.06677945665951919,0.0007545679196738719,839.8357281349004,0.18259766461582183
