,SF_val_drying_ratio,mineral_total,SF_val_fdi_alpha,SF_val_part_dens,SF_val_durat_slope
16,39432.47181942356,0.05952671942900081,0.000421493850897826,159.8774010665682,0.10589985075490777
