,SF_val_drying_ratio,mineral_total,SF_val_fdi_alpha,SF_val_part_dens,SF_val_durat_slope
265,28092.193147225822,0.04155610127628329,0.0006577739066860852,953.472714508105,0.11368576777684308
