,SF_val_drying_ratio,mineral_total,SF_val_fdi_alpha,SF_val_part_dens,SF_val_durat_slope
188,13494.38424961272,0.0821508639387243,0.0005754280330386859,1188.915306668051,0.058355111732990295
