,SF_val_drying_ratio,mineral_total,SF_val_fdi_alpha,SF_val_part_dens,SF_val_durat_slope
896,24864.994354901162,0.08390968790303033,0.00029338148092747233,14.648322691399141,0.42345559112340225
