,SF_val_drying_ratio,mineral_total,SF_val_fdi_alpha,SF_val_part_dens,SF_val_durat_slope
312,41137.70647107868,0.01380374590316338,0.0008447210282065639,100.66263797100132,0.09485467705103022
