,SF_val_drying_ratio,mineral_total,SF_val_fdi_alpha,SF_val_part_dens,SF_val_durat_slope
201,51908.36622577285,0.06651848584435303,0.00024618596459602263,180.56837017694227,0.12944830832956963
