,SF_val_drying_ratio,mineral_total,SF_val_fdi_alpha,SF_val_part_dens,SF_val_durat_slope
707,17612.31280745427,0.04454486594514191,0.0008018237700600041,900.3676540505534,0.0014147841256756833
