,SF_val_drying_ratio,mineral_total,SF_val_fdi_alpha,SF_val_part_dens,SF_val_durat_slope
17,21805.739766992418,0.049592299726954614,0.0005751450500487341,490.76727413960543,0.0843081730319804
