,SF_val_drying_ratio,mineral_total,SF_val_fdi_alpha,SF_val_part_dens,SF_val_durat_slope
794,24265.22420401476,0.08700363963976704,0.000706783375384124,91.72281230594653,0.14295032515709402
