,SF_val_drying_ratio,mineral_total,SF_val_fdi_alpha,SF_val_part_dens,SF_val_durat_slope
77,75597.87554265225,0.07091059106253732,0.00012342371356622062,540.0127964207161,0.1541816965988395
