,SF_val_drying_ratio,mineral_total,SF_val_fdi_alpha,SF_val_part_dens,SF_val_durat_slope
504,47096.40935592775,0.02700907164645726,0.0007237517123832181,762.9056750982321,0.03078934225034218
