,SF_val_drying_ratio,mineral_total,SF_val_fdi_alpha,SF_val_part_dens,SF_val_durat_slope
102,12329.688454227593,0.0969003894704878,0.0004859642070884019,520.4502297593833,0.4079227387217481
