,SF_val_drying_ratio,mineral_total,SF_val_fdi_alpha,SF_val_part_dens,SF_val_durat_slope
721,7182.161632213937,0.023286186576657993,0.0005931322950316297,313.2387751362051,0.3856285576617798
