,SF_val_drying_ratio,mineral_total,SF_val_fdi_alpha,SF_val_part_dens,SF_val_durat_slope
352,55127.72158998361,0.0883246251590048,0.000876476595204477,664.0834429705409,0.15522323784242933
