,SF_val_drying_ratio,mineral_total,SF_val_fdi_alpha,SF_val_part_dens,SF_val_durat_slope
397,36918.50065547218,0.047415780044657733,0.000544144013818063,200.6506811738176,0.05651187716482651
