,SF_val_drying_ratio,mineral_total,SF_val_fdi_alpha,SF_val_part_dens,SF_val_durat_slope
54,28906.19891620011,0.04895646026869163,0.0005328605814855254,691.4176332733454,0.09171329997320471
