,SF_val_drying_ratio,mineral_total,SF_val_fdi_alpha,SF_val_part_dens,SF_val_durat_slope
392,7157.89220419427,0.07342782833508026,0.0003315151011119025,909.7039851355653,0.238129664311639
