,SF_val_drying_ratio,mineral_total,SF_val_fdi_alpha,SF_val_part_dens,SF_val_durat_slope
658,19126.456309435118,0.06986144293267571,0.0003295142002730162,945.7954164849007,0.19904761244332203
