,SF_val_drying_ratio,mineral_total,SF_val_fdi_alpha,SF_val_part_dens,SF_val_durat_slope
782,76836.54113164487,0.06195898625614058,0.0006793907391381238,153.7739462473179,0.14019963916666953
