,SF_val_drying_ratio,mineral_total,SF_val_fdi_alpha,SF_val_part_dens,SF_val_durat_slope
1101,10313.573835084146,0.017811068209120574,0.0005955071107711882,503.134353787896,0.022760490502297004
