,SF_val_drying_ratio,mineral_total,SF_val_fdi_alpha,SF_val_part_dens,SF_val_durat_slope
969,20196.673220705314,0.07035288522139788,0.0002544195211651153,471.45435077004566,0.08918209314049626
