,SF_val_drying_ratio,mineral_total,SF_val_fdi_alpha,SF_val_part_dens,SF_val_durat_slope
498,9568.708909386572,0.04706257671888161,0.0007459603845800295,826.2817749691045,0.2622926381078544
