,SF_val_drying_ratio,mineral_total,SF_val_fdi_alpha,SF_val_part_dens,SF_val_durat_slope
838,66359.94172311823,0.0699313959806745,0.00016407610293971703,539.5059373207364,0.1456147217083697
