,SF_val_drying_ratio,mineral_total,SF_val_fdi_alpha,SF_val_part_dens,SF_val_durat_slope
150,21991.002058003713,0.012689555075590112,0.000828188434282156,842.1983500675129,0.06577768617531649
