,SF_val_drying_ratio,mineral_total,SF_val_fdi_alpha,SF_val_part_dens,SF_val_durat_slope
125,20633.11589781343,0.08167183028229831,0.00010360570350037684,896.9903577471539,0.04388619106004954
