,SF_val_drying_ratio,mineral_total,SF_val_fdi_alpha,SF_val_part_dens,SF_val_durat_slope
413,13628.3056630784,0.0809358516712078,0.0006662532220137339,1047.998504502669,0.423985254992227
