,SF_val_drying_ratio,mineral_total,SF_val_fdi_alpha,SF_val_part_dens,SF_val_durat_slope
230,34849.89571387379,0.06989794605521438,0.0006394225712124481,212.21068291864384,0.18158807900429452
