,SF_val_drying_ratio,mineral_total,SF_val_fdi_alpha,SF_val_part_dens,SF_val_durat_slope
26,7723.004688070892,0.03152422600877495,0.0002910108220998663,196.69758887465085,0.3236458271445396
