,SF_val_drying_ratio,mineral_total,SF_val_fdi_alpha,SF_val_part_dens,SF_val_durat_slope
154,22120.216886127768,0.08120050256293203,0.0004668548345296896,580.3778793973378,0.14679883952267164
