,SF_val_drying_ratio,mineral_total,SF_val_fdi_alpha,SF_val_part_dens,SF_val_durat_slope
814,20360.03666708398,0.02442781915388112,0.0008824490504121838,372.84517110525036,0.0397592553594057
