,SF_val_drying_ratio,mineral_total,SF_val_fdi_alpha,SF_val_part_dens,SF_val_durat_slope
802,22279.03653661367,0.07344227265005586,0.0007112051870057207,572.997359594208,0.054497091213668525
