,SF_val_drying_ratio,mineral_total,SF_val_fdi_alpha,SF_val_part_dens,SF_val_durat_slope
466,21521.257470143697,0.07717486200178753,0.0005157012574830094,942.1435884472988,0.45121468966596934
