,SF_val_drying_ratio,mineral_total,SF_val_fdi_alpha,SF_val_part_dens,SF_val_durat_slope
55,29631.40309545997,0.02370262843799472,0.0007780202646611362,403.585400388111,0.17663018984682932
