,SF_val_drying_ratio,mineral_total,SF_val_fdi_alpha,SF_val_part_dens,SF_val_durat_slope
639,41438.42799076445,0.037368481713507255,0.0006299291984640209,737.0881619727833,0.18023129352288847
