,SF_val_drying_ratio,mineral_total,SF_val_fdi_alpha,SF_val_part_dens,SF_val_durat_slope
686,43518.521696329626,0.08350927261945025,0.0007074405727122045,605.7819481933042,0.14610656133798947
