,SF_val_drying_ratio,mineral_total,SF_val_fdi_alpha,SF_val_part_dens,SF_val_durat_slope
479,41036.48541108873,0.0568271801333408,0.0007756020779597157,750.9981415285611,0.02179020827978824
