,SF_val_drying_ratio,mineral_total,SF_val_fdi_alpha,SF_val_part_dens,SF_val_durat_slope
865,36734.97729003432,0.07343164983407816,0.00018427167167225082,605.5627414917395,0.12014841809686248
