,SF_val_drying_ratio,mineral_total,SF_val_fdi_alpha,SF_val_part_dens,SF_val_durat_slope
288,6443.61859588342,0.06854833855862139,0.00022009924027447045,284.6311217564185,0.027476455411918677
