,SF_val_drying_ratio,mineral_total,SF_val_fdi_alpha,SF_val_part_dens,SF_val_durat_slope
378,49217.12052183444,0.023968038736442737,0.0003110549690037735,149.14884698042667,0.11409735195393121
