,SF_val_drying_ratio,mineral_total,SF_val_fdi_alpha,SF_val_part_dens,SF_val_durat_slope
565,74655.3803459421,0.021786369101367956,0.0008182881273164329,221.47805252386843,0.04088289550723365
