,SF_val_drying_ratio,mineral_total,SF_val_fdi_alpha,SF_val_part_dens,SF_val_durat_slope
319,52802.17086056496,0.03176501139658184,0.000620538035138553,191.46833935882475,0.16183295490563157
