,SF_val_drying_ratio,mineral_total,SF_val_fdi_alpha,SF_val_part_dens,SF_val_durat_slope
659,44849.91099958288,0.08778196462724593,0.0004924261728721796,110.37292360237434,0.09553511677297805
