,SF_val_drying_ratio,mineral_total,SF_val_fdi_alpha,SF_val_part_dens,SF_val_durat_slope
78,14808.756561066959,0.024823992616170736,0.00024833306523364655,353.55756420716654,0.07083909653499561
