,SF_val_drying_ratio,mineral_total,SF_val_fdi_alpha,SF_val_part_dens,SF_val_durat_slope
793,19139.323049447114,0.0619981963020433,0.00017845042660617264,599.4319178793504,0.1163593950129993
