,SF_val_drying_ratio,mineral_total,SF_val_fdi_alpha,SF_val_part_dens,SF_val_durat_slope
36,27418.120610835293,0.05192298688330974,0.00026410109041808007,271.5888195919319,0.15549693557101757
