,SF_val_drying_ratio,mineral_total,SF_val_fdi_alpha,SF_val_part_dens,SF_val_durat_slope
884,61329.571969751894,0.07248743250317818,0.0002739151923930149,399.4320138491901,0.007533644625704317
