,SF_val_drying_ratio,mineral_total,SF_val_fdi_alpha,SF_val_part_dens,SF_val_durat_slope
290,15618.963930911954,0.04257834670761299,0.0005715188700654298,841.1906433386079,0.3426051633528589
