,SF_val_drying_ratio,mineral_total,SF_val_fdi_alpha,SF_val_part_dens,SF_val_durat_slope
905,26029.040686864988,0.08825025660288917,0.0006484158947994896,866.8488581367887,0.20242864182380044
