,SF_val_drying_ratio,mineral_total,SF_val_fdi_alpha,SF_val_part_dens,SF_val_durat_slope
524,15839.921387444017,0.041770012980358144,0.0007012612141898706,443.97710711802574,0.15740957192091226
