,SF_val_drying_ratio,mineral_total,SF_val_fdi_alpha,SF_val_part_dens,SF_val_durat_slope
840,55442.2062187565,0.09486314944547729,0.0001372029668297742,444.0962972041779,0.08680245516443484
