,SF_val_drying_ratio,mineral_total,SF_val_fdi_alpha,SF_val_part_dens,SF_val_durat_slope
458,2327.854368786374,0.09334744668654879,0.0005939571133172618,742.2558989946161,0.25073517015213453
