,SF_val_drying_ratio,mineral_total,SF_val_fdi_alpha,SF_val_part_dens,SF_val_durat_slope
566,2922.387333925494,0.025146180579671294,0.0002276566270622003,334.6921704457021,0.06555633845154857
