,SF_val_drying_ratio,mineral_total,SF_val_fdi_alpha,SF_val_part_dens,SF_val_durat_slope
130,28336.132807431502,0.05654243122512167,0.0008254768714532877,315.59249149657353,0.0995665620158936
