,SF_val_drying_ratio,mineral_total,SF_val_fdi_alpha,SF_val_part_dens,SF_val_durat_slope
369,16296.763783415072,0.09132431185520606,0.0006019088670542467,66.72244316164384,0.23263464503622633
