,SF_val_drying_ratio,mineral_total,SF_val_fdi_alpha,SF_val_part_dens,SF_val_durat_slope
595,18049.27911070351,0.05397367078737516,0.00019939016344948488,340.1031938870945,0.01691233246261037
