,SF_val_drying_ratio,mineral_total,SF_val_fdi_alpha,SF_val_part_dens,SF_val_durat_slope
925,30723.662523192903,0.06404017696927207,0.00041418782212349065,837.365187154433,0.07353965326989698
