,SF_val_drying_ratio,mineral_total,SF_val_fdi_alpha,SF_val_part_dens,SF_val_durat_slope
747,2067.8394784511283,0.07770346105611804,0.0006480119371062586,780.0425068495035,0.2220794357334086
