,SF_val_drying_ratio,mineral_total,SF_val_fdi_alpha,SF_val_part_dens,SF_val_durat_slope
396,18407.809862278264,0.030758040468534947,0.0001892324550129029,120.23187315521477,0.49160847194632634
