,SF_val_drying_ratio,mineral_total,SF_val_fdi_alpha,SF_val_part_dens,SF_val_durat_slope
964,36933.37545006606,0.01541963280602545,0.0003659080356397378,500.256629412862,0.09663525259863302
