,SF_val_drying_ratio,mineral_total,SF_val_fdi_alpha,SF_val_part_dens,SF_val_durat_slope
669,51954.41088779113,0.07294937142719553,0.0002526922412955332,880.0518425284075,0.08258954923105113
