,SF_val_drying_ratio,mineral_total,SF_val_fdi_alpha,SF_val_part_dens,SF_val_durat_slope
861,5892.08246186437,0.04546108282379316,0.00020232072678319312,721.3430592378089,0.3073027836633072
