,SF_val_drying_ratio,mineral_total,SF_val_fdi_alpha,SF_val_part_dens,SF_val_durat_slope
490,31553.76946894038,0.055148389505247634,0.00024302604676073051,827.0660384346841,0.007872111403691618
