,SF_val_drying_ratio,mineral_total,SF_val_fdi_alpha,SF_val_part_dens,SF_val_durat_slope
431,25004.822583498266,0.0322108419532008,0.000585837466162668,384.45178528959696,0.0006329613813313762
