,SF_val_drying_ratio,mineral_total,SF_val_fdi_alpha,SF_val_part_dens,SF_val_durat_slope
50,51471.49567737655,0.030016385476751742,0.000807965787053861,535.1177323002133,0.019570499562798684
