,SF_val_drying_ratio,mineral_total,SF_val_fdi_alpha,SF_val_part_dens,SF_val_durat_slope
85,24622.26683045194,0.07534736342861141,0.0005004961316815305,572.7528535280607,0.09656847907782747
