,SF_val_drying_ratio,mineral_total,SF_val_fdi_alpha,SF_val_part_dens,SF_val_durat_slope
401,50046.88105230728,0.08490165434779388,0.0004182214773445179,731.2037911361961,0.04919644233702376
