,SF_val_drying_ratio,mineral_total,SF_val_fdi_alpha,SF_val_part_dens,SF_val_durat_slope
169,11578.68034755744,0.022378597759447796,0.00041517018057057425,903.3820206063275,0.3856591990863612
