,SF_val_drying_ratio,mineral_total,SF_val_fdi_alpha,SF_val_part_dens,SF_val_durat_slope
725,41041.862747329855,0.030004101011825504,0.0008221183109989932,411.54493359055965,0.00798570678617221
