,SF_val_drying_ratio,mineral_total,SF_val_fdi_alpha,SF_val_part_dens,SF_val_durat_slope
544,7206.373368868437,0.03855796810992887,0.0006884059974807699,774.8053681401299,0.34554456272962997
