,SF_val_drying_ratio,mineral_total,SF_val_fdi_alpha,SF_val_part_dens,SF_val_durat_slope
499,60027.02884986007,0.08057077807310498,0.00035094145872211147,96.76441896904969,0.0021582166616886055
