,SF_val_drying_ratio,mineral_total,SF_val_fdi_alpha,SF_val_part_dens,SF_val_durat_slope
895,15322.759205855753,0.08790165614869344,0.0001627236509045409,251.52917085401654,0.3065616468696144
