,SF_val_drying_ratio,mineral_total,SF_val_fdi_alpha,SF_val_part_dens,SF_val_durat_slope
488,27177.08783330425,0.026185294902792984,0.0007562282681101115,156.32288055664782,0.17612038129537633
