,SF_val_drying_ratio,mineral_total,SF_val_fdi_alpha,SF_val_part_dens,SF_val_durat_slope
42,11686.62215545846,0.02075830272642868,0.0003304833769382946,557.0970927628991,0.16652323525460974
