,SF_val_drying_ratio,mineral_total,SF_val_fdi_alpha,SF_val_part_dens,SF_val_durat_slope
9,36111.419202281744,0.051032215516540184,0.0003428113271236431,148.34166611977741,0.007664277651502305
