,SF_val_drying_ratio,mineral_total,SF_val_fdi_alpha,SF_val_part_dens,SF_val_durat_slope
311,78077.93313595437,0.02755453206878237,0.00039534063922406885,186.11367560700276,0.18448149146191647
