,SF_val_drying_ratio,mineral_total,SF_val_fdi_alpha,SF_val_part_dens,SF_val_durat_slope
505,18924.7509480679,0.0999896282229346,0.0005153918294858793,773.2882110699672,0.13387961986342575
