,SF_val_drying_ratio,mineral_total,SF_val_fdi_alpha,SF_val_part_dens,SF_val_durat_slope
218,58237.35525896079,0.04606885238479015,0.00062062413718375,619.1741436926615,0.04312881262570365
