,SF_val_drying_ratio,mineral_total,SF_val_fdi_alpha,SF_val_part_dens,SF_val_durat_slope
627,32504.251937436577,0.03321037257824154,0.0001606420538311407,412.6971950275453,0.1663109389631771
