,SF_val_drying_ratio,mineral_total,SF_val_fdi_alpha,SF_val_part_dens,SF_val_durat_slope
9,58967.64761247632,0.028220270705117435,0.0008582217518632588,339.3130878244851,0.11748604851823093
