,SF_val_drying_ratio,mineral_total,SF_val_fdi_alpha,SF_val_part_dens,SF_val_durat_slope
856,22121.941726932106,0.09632180262446834,0.000581300181527909,733.0164379597632,0.031097824556752363
