,SF_val_drying_ratio,mineral_total,SF_val_fdi_alpha,SF_val_part_dens,SF_val_durat_slope
920,27137.116526885915,0.012311627325869944,0.0004376514255400102,161.94371518048257,0.09074261370707615
