,SF_val_drying_ratio,mineral_total,SF_val_fdi_alpha,SF_val_part_dens,SF_val_durat_slope
36,18797.428604169218,0.07780535178967982,0.0008288032531842319,111.18280307929555,0.032235684504550444
