,SF_val_drying_ratio,mineral_total,SF_val_fdi_alpha,SF_val_part_dens,SF_val_durat_slope
180,32220.236374419183,0.05018271883832637,0.0007360391259195935,250.40509350750654,0.05535549153192865
