,SF_val_drying_ratio,mineral_total,SF_val_fdi_alpha,SF_val_part_dens,SF_val_durat_slope
878,24295.14322230155,0.0697774691545836,0.0005909841211216199,58.14676777184134,0.23378009419074908
