,SF_val_drying_ratio,mineral_total,SF_val_fdi_alpha,SF_val_part_dens,SF_val_durat_slope
485,27866.257054402577,0.04316758338111368,0.0005502790665631377,176.18229205099993,0.16178677461515156
