,SF_val_drying_ratio,mineral_total,SF_val_fdi_alpha,SF_val_part_dens,SF_val_durat_slope
217,28586.17997437446,0.09571890344660564,0.0008046602853244183,661.0078181407636,0.17295043054899079
