,SF_val_drying_ratio,mineral_total,SF_val_fdi_alpha,SF_val_part_dens,SF_val_durat_slope
823,11407.118242421018,0.03275139832411493,0.0004317448807077848,660.1284653956035,0.23978314393105382
