,SF_val_drying_ratio,mineral_total,SF_val_fdi_alpha,SF_val_part_dens,SF_val_durat_slope
581,78503.43383055429,0.06728258646640053,0.0008431650843874387,510.95128205790036,0.016390621556532127
