,SF_val_drying_ratio,mineral_total,SF_val_fdi_alpha,SF_val_part_dens,SF_val_durat_slope
645,17387.550003769284,0.031845083101931425,0.0001584826754273954,437.23680670167647,0.17902641784403642
