,SF_val_drying_ratio,mineral_total,SF_val_fdi_alpha,SF_val_part_dens,SF_val_durat_slope
766,68676.0074841624,0.09466374723978406,0.0007623608595566155,195.8814955675096,0.13809155448313234
