,SF_val_drying_ratio,mineral_total,SF_val_fdi_alpha,SF_val_part_dens,SF_val_durat_slope
468,28672.314086053073,0.04341716079851653,0.000788375278940228,481.56179445687957,0.06832247143066737
