,SF_val_drying_ratio,mineral_total,SF_val_fdi_alpha,SF_val_part_dens,SF_val_durat_slope
840,10086.752954943902,0.09517864691406185,0.0005451145963477073,608.1427722753638,0.0437514824007782
