,SF_val_drying_ratio,mineral_total,SF_val_fdi_alpha,SF_val_part_dens,SF_val_durat_slope
763,22686.874740206924,0.09511679549581822,0.0008339981414231773,498.5250767756065,0.18287605684304947
