,SF_val_drying_ratio,mineral_total,SF_val_fdi_alpha,SF_val_part_dens,SF_val_durat_slope
831,68196.52975644008,0.059513707937053364,0.000786722081837022,685.4680204621014,0.1382631627412513
