,SF_val_drying_ratio,mineral_total,SF_val_fdi_alpha,SF_val_part_dens,SF_val_durat_slope
622,25882.17996394077,0.029066651306534554,0.0004384287288836751,255.96254136374876,0.37223858754640343
