,SF_val_drying_ratio,mineral_total,SF_val_fdi_alpha,SF_val_part_dens,SF_val_durat_slope
382,31164.746881442716,0.07025493727219105,0.0003022022799325608,241.27795848420914,0.18079424744629147
