,SF_val_drying_ratio,mineral_total,SF_val_fdi_alpha,SF_val_part_dens,SF_val_durat_slope
162,11567.834515790864,0.010089276389977959,0.0005542487152415752,610.2777159816958,0.03383669356869595
