,SF_val_drying_ratio,mineral_total,SF_val_fdi_alpha,SF_val_part_dens,SF_val_durat_slope
128,22568.870624607203,0.03996241780538712,0.0004362677626327623,1028.092751829356,0.389388828108431
