,SF_val_drying_ratio,mineral_total,SF_val_fdi_alpha,SF_val_part_dens,SF_val_durat_slope
327,79665.45179598582,0.05459990533514599,0.00045304146440607463,640.1543368104986,0.09803784292607445
