,SF_val_drying_ratio,mineral_total,SF_val_fdi_alpha,SF_val_part_dens,SF_val_durat_slope
972,70902.2001383903,0.037228727833123386,0.0006044963617731154,862.5043765293437,0.10424214186369883
