,SF_val_drying_ratio,mineral_total,SF_val_fdi_alpha,SF_val_part_dens,SF_val_durat_slope
608,24516.939638036438,0.06868368439278906,0.0007944250950785729,771.2921152367292,0.12044579234399902
