,SF_val_drying_ratio,mineral_total,SF_val_fdi_alpha,SF_val_part_dens,SF_val_durat_slope
99,7919.398035141149,0.027888620826935787,0.0008703695475858874,991.2356038204155,0.3944765603719618
