,SF_val_drying_ratio,mineral_total,SF_val_fdi_alpha,SF_val_part_dens,SF_val_durat_slope
702,78873.21911969072,0.07513282514521134,0.0005755909002153508,851.2195674528025,0.0223481387502819
