,SF_val_drying_ratio,mineral_total,SF_val_fdi_alpha,SF_val_part_dens,SF_val_durat_slope
650,73641.43746577766,0.011879702567890955,0.0004983685514771185,379.97083510379815,0.07203927487173245
