,SF_val_drying_ratio,mineral_total,SF_val_fdi_alpha,SF_val_part_dens,SF_val_durat_slope
143,18068.537507436024,0.09183635622705573,0.00020997345487538954,398.7172924161655,0.09238879567363315
