,SF_val_drying_ratio,mineral_total,SF_val_fdi_alpha,SF_val_part_dens,SF_val_durat_slope
829,21490.957581324787,0.03567691493380557,0.00030291829033632763,922.4087714943163,0.18088418863419292
