,SF_val_drying_ratio,mineral_total,SF_val_fdi_alpha,SF_val_part_dens,SF_val_durat_slope
822,28833.038389453224,0.0452372795951107,0.0001887634226288272,858.5306010504947,0.2932207148950124
