,SF_val_drying_ratio,mineral_total,SF_val_fdi_alpha,SF_val_part_dens,SF_val_durat_slope
15,13285.877642279042,0.07979750467036964,6.647517075359027,368.42272565205394,0.05682804008477987
