,SF_val_drying_ratio,mineral_total,SF_val_fdi_alpha,SF_val_part_dens,SF_val_durat_slope
687,5619.953314749343,0.028520045142242774,0.0001786955399258832,919.895067421614,0.10877624701840749
