,SF_val_drying_ratio,mineral_total,SF_val_fdi_alpha,SF_val_part_dens,SF_val_durat_slope
239,63341.69785223302,0.05938041233981422,0.000469533751397473,774.4350266886829,0.14139745292498582
