,SF_val_drying_ratio,mineral_total,SF_val_fdi_alpha,SF_val_part_dens,SF_val_durat_slope
708,11161.959626922084,0.04397643362755396,0.0008647733715309229,221.96158436872105,0.23815322720592524
