,SF_val_drying_ratio,mineral_total,SF_val_fdi_alpha,SF_val_part_dens,SF_val_durat_slope
942,58485.32468284173,0.0584176642733921,0.0008640137046655126,636.0381926265418,0.1232193815170291
