,SF_val_drying_ratio,mineral_total,SF_val_fdi_alpha,SF_val_part_dens,SF_val_durat_slope
175,29470.043882423262,0.0424637010491871,0.0003347224724939391,314.29457407301595,0.2189462334981605
