,SF_val_drying_ratio,mineral_total,SF_val_fdi_alpha,SF_val_part_dens,SF_val_durat_slope
350,4632.578161576179,0.01799310970085182,0.0004168378994141056,1072.5807535754352,0.2995633784615081
