,SF_val_drying_ratio,mineral_total,SF_val_fdi_alpha,SF_val_part_dens,SF_val_durat_slope
616,54689.46627936169,0.04657524128814983,0.0007817857445939158,108.59840394894168,0.1263191902409974
