,SF_val_drying_ratio,mineral_total,SF_val_fdi_alpha,SF_val_part_dens,SF_val_durat_slope
562,44901.74044960723,0.023462296924694516,0.00025333907499451884,679.8484518332531,0.00018986429629759273
