,SF_val_drying_ratio,mineral_total,SF_val_fdi_alpha,SF_val_part_dens,SF_val_durat_slope
910,5925.359363175227,0.0727504573846559,0.00015386736693821055,695.2040212496989,0.15826962868186462
