,SF_val_drying_ratio,mineral_total,SF_val_fdi_alpha,SF_val_part_dens,SF_val_durat_slope
854,63097.38854520962,0.04701407645509024,0.0003568489949466518,804.342222230141,0.10186384654685127
