,SF_val_drying_ratio,mineral_total,SF_val_fdi_alpha,SF_val_part_dens,SF_val_durat_slope
3,76446.60714136546,0.0618312513363992,0.0004188440580357743,845.2984421895084,0.03824818827505627
