,SF_val_drying_ratio,mineral_total,SF_val_fdi_alpha,SF_val_part_dens,SF_val_durat_slope
213,67948.30630425063,0.08585604229175607,0.00044582318208872233,776.6832943447122,0.17187354667441204
