,SF_val_drying_ratio,mineral_total,SF_val_fdi_alpha,SF_val_part_dens,SF_val_durat_slope
301,22367.82445917071,0.08630599759937564,0.0006754570479021403,792.2149095098504,0.05468246687643568
