,SF_val_drying_ratio,mineral_total,SF_val_fdi_alpha,SF_val_part_dens,SF_val_durat_slope
674,72434.6234946005,0.03510275769570514,0.0004210829721945538,881.2459703473604,0.16153593357304807
