,SF_val_drying_ratio,mineral_total,SF_val_fdi_alpha,SF_val_part_dens,SF_val_durat_slope
664,67788.92990563375,0.07679900871745407,0.00023543953710610871,178.11567029353526,0.006652947640632623
