,SF_val_drying_ratio,mineral_total,SF_val_fdi_alpha,SF_val_part_dens,SF_val_durat_slope
487,36896.47089108566,0.04502737755063012,0.0007229356004553024,741.7369109002414,0.18674918042368938
