,SF_val_drying_ratio,mineral_total,SF_val_fdi_alpha,SF_val_part_dens,SF_val_durat_slope
419,28671.826411899416,0.0326815414446875,0.0007081550100745534,999.5700186574154,0.21359992574019349
