,SF_val_drying_ratio,mineral_total,SF_val_fdi_alpha,SF_val_part_dens,SF_val_durat_slope
261,19734.319096992906,0.04772861089927842,0.0007898318729720835,326.8265805471828,0.09939653180724878
