,SF_val_drying_ratio,mineral_total,SF_val_fdi_alpha,SF_val_part_dens,SF_val_durat_slope
424,53674.15769904584,0.015356789440331323,0.0002722975503171618,640.1467769822157,0.08237391263698979
