,SF_val_drying_ratio,mineral_total,SF_val_fdi_alpha,SF_val_part_dens,SF_val_durat_slope
685,50095.12406307841,0.07023906696162462,0.0008510009472305575,802.4008263043235,0.13487375684815248
