,SF_val_drying_ratio,mineral_total,SF_val_fdi_alpha,SF_val_part_dens,SF_val_durat_slope
167,18425.42086832021,0.01607519890181862,0.0006990288738709723,329.60077239438914,0.007174813130661684
