,SF_val_drying_ratio,mineral_total,SF_val_fdi_alpha,SF_val_part_dens,SF_val_durat_slope
866,4733.108437357274,0.08045687674029724,0.00030516398406306254,451.9762282832017,0.2741850004525025
