,SF_val_drying_ratio,mineral_total,SF_val_fdi_alpha,SF_val_part_dens,SF_val_durat_slope
240,52397.38071904598,0.02187747769087476,0.00018621701364543303,174.8030190215468,0.0717068700185669
