,SF_val_drying_ratio,mineral_total,SF_val_fdi_alpha,SF_val_part_dens,SF_val_durat_slope
763,68578.78806289262,0.049667146091053445,0.0007249001949003368,148.07230323873415,0.057446415167258486
