,SF_val_drying_ratio,mineral_total,SF_val_fdi_alpha,SF_val_part_dens,SF_val_durat_slope
904,38000.186840354305,0.019655743341744844,0.0005931848941791158,883.2592159463588,0.055917710487536534
