,SF_val_drying_ratio,mineral_total,SF_val_fdi_alpha,SF_val_part_dens,SF_val_durat_slope
885,27308.41653392393,0.010199795895269925,0.00011757534801076215,574.1013547016912,0.009370905422333676
