,SF_val_drying_ratio,mineral_total,SF_val_fdi_alpha,SF_val_part_dens,SF_val_durat_slope
892,12292.651162222592,0.02646368270180799,0.0007439126123264415,755.0337623725516,0.09845295475959866
