,SF_val_drying_ratio,mineral_total,SF_val_fdi_alpha,SF_val_part_dens,SF_val_durat_slope
52,71778.08923610962,0.0691850456442839,0.0008369151049260705,743.2466695842912,0.16972481321971203
