,SF_val_drying_ratio,mineral_total,SF_val_fdi_alpha,SF_val_part_dens,SF_val_durat_slope
778,23616.411569191616,0.07725810648055739,0.00023718046005807798,595.2961025166326,0.12678812216181268
