,SF_val_drying_ratio,mineral_total,SF_val_fdi_alpha,SF_val_part_dens,SF_val_durat_slope
72,14645.933165350869,0.010816845955153628,0.0003036233173168196,872.4422746854025,0.12469183752293143
