,SF_val_drying_ratio,mineral_total,SF_val_fdi_alpha,SF_val_part_dens,SF_val_durat_slope
813,44032.60576452909,0.07606831378510419,0.00041301457492072074,444.588756095844,0.04639454347908754
