,SF_val_drying_ratio,mineral_total,SF_val_fdi_alpha,SF_val_part_dens,SF_val_durat_slope
671,44463.62160469327,0.011913337786201673,0.0008178799134160128,639.6627360781591,0.11663997324305915
