,SF_val_drying_ratio,mineral_total,SF_val_fdi_alpha,SF_val_part_dens,SF_val_durat_slope
349,19768.279994286266,0.06608208542516518,0.0005537715265728577,753.2858085582924,0.08501746978016317
