,SF_val_drying_ratio,mineral_total,SF_val_fdi_alpha,SF_val_part_dens,SF_val_durat_slope
450,1243.073266293616,0.018786640103641908,0.0004294119641392807,664.3100181415675,0.3209651890095584
