,SF_val_drying_ratio,mineral_total,SF_val_fdi_alpha,SF_val_part_dens,SF_val_durat_slope
197,54764.03357688396,0.08069008156787146,0.0006244897906102201,569.4034261162984,0.04686471761625584
