,SF_val_drying_ratio,mineral_total,SF_val_fdi_alpha,SF_val_part_dens,SF_val_durat_slope
291,28654.924458237692,0.016428747903654083,0.0005828263845093043,619.0675744061032,0.09250517050201944
