,SF_val_drying_ratio,mineral_total,SF_val_fdi_alpha,SF_val_part_dens,SF_val_durat_slope
580,12727.305779648457,0.014113516392838688,0.0005325992370585899,396.4461835247496,0.11546365832851119
