,SF_val_drying_ratio,mineral_total,SF_val_fdi_alpha,SF_val_part_dens,SF_val_durat_slope
862,24233.907726011803,0.05854805939742551,0.000393249088516373,865.9261426642066,0.10661444074417009
