,SF_val_drying_ratio,mineral_total,SF_val_fdi_alpha,SF_val_part_dens,SF_val_durat_slope
600,64902.64467241723,0.029715585612474678,0.0003225781050786225,328.75631421748864,0.09062351698406342
