,SF_val_drying_ratio,mineral_total,SF_val_fdi_alpha,SF_val_part_dens,SF_val_durat_slope
770,5438.816299508058,0.06017094557086985,0.0005366260483348554,94.45514264347393,0.37319998939984794
