,SF_val_drying_ratio,mineral_total,SF_val_fdi_alpha,SF_val_part_dens,SF_val_durat_slope
266,40949.493240976226,0.0495144019370631,0.00029390654679318736,372.7456074174635,0.1166836807759729
