,SF_val_drying_ratio,mineral_total,SF_val_fdi_alpha,SF_val_part_dens,SF_val_durat_slope
651,16288.483147505087,0.03856148491354251,0.00025967473280657296,715.4034293257439,0.19975851145745444
