,SF_val_drying_ratio,mineral_total,SF_val_fdi_alpha,SF_val_part_dens,SF_val_durat_slope
765,20669.346638813317,0.032811639269045484,0.0008826819300426565,1094.8307713224756,0.174936142426993
