,SF_val_drying_ratio,mineral_total,SF_val_fdi_alpha,SF_val_part_dens,SF_val_durat_slope
732,29032.63075511244,0.05827732847639012,0.0005426382333933185,359.7716516843125,0.21430887161619905
