,SF_val_drying_ratio,mineral_total,SF_val_fdi_alpha,SF_val_part_dens,SF_val_durat_slope
190,18621.367433706746,0.026040939522360966,0.0006162648173474161,480.53021976549303,0.49830853055933766
