,SF_val_drying_ratio,mineral_total,SF_val_fdi_alpha,SF_val_part_dens,SF_val_durat_slope
589,25419.831279280766,0.021402821750295918,0.0007777046090441276,135.44639002711443,0.4495227864365407
