,SF_val_drying_ratio,mineral_total,SF_val_fdi_alpha,SF_val_part_dens,SF_val_durat_slope
535,66793.42811613687,0.06486792778358398,0.0004779045243535092,730.3141745190305,0.13343263572283168
