,SF_val_drying_ratio,mineral_total,SF_val_fdi_alpha,SF_val_part_dens,SF_val_durat_slope
312,21971.065016642886,0.038372373011630746,0.0004589037859092554,275.2273049473351,0.1705863277525202
