,SF_val_drying_ratio,mineral_total,SF_val_fdi_alpha,SF_val_part_dens,SF_val_durat_slope
5,4357.150706641558,0.08735979507926915,0.0006335595034827979,225.27121121104597,0.03688758111487028
