,SF_val_drying_ratio,mineral_total,SF_val_fdi_alpha,SF_val_part_dens,SF_val_durat_slope
635,8288.852538686511,0.03444597747897447,0.0005750890697386729,24.834288706606262,0.36881510210083723
