,SF_val_drying_ratio,mineral_total,SF_val_fdi_alpha,SF_val_part_dens,SF_val_durat_slope
377,19604.521877930405,0.09648595203378427,0.0005806268298089707,492.54401901307307,0.09954578913717747
