,SF_val_drying_ratio,mineral_total,SF_val_fdi_alpha,SF_val_part_dens,SF_val_durat_slope
1,27880.897810019775,0.0128545327887395,6.280337352827466,440.6875417447432,0.16987432468312946
