,SF_val_drying_ratio,mineral_total,SF_val_fdi_alpha,SF_val_part_dens,SF_val_durat_slope
251,51185.658127831535,0.05927532965242876,0.00035083011371360423,305.4062176681765,0.0482975214775897
