,SF_val_drying_ratio,mineral_total,SF_val_fdi_alpha,SF_val_part_dens,SF_val_durat_slope
560,57782.9813005484,0.0666572354933049,0.0005973104986022854,620.3202781016429,0.09809733350473122
