,SF_val_drying_ratio,mineral_total,SF_val_fdi_alpha,SF_val_part_dens,SF_val_durat_slope
605,27686.145764242243,0.07201602608429052,0.0005817319235366929,849.3587723568112,0.013552651959718488
