,SF_val_drying_ratio,mineral_total,SF_val_fdi_alpha,SF_val_part_dens,SF_val_durat_slope
343,19606.528958285402,0.07718597057720636,0.00015029418606209123,370.4063612361679,0.08047852410589831
