,SF_val_drying_ratio,mineral_total,SF_val_fdi_alpha,SF_val_part_dens,SF_val_durat_slope
570,25652.862197616163,0.09301334090869985,0.0004427352601230544,1169.90119914745,0.35776305644391343
