,SF_val_drying_ratio,mineral_total,SF_val_fdi_alpha,SF_val_part_dens,SF_val_durat_slope
891,11157.94506465389,0.09189871138056116,0.0005391134961355596,195.91054424481888,0.3936727300566939
