,SF_val_drying_ratio,mineral_total,SF_val_fdi_alpha,SF_val_part_dens,SF_val_durat_slope
215,9472.957171000717,0.014680874896183126,0.00010166722024586168,950.8450971225909,0.4215356094461453
