,SF_val_drying_ratio,mineral_total,SF_val_fdi_alpha,SF_val_part_dens,SF_val_durat_slope
653,32460.820407920397,0.06029768175767118,0.0008481469700438967,392.17380982312153,0.08225412400015636
