,SF_val_drying_ratio,mineral_total,SF_val_fdi_alpha,SF_val_part_dens,SF_val_durat_slope
585,5883.736210963523,0.05074904503191347,0.0007344662450968534,126.24905361312322,0.04455831365449647
