,SF_val_drying_ratio,mineral_total,SF_val_fdi_alpha,SF_val_part_dens,SF_val_durat_slope
721,43601.32243986021,0.038730916194854206,0.0007176450514809099,738.6360333094245,0.04957370195982069
