,SF_val_drying_ratio,mineral_total,SF_val_fdi_alpha,SF_val_part_dens,SF_val_durat_slope
717,50405.08778024834,0.08843538865728455,0.0007795946400188479,761.4794399768394,0.16207850972944082
