,SF_val_drying_ratio,mineral_total,SF_val_fdi_alpha,SF_val_part_dens,SF_val_durat_slope
863,10938.497875503866,0.09119858825920513,0.00023710561924996553,365.0518836170581,0.25733659543698784
