,SF_val_drying_ratio,mineral_total,SF_val_fdi_alpha,SF_val_part_dens,SF_val_durat_slope
20,10817.47597219011,0.023114482522484832,0.00023698968569101097,174.58561275728903,0.4160211737975028
