,SF_val_drying_ratio,mineral_total,SF_val_fdi_alpha,SF_val_part_dens,SF_val_durat_slope
187,52614.730105191826,0.03070493236580326,0.0008864018485657633,308.32922813012175,0.1769248790788176
