,SF_val_drying_ratio,mineral_total,SF_val_fdi_alpha,SF_val_part_dens,SF_val_durat_slope
629,2197.243576075655,0.05343605533461781,0.000202621755536138,313.99088368149785,0.013075779279875521
