,SF_val_drying_ratio,mineral_total,SF_val_fdi_alpha,SF_val_part_dens,SF_val_durat_slope
896,69835.30114682441,0.02588291136582483,0.0006821952720106636,571.7771288284383,0.0010534367820694834
