,SF_val_drying_ratio,mineral_total,SF_val_fdi_alpha,SF_val_part_dens,SF_val_durat_slope
143,4307.202640264691,0.07125532079731388,0.00030677322367975385,766.7243700795062,0.19577276432102558
