,SF_val_drying_ratio,mineral_total,SF_val_fdi_alpha,SF_val_part_dens,SF_val_durat_slope
571,11355.592901638938,0.04652194485641971,0.0004719232475434526,438.53001693590073,0.06473899635399989
