,SF_val_drying_ratio,mineral_total,SF_val_fdi_alpha,SF_val_part_dens,SF_val_durat_slope
534,70833.0634732724,0.036366232324354014,0.0006434923587425107,326.9748192150308,0.06496724748004001
