,SF_val_drying_ratio,mineral_total,SF_val_fdi_alpha,SF_val_part_dens,SF_val_durat_slope
967,37721.15960550298,0.03816670295356505,0.000787484464168894,679.0744029323664,0.188432790863606
