,SF_val_drying_ratio,mineral_total,SF_val_fdi_alpha,SF_val_part_dens,SF_val_durat_slope
131,64592.84768372181,0.01219901037902095,0.0008544391925590208,878.8006652479727,0.04668785028430398
