,SF_val_drying_ratio,mineral_total,SF_val_fdi_alpha,SF_val_part_dens,SF_val_durat_slope
299,3499.207533672631,0.06726117342054248,0.0006077182727187583,508.26497916897944,0.20186403538255288
