,SF_val_drying_ratio,mineral_total,SF_val_fdi_alpha,SF_val_part_dens,SF_val_durat_slope
645,4595.023607659069,0.08626952579670526,0.0007957072482937367,139.55058330392063,0.08539068593631449
