,SF_val_drying_ratio,mineral_total,SF_val_fdi_alpha,SF_val_part_dens,SF_val_durat_slope
286,32473.17204162985,0.0873842659525737,0.00024836155894471755,135.00984414843367,0.11623021219418093
