,SF_val_drying_ratio,mineral_total,SF_val_fdi_alpha,SF_val_part_dens,SF_val_durat_slope
174,13013.3950823454,0.05215283658494248,0.0005972246786550377,144.29783287946927,0.2211823052264027
