,SF_val_drying_ratio,mineral_total,SF_val_fdi_alpha,SF_val_part_dens,SF_val_durat_slope
864,26198.291142072667,0.09672249038093789,0.0002532671227196733,733.9125627298578,0.2545824740936295
