,SF_val_drying_ratio,mineral_total,SF_val_fdi_alpha,SF_val_part_dens,SF_val_durat_slope
607,13197.200039432004,0.09107931094371402,0.0002720092818498407,673.0406578592498,0.11889391736614736
