,SF_val_drying_ratio,mineral_total,SF_val_fdi_alpha,SF_val_part_dens,SF_val_durat_slope
540,21055.614577046956,0.06292228345183781,0.00047362428028739097,102.46438248314892,0.10921138095918537
