,SF_val_drying_ratio,mineral_total,SF_val_fdi_alpha,SF_val_part_dens,SF_val_durat_slope
522,37469.536072718176,0.09251553947134022,0.000795504089411839,520.932876280849,0.12772235719367728
