,SF_val_drying_ratio,mineral_total,SF_val_fdi_alpha,SF_val_part_dens,SF_val_durat_slope
259,65765.09824504281,0.02931387150385368,0.0006515000808073951,499.58758608776515,0.05702585401470648
