,SF_val_drying_ratio,mineral_total,SF_val_fdi_alpha,SF_val_part_dens,SF_val_durat_slope
300,55490.01462671155,0.09458278743788652,0.00046455130289882826,117.20614430637426,0.1728854003197846
