,SF_val_drying_ratio,mineral_total,SF_val_fdi_alpha,SF_val_part_dens,SF_val_durat_slope
551,54554.99433179237,0.07713516759437898,0.0006379136887796381,652.9796955867643,0.06643224220718058
