,SF_val_drying_ratio,mineral_total,SF_val_fdi_alpha,SF_val_part_dens,SF_val_durat_slope
836,9944.2256386273,0.01676860297370599,0.00033328319826871153,927.990882660603,0.06489345269471691
