,SF_val_drying_ratio,mineral_total,SF_val_fdi_alpha,SF_val_part_dens,SF_val_durat_slope
447,15667.857713783813,0.03211493416145666,0.000223496455857604,399.6304559022043,0.3626968988497754
