,SF_val_drying_ratio,mineral_total,SF_val_fdi_alpha,SF_val_part_dens,SF_val_durat_slope
457,2749.034826950625,0.07807790019228242,0.00024614026879584913,989.1040335867006,0.47958194068111565
