,SF_val_drying_ratio,mineral_total,SF_val_fdi_alpha,SF_val_part_dens,SF_val_durat_slope
602,37179.95560981597,0.019663529216257993,0.000613242852643573,820.9760339397562,0.0824112906553191
