,SF_val_drying_ratio,mineral_total,SF_val_fdi_alpha,SF_val_part_dens,SF_val_durat_slope
520,34605.59242567298,0.027276582603875943,0.0006304487544546662,821.5371391723579,0.16723143567135584
