,SF_val_drying_ratio,mineral_total,SF_val_fdi_alpha,SF_val_part_dens,SF_val_durat_slope
236,68512.94944887338,0.08737448238068661,0.0006029780308610387,347.8438522737191,0.10168801733984884
