,SF_val_drying_ratio,mineral_total,SF_val_fdi_alpha,SF_val_part_dens,SF_val_durat_slope
827,1561.8097096305955,0.07874622817335854,0.00080864352700345,756.3774959024115,0.4570809220359317
