,SF_val_drying_ratio,mineral_total,SF_val_fdi_alpha,SF_val_part_dens,SF_val_durat_slope
293,71880.42347208128,0.055086721329624055,0.000782497239155523,558.166113088341,0.19589787912298395
