,SF_val_drying_ratio,mineral_total,SF_val_fdi_alpha,SF_val_part_dens,SF_val_durat_slope
94,34890.18521133342,0.053721000593341485,0.0008711617580956612,319.5837294190052,0.04518088222837522
