,SF_val_drying_ratio,mineral_total,SF_val_fdi_alpha,SF_val_part_dens,SF_val_durat_slope
166,13007.201572354108,0.06774580756110274,0.0002305646887581319,1135.229849706478,0.04860737854716085
