,SF_val_drying_ratio,mineral_total,SF_val_fdi_alpha,SF_val_part_dens,SF_val_durat_slope
140,25598.224520704505,0.0525137104421412,0.00043509853503961773,215.7624829461605,0.04390177611978274
