,SF_val_drying_ratio,mineral_total,SF_val_fdi_alpha,SF_val_part_dens,SF_val_durat_slope
703,8316.125936449236,0.03297165840998572,0.0007073199375825949,56.46975148462108,0.06775366338242961
