,SF_val_drying_ratio,mineral_total,SF_val_fdi_alpha,SF_val_part_dens,SF_val_durat_slope
265,24694.200746176648,0.054218380036071864,0.0006433166369393483,332.70841889591145,0.19792208847879653
