,SF_val_drying_ratio,mineral_total,SF_val_fdi_alpha,SF_val_part_dens,SF_val_durat_slope
564,12197.710192680395,0.07616639165712107,0.0008446353051887397,442.85222844262887,0.23046862293515957
