,SF_val_drying_ratio,mineral_total,SF_val_fdi_alpha,SF_val_part_dens,SF_val_durat_slope
816,40237.74788428529,0.08965404689672762,0.00020718859216416207,204.37428860382153,0.18828165383916745
