,SF_val_drying_ratio,mineral_total,SF_val_fdi_alpha,SF_val_part_dens,SF_val_durat_slope
586,43799.47896612033,0.07794647591411119,0.0003540017369789442,123.4741473103183,0.09627354415381871
