,SF_val_drying_ratio,mineral_total,SF_val_fdi_alpha,SF_val_part_dens,SF_val_durat_slope
235,25977.136995856978,0.09896683600188508,0.0006042997577126737,719.1818306658291,0.48950282457391525
