,SF_val_drying_ratio,mineral_total,SF_val_fdi_alpha,SF_val_part_dens,SF_val_durat_slope
619,29413.092691078407,0.0351849391631003,0.00035132642150916894,780.1498325604204,0.13680954244179275
