,SF_val_drying_ratio,mineral_total,SF_val_fdi_alpha,SF_val_part_dens,SF_val_durat_slope
399,27774.335534650323,0.047447043293270624,0.00013854600963123735,97.41494416979519,0.036887672793407045
