,SF_val_drying_ratio,mineral_total,SF_val_fdi_alpha,SF_val_part_dens,SF_val_durat_slope
837,15708.769911937976,0.0832330968377113,0.000677933081924918,612.7014248277502,0.095240403161442
