,SF_val_drying_ratio,mineral_total,SF_val_fdi_alpha,SF_val_part_dens,SF_val_durat_slope
20,34721.7117668109,0.0943926333611561,0.0007974675315397462,485.29691387065947,0.06446100247441074
