,SF_val_drying_ratio,mineral_total,SF_val_fdi_alpha,SF_val_part_dens,SF_val_durat_slope
1110,78750.32202155024,0.08509016568387535,0.0006045520657968301,443.15037118709245,0.15253158285625787
