,SF_val_drying_ratio,mineral_total,SF_val_fdi_alpha,SF_val_part_dens,SF_val_durat_slope
674,3280.3011862556273,0.08769874473821673,0.0005778510893532879,41.49896162486965,0.13819506291109818
