,SF_val_drying_ratio,mineral_total,SF_val_fdi_alpha,SF_val_part_dens,SF_val_durat_slope
19,17728.424790086094,0.046854699840893195,7.1699406502297975,303.8956018965238,0.09490006569537815
