,SF_val_drying_ratio,mineral_total,SF_val_fdi_alpha,SF_val_part_dens,SF_val_durat_slope
525,57717.404490645225,0.04591905651356493,0.0008413005547866484,644.9700795583262,0.1650706103478684
