,SF_val_drying_ratio,mineral_total,SF_val_fdi_alpha,SF_val_part_dens,SF_val_durat_slope
258,39948.0183446327,0.07258386029071978,0.0007732300310517483,235.4984153361317,0.07240098763010998
