,SF_val_drying_ratio,mineral_total,SF_val_fdi_alpha,SF_val_part_dens,SF_val_durat_slope
639,29910.331128381596,0.08092109945822196,0.000825625871136049,1110.6811627603713,0.08820848854553559
