,SF_val_drying_ratio,mineral_total,SF_val_fdi_alpha,SF_val_part_dens,SF_val_durat_slope
856,77896.43809111752,0.059105036605359006,0.0008650587485394088,211.49578735223722,0.01853075450417303
