,SF_val_drying_ratio,mineral_total,SF_val_fdi_alpha,SF_val_part_dens,SF_val_durat_slope
946,13443.07937933218,0.04321930670904163,0.00028155556028480803,382.80012092264394,0.20066802403597678
