,SF_val_drying_ratio,mineral_total,SF_val_fdi_alpha,SF_val_part_dens,SF_val_durat_slope
812,67993.2661465171,0.05202240108134216,0.00013827049256854825,289.69540690975333,0.015986039255728526
