,SF_val_drying_ratio,mineral_total,SF_val_fdi_alpha,SF_val_part_dens,SF_val_durat_slope
336,30835.658177917507,0.06360481963432357,0.00017288873311725663,343.8853260236463,0.11800207730771205
