,SF_val_drying_ratio,mineral_total,SF_val_fdi_alpha,SF_val_part_dens,SF_val_durat_slope
331,19402.803279368523,0.06465809127778305,0.00022420873584513856,1118.276862500539,0.24956052081717361
