,SF_val_drying_ratio,mineral_total,SF_val_fdi_alpha,SF_val_part_dens,SF_val_durat_slope
438,29423.044093122928,0.03474267347087397,0.0007434760452258454,478.22012115447836,0.05025401504271017
