,SF_val_drying_ratio,mineral_total,SF_val_fdi_alpha,SF_val_part_dens,SF_val_durat_slope
296,28409.644116377527,0.09213231642554312,0.000763557637846657,1192.515948562909,0.4171268248891214
