,SF_val_drying_ratio,mineral_total,SF_val_fdi_alpha,SF_val_part_dens,SF_val_durat_slope
294,14535.498152944412,0.05204931809689046,0.0003141951821387149,977.8383270111079,0.3168078262609334
