,SF_val_drying_ratio,mineral_total,SF_val_fdi_alpha,SF_val_part_dens,SF_val_durat_slope
757,41343.794907532254,0.0969877770310647,0.00046015914999794887,693.950215276905,0.15013446314337886
