,SF_val_drying_ratio,mineral_total,SF_val_fdi_alpha,SF_val_part_dens,SF_val_durat_slope
303,71675.37588901198,0.07673299145789612,0.0005695589165775749,860.3174963602034,0.1114179850029285
