,SF_val_drying_ratio,mineral_total,SF_val_fdi_alpha,SF_val_part_dens,SF_val_durat_slope
390,8468.30280006705,0.07026741329260672,0.00033244725407833317,399.6072952460265,0.14380415804838909
