,SF_val_drying_ratio,mineral_total,SF_val_fdi_alpha,SF_val_part_dens,SF_val_durat_slope
768,57868.190909124765,0.058997022755166544,0.0007085332364900307,668.4746001470445,0.01196724924875785
