,SF_val_drying_ratio,mineral_total,SF_val_fdi_alpha,SF_val_part_dens,SF_val_durat_slope
668,77532.21337508578,0.07295079353497731,0.0006568610394647022,781.465529751802,0.10931964305947489
