,SF_val_drying_ratio,mineral_total,SF_val_fdi_alpha,SF_val_part_dens,SF_val_durat_slope
321,6558.476114567639,0.05303400896075689,0.0003305957883575645,557.8669713257293,0.4824508891403203
