,SF_val_drying_ratio,mineral_total,SF_val_fdi_alpha,SF_val_part_dens,SF_val_durat_slope
469,42048.007318998294,0.07148301196132621,0.0007159310624797195,506.9797922440912,0.13705566993631949
