,SF_val_drying_ratio,mineral_total,SF_val_fdi_alpha,SF_val_part_dens,SF_val_durat_slope
953,57313.973476204075,0.09530244045398883,0.0003045353723535782,439.7039105538484,0.1071541908520995
