,SF_val_drying_ratio,mineral_total,SF_val_fdi_alpha,SF_val_part_dens,SF_val_durat_slope
306,78911.83240193682,0.050021527855575613,0.00012416805918486195,557.1345102361703,0.022271081967392983
