,SF_val_drying_ratio,mineral_total,SF_val_fdi_alpha,SF_val_part_dens,SF_val_durat_slope
518,7307.701813593447,0.056294243501278464,0.0005578428711644709,415.4191004345471,0.04703859491575113
