,SF_val_drying_ratio,mineral_total,SF_val_fdi_alpha,SF_val_part_dens,SF_val_durat_slope
906,21482.167296575055,0.026583689026242197,0.0001485789684215023,437.59879944521504,0.007918343269544681
