,SF_val_drying_ratio,mineral_total,SF_val_fdi_alpha,SF_val_part_dens,SF_val_durat_slope
635,30605.002780903247,0.035988104426232355,0.00026277173298659196,907.8784849019859,0.10781765856916972
