,SF_val_drying_ratio,mineral_total,SF_val_fdi_alpha,SF_val_part_dens,SF_val_durat_slope
410,70392.0811532208,0.013981657217251493,0.0003357755569599547,500.21107438654684,0.16895783079560733
