,SF_val_drying_ratio,mineral_total,SF_val_fdi_alpha,SF_val_part_dens,SF_val_durat_slope
270,37751.44438895992,0.01854564455182138,0.0007817298385766165,802.1609736853087,0.14146188761418796
