,SF_val_drying_ratio,mineral_total,SF_val_fdi_alpha,SF_val_part_dens,SF_val_durat_slope
700,2203.2064844202528,0.06906073321403106,0.0007127219482924814,502.2038277823723,0.35055412744225184
