,SF_val_drying_ratio,mineral_total,SF_val_fdi_alpha,SF_val_part_dens,SF_val_durat_slope
179,21203.696321241077,0.05376435288266679,0.00023500428632674912,866.2941162242593,0.03531836971444663
