,SF_val_drying_ratio,mineral_total,SF_val_fdi_alpha,SF_val_part_dens,SF_val_durat_slope
289,66240.79594964429,0.08771629327697893,0.0007420328745932909,547.3232965560763,0.10744214381761868
