,SF_val_drying_ratio,mineral_total,SF_val_fdi_alpha,SF_val_part_dens,SF_val_durat_slope
508,63334.294268336496,0.09381274966218098,0.0005870607955165656,428.6845197401936,0.11591999640950285
