,SF_val_drying_ratio,mineral_total,SF_val_fdi_alpha,SF_val_part_dens,SF_val_durat_slope
432,12143.23646495016,0.041264332050368016,0.0008260387550303991,92.2021807222167,0.33696104497277607
