,SF_val_drying_ratio,mineral_total,SF_val_fdi_alpha,SF_val_part_dens,SF_val_durat_slope
745,17752.51321833181,0.08889580194999731,0.0005268166345486112,304.9439036807374,0.07168687445873818
