,SF_val_drying_ratio,mineral_total,SF_val_fdi_alpha,SF_val_part_dens,SF_val_durat_slope
227,5896.580351725228,0.03660417834265984,0.00025702779843057193,788.919791865156,0.2870455757816947
