,SF_val_drying_ratio,mineral_total,SF_val_fdi_alpha,SF_val_part_dens,SF_val_durat_slope
681,16032.924279938095,0.017881294562207058,0.0005965325377288719,524.1564681219363,0.04134932339030006
