,SF_val_drying_ratio,mineral_total,SF_val_fdi_alpha,SF_val_part_dens,SF_val_durat_slope
106,16177.718513319563,0.07705337571600594,0.00035609180085194444,550.7910385140102,0.10340857540039278
