,SF_val_drying_ratio,mineral_total,SF_val_fdi_alpha,SF_val_part_dens,SF_val_durat_slope
917,22994.904899018908,0.08915821025004446,0.0006687206846973295,744.3338819023204,0.28749884128261943
