,SF_val_drying_ratio,mineral_total,SF_val_fdi_alpha,SF_val_part_dens,SF_val_durat_slope
890,47903.70398335901,0.050394704934319294,0.0002765300323230573,419.41366013531456,0.04485697871434183
