,SF_val_drying_ratio,mineral_total,SF_val_fdi_alpha,SF_val_part_dens,SF_val_durat_slope
1015,55424.38152454527,0.0902500779662841,0.0008672965381290118,740.6491805742686,0.06561258582543264
