,SF_val_drying_ratio,mineral_total,SF_val_fdi_alpha,SF_val_part_dens,SF_val_durat_slope
424,8593.436120315037,0.031214581214654778,0.00042454735147420933,864.1143706639812,0.41814558964857595
