,SF_val_drying_ratio,mineral_total,SF_val_fdi_alpha,SF_val_part_dens,SF_val_durat_slope
388,49029.23624459565,0.051648535749561714,0.00021583110118608733,681.5439795989004,0.1473313950789464
