,SF_val_drying_ratio,mineral_total,SF_val_fdi_alpha,SF_val_part_dens,SF_val_durat_slope
238,61359.86324177985,0.08481235704440836,0.0007474450612508969,332.39326602990405,0.00684800276477604
