,SF_val_drying_ratio,mineral_total,SF_val_fdi_alpha,SF_val_part_dens,SF_val_durat_slope
463,23214.97320883778,0.08445175429007108,0.00017378867850809901,406.86343162043215,0.029330320678055688
