,SF_val_drying_ratio,mineral_total,SF_val_fdi_alpha,SF_val_part_dens,SF_val_durat_slope
81,68605.7505653377,0.0154786100717439,0.0005007702101727431,404.1446317741783,0.03877215810283883
