,SF_val_drying_ratio,mineral_total,SF_val_fdi_alpha,SF_val_part_dens,SF_val_durat_slope
148,66166.50732138188,0.07580002069480639,0.0005628459221872278,606.0230170092989,0.0045782988962176805
