,SF_val_drying_ratio,mineral_total,SF_val_fdi_alpha,SF_val_part_dens,SF_val_durat_slope
688,3197.174476021697,0.011359938004431568,0.0005637934589090601,423.79553589881135,0.3570445294153515
