,SF_val_drying_ratio,mineral_total,SF_val_fdi_alpha,SF_val_part_dens,SF_val_durat_slope
364,29073.970032614696,0.06666285079836125,0.0003929695946574298,794.2872529020133,0.1778460937435012
