,SF_val_drying_ratio,mineral_total,SF_val_fdi_alpha,SF_val_part_dens,SF_val_durat_slope
101,23267.99899498853,0.06477469950700172,0.0008294631441534511,114.15167244900412,0.05339654418101736
