,SF_val_drying_ratio,mineral_total,SF_val_fdi_alpha,SF_val_part_dens,SF_val_durat_slope
845,12879.420320323727,0.033920137911924816,0.0004833012174959669,329.5890067634001,0.19825730468717218
