,SF_val_drying_ratio,mineral_total,SF_val_fdi_alpha,SF_val_part_dens,SF_val_durat_slope
789,69289.2084324692,0.09806424219070961,0.0008092998938212495,453.40359433531904,0.05267775879074426
