,SF_val_drying_ratio,mineral_total,SF_val_fdi_alpha,SF_val_part_dens,SF_val_durat_slope
790,26121.734808394616,0.0139865345314335,0.00020782362010584148,664.4242090106818,0.15038679109448
