,SF_val_drying_ratio,mineral_total,SF_val_fdi_alpha,SF_val_part_dens,SF_val_durat_slope
86,26312.872094011847,0.02438939304956323,0.0004619262717196438,782.9897516579688,0.11933219391121475
