,SF_val_drying_ratio,mineral_total,SF_val_fdi_alpha,SF_val_part_dens,SF_val_durat_slope
598,75196.13421899549,0.020182503351760014,0.0008830910567727744,578.5521655234128,0.16489933542404994
