,SF_val_drying_ratio,mineral_total,SF_val_fdi_alpha,SF_val_part_dens,SF_val_durat_slope
695,25014.71365716601,0.03498800784173726,0.0006405705927115085,684.3552278253585,0.1247373626469997
