,SF_val_drying_ratio,mineral_total,SF_val_fdi_alpha,SF_val_part_dens,SF_val_durat_slope
786,63854.42068252084,0.051992709448297536,0.0006380018831653978,554.3333459228801,0.031490693916712886
