,SF_val_drying_ratio,mineral_total,SF_val_fdi_alpha,SF_val_part_dens,SF_val_durat_slope
774,19626.845762194764,0.07301597972689713,0.0006763045218328942,670.9625981971253,0.11503803665601885
