,SF_val_drying_ratio,mineral_total,SF_val_fdi_alpha,SF_val_part_dens,SF_val_durat_slope
759,28194.494278199858,0.06184294254967051,0.0006326608832316137,386.9582806320483,0.26749591662062144
