,SF_val_drying_ratio,mineral_total,SF_val_fdi_alpha,SF_val_part_dens,SF_val_durat_slope
95,74345.7813594648,0.023015177937118363,0.0008401538560698197,365.6304630576131,0.11062942325237746
