,SF_val_drying_ratio,mineral_total,SF_val_fdi_alpha,SF_val_part_dens,SF_val_durat_slope
514,17299.53245630567,0.02578784328893091,0.0001775848118515188,930.9345993401291,0.1634322092433878
