,SF_val_drying_ratio,mineral_total,SF_val_fdi_alpha,SF_val_part_dens,SF_val_durat_slope
454,28896.276164881026,0.0710240504618752,0.0005514655645863356,249.85833026906485,0.27816544615592054
