,SF_val_drying_ratio,mineral_total,SF_val_fdi_alpha,SF_val_part_dens,SF_val_durat_slope
241,27688.308240032115,0.06552744626983023,0.00011426204095573907,709.0260756517437,0.1552070774967994
