,SF_val_drying_ratio,mineral_total,SF_val_fdi_alpha,SF_val_part_dens,SF_val_durat_slope
882,63812.92416407226,0.03449125997827019,0.0008432499786927526,181.72015010603644,0.08082715507836202
