,SF_val_drying_ratio,mineral_total,SF_val_fdi_alpha,SF_val_part_dens,SF_val_durat_slope
49,17966.49068893209,0.04539855652000193,0.00014301604206484823,156.09502090646632,0.031224633977971317
