,SF_val_drying_ratio,mineral_total,SF_val_fdi_alpha,SF_val_part_dens,SF_val_durat_slope
262,42714.65861193575,0.03199826992019855,0.0006748733492590055,700.7623852662786,0.053150251472869406
