,SF_val_drying_ratio,mineral_total,SF_val_fdi_alpha,SF_val_part_dens,SF_val_durat_slope
461,18482.713622546704,0.06359150404990177,0.0006611243641166738,234.24941663053397,0.13293805476899634
