,SF_val_drying_ratio,mineral_total,SF_val_fdi_alpha,SF_val_part_dens,SF_val_durat_slope
658,65208.170339711025,0.0388280553269393,0.0002757276771747744,630.9232441764707,0.16383153843171339
