,SF_val_drying_ratio,mineral_total,SF_val_fdi_alpha,SF_val_part_dens,SF_val_durat_slope
788,78210.23624027574,0.09374371942075262,0.0005895598076624667,819.9562911656927,0.14777082802627392
