,SF_val_drying_ratio,mineral_total,SF_val_fdi_alpha,SF_val_part_dens,SF_val_durat_slope
922,30763.746025006563,0.06454381969828937,0.0006582341455696096,773.9561066584924,0.16061846019421996
