,SF_val_drying_ratio,mineral_total,SF_val_fdi_alpha,SF_val_part_dens,SF_val_durat_slope
501,7639.863132163613,0.02793100394636267,0.0004013826046960467,432.10213253106446,0.1622392432471595
