,SF_val_drying_ratio,mineral_total,SF_val_fdi_alpha,SF_val_part_dens,SF_val_durat_slope
676,10297.332118535143,0.04869633881262233,0.0007104646201217688,47.3509774888157,0.10460956923004994
