,SF_val_drying_ratio,mineral_total,SF_val_fdi_alpha,SF_val_part_dens,SF_val_durat_slope
878,50788.500916077886,0.04181056338620851,0.0008925168795601107,279.78549354001,0.115025233285712
