,SF_val_drying_ratio,mineral_total,SF_val_fdi_alpha,SF_val_part_dens,SF_val_durat_slope
38,15558.974124517843,0.055761536323443175,0.00042190739910286345,719.1543672642977,0.035545265725169584
