,SF_val_drying_ratio,mineral_total,SF_val_fdi_alpha,SF_val_part_dens,SF_val_durat_slope
822,23071.989892980404,0.06896216649475317,0.0008178733969939386,402.18470595307286,0.09379930616380945
