,SF_val_drying_ratio,mineral_total,SF_val_fdi_alpha,SF_val_part_dens,SF_val_durat_slope
579,29437.307644697117,0.029657654908056955,0.000821001859630053,1125.47434263946,0.07753300595324514
