,SF_val_drying_ratio,mineral_total,SF_val_fdi_alpha,SF_val_part_dens,SF_val_durat_slope
25,22012.481654817162,0.04705462528480544,0.00037310974337791206,570.7228697872014,0.11154063392366409
