,SF_val_drying_ratio,mineral_total,SF_val_fdi_alpha,SF_val_part_dens,SF_val_durat_slope
144,25613.83505562721,0.03145712249814184,0.0002794207358659368,126.21005704399097,0.015603575004955073
