,SF_val_drying_ratio,mineral_total,SF_val_fdi_alpha,SF_val_part_dens,SF_val_durat_slope
818,28704.84614021382,0.0996489186172403,0.0007295955523250433,566.26655673573,0.02818729562457234
