,SF_val_drying_ratio,mineral_total,SF_val_fdi_alpha,SF_val_part_dens,SF_val_durat_slope
430,47300.09668179097,0.09560424177511077,0.0002669090145729931,617.9799647438998,0.01842655722703439
