,SF_val_drying_ratio,mineral_total,SF_val_fdi_alpha,SF_val_part_dens,SF_val_durat_slope
8,54969.28972440633,0.022956871549574567,0.0008065964224246691,826.3375280359604,0.04900925780321075
