,SF_val_drying_ratio,mineral_total,SF_val_fdi_alpha,SF_val_part_dens,SF_val_durat_slope
879,78143.62691766013,0.04946788527076418,0.0007754000295891512,472.21436999781,0.1169260075625813
