,SF_val_drying_ratio,mineral_total,SF_val_fdi_alpha,SF_val_part_dens,SF_val_durat_slope
478,49251.86214877304,0.06211362158669933,0.0007328692144170201,418.49479840205055,0.036814380966733375
