,SF_val_drying_ratio,mineral_total,SF_val_fdi_alpha,SF_val_part_dens,SF_val_durat_slope
333,6448.78868639094,0.08317089301050835,0.0008951936935047302,115.03470558084058,0.28751375451304495
