,SF_val_drying_ratio,mineral_total,SF_val_fdi_alpha,SF_val_part_dens,SF_val_durat_slope
92,13185.297247412434,0.041872801706007705,0.0004585616529511231,930.1951037809515,0.25520182752107834
