,SF_val_drying_ratio,mineral_total,SF_val_fdi_alpha,SF_val_part_dens,SF_val_durat_slope
351,34386.232303304554,0.017645292387701975,0.0004713740644151905,727.4818330055335,0.15412660247971735
