,SF_val_drying_ratio,mineral_total,SF_val_fdi_alpha,SF_val_part_dens,SF_val_durat_slope
800,36867.05185089495,0.057269901752862395,0.0008819576490193014,801.7826466500554,0.14440940983456557
