,SF_val_drying_ratio,mineral_total,SF_val_fdi_alpha,SF_val_part_dens,SF_val_durat_slope
213,29088.980278590432,0.05574842821811112,0.0005216673123195707,538.7417634500428,0.3958290586370365
