,SF_val_drying_ratio,mineral_total,SF_val_fdi_alpha,SF_val_part_dens,SF_val_durat_slope
476,49357.15742873053,0.011088417010987514,0.0002771899341244574,879.8719596396704,0.014719042902343894
