,SF_val_drying_ratio,mineral_total,SF_val_fdi_alpha,SF_val_part_dens,SF_val_durat_slope
1008,12243.5434256078,0.06240813760347724,0.0005077626082918332,218.77713910905322,0.16940347613354154
