,SF_val_drying_ratio,mineral_total,SF_val_fdi_alpha,SF_val_part_dens,SF_val_durat_slope
845,11329.499460447301,0.026635626318039042,0.0006785639743109447,638.4997989366035,0.10870187851934787
