,SF_val_drying_ratio,mineral_total,SF_val_fdi_alpha,SF_val_part_dens,SF_val_durat_slope
391,6010.299357229378,0.03449836445632695,0.00043960974361447174,1106.7166259632897,0.26054202594186504
