,SF_val_drying_ratio,mineral_total,SF_val_fdi_alpha,SF_val_part_dens,SF_val_durat_slope
833,68482.00070433602,0.03718493732127453,0.00044700352559561723,181.08367836786488,0.06527180871309952
