,SF_val_drying_ratio,mineral_total,SF_val_fdi_alpha,SF_val_part_dens,SF_val_durat_slope
690,29831.586426594487,0.013849795582787237,0.00028467302414814154,922.3833787688134,0.07603033268588183
