,SF_val_drying_ratio,mineral_total,SF_val_fdi_alpha,SF_val_part_dens,SF_val_durat_slope
935,42574.34912703025,0.025237321874059027,0.0004046386180150017,835.3845365225163,0.09303631063390452
