,SF_val_drying_ratio,mineral_total,SF_val_fdi_alpha,SF_val_part_dens,SF_val_durat_slope
111,76459.39684600478,0.012539656071723096,0.0007383851925473604,872.9931227482824,0.17115024071142468
