,SF_val_drying_ratio,mineral_total,SF_val_fdi_alpha,SF_val_part_dens,SF_val_durat_slope
63,54098.798255791764,0.028859238123902835,0.0005094149926221065,821.0486187080916,0.10703239886868657
