,SF_val_drying_ratio,mineral_total,SF_val_fdi_alpha,SF_val_part_dens,SF_val_durat_slope
979,14700.352500051027,0.05975764189291677,0.00033882173487488545,197.69054656388607,0.06306272603605055
