,SF_val_drying_ratio,mineral_total,SF_val_fdi_alpha,SF_val_part_dens,SF_val_durat_slope
853,30427.067193040195,0.010090077930449913,0.0008157387680552607,546.3177032449431,0.18915031448832334
