,SF_val_drying_ratio,mineral_total,SF_val_fdi_alpha,SF_val_part_dens,SF_val_durat_slope
938,65759.78618767159,0.02133612836043216,0.0005768410053738354,223.78224687780533,0.10815894969477252
