,SF_val_drying_ratio,mineral_total,SF_val_fdi_alpha,SF_val_part_dens,SF_val_durat_slope
880,74844.48048297799,0.09715990176814061,0.0006867387344299243,413.69142758051066,0.05314281226871953
