,SF_val_drying_ratio,mineral_total,SF_val_fdi_alpha,SF_val_part_dens,SF_val_durat_slope
249,22813.01780107361,0.08984245154851946,0.00012966993236010235,472.5096306342,0.4978397275211851
