,SF_val_drying_ratio,mineral_total,SF_val_fdi_alpha,SF_val_part_dens,SF_val_durat_slope
472,4536.798156963663,0.08304785546057178,0.0006789899269187291,434.4432750739983,0.20048094526089505
