,SF_val_drying_ratio,mineral_total,SF_val_fdi_alpha,SF_val_part_dens,SF_val_durat_slope
339,12694.942466243196,0.04627229492031925,0.0006468313535048557,646.9266920085654,0.09450268509406834
