,SF_val_drying_ratio,mineral_total,SF_val_fdi_alpha,SF_val_part_dens,SF_val_durat_slope
741,70377.94357784535,0.0350047438700617,0.0005670494085230299,103.70129480069218,0.10720039311591006
