,SF_val_drying_ratio,mineral_total,SF_val_fdi_alpha,SF_val_part_dens,SF_val_durat_slope
644,28012.327863213373,0.021442491806560285,0.0002781971920271087,221.92331484198417,0.027410077699634484
