,SF_val_drying_ratio,mineral_total,SF_val_fdi_alpha,SF_val_part_dens,SF_val_durat_slope
956,49594.14278242737,0.012461145433842045,0.0007871612115369117,508.0265065506086,0.026107033843521022
