,SF_val_drying_ratio,mineral_total,SF_val_fdi_alpha,SF_val_part_dens,SF_val_durat_slope
868,10389.092402699252,0.04236413151490794,0.0003794896208447909,273.2505729858106,0.10931591384368977
