,SF_val_drying_ratio,mineral_total,SF_val_fdi_alpha,SF_val_part_dens,SF_val_durat_slope
39,38670.12186755752,0.08119456875281553,0.0008417963706196019,761.8192811364244,0.13088227743460465
