,SF_val_drying_ratio,mineral_total,SF_val_fdi_alpha,SF_val_part_dens,SF_val_durat_slope
56,78240.283020963,0.09896532574594043,0.0006415663028792645,100.83333519914156,0.17284636232120615
