,SF_val_drying_ratio,mineral_total,SF_val_fdi_alpha,SF_val_part_dens,SF_val_durat_slope
144,24655.666193932062,0.0902647982191396,0.00014191752570902238,752.2315593350354,0.19752073185375946
