,SF_val_drying_ratio,mineral_total,SF_val_fdi_alpha,SF_val_part_dens,SF_val_durat_slope
429,50575.74845753579,0.05830544193339292,0.0004056672460766214,242.5252216281895,0.08268603627503679
