,SF_val_drying_ratio,mineral_total,SF_val_fdi_alpha,SF_val_part_dens,SF_val_durat_slope
411,46680.3784526649,0.07875732867914532,0.00020851409987275558,550.0049150341055,0.013360697530921485
