,SF_val_drying_ratio,mineral_total,SF_val_fdi_alpha,SF_val_part_dens,SF_val_durat_slope
415,4143.466383132077,0.016517550931743674,0.00027642185441836267,1079.7587622817919,0.27935509876365505
