,SF_val_drying_ratio,mineral_total,SF_val_fdi_alpha,SF_val_part_dens,SF_val_durat_slope
214,70045.44189595524,0.07096634059272398,0.0006444067871272933,812.1866856820142,0.11937162353927351
