,SF_val_drying_ratio,mineral_total,SF_val_fdi_alpha,SF_val_part_dens,SF_val_durat_slope
673,1090.194546663753,0.029236117605191785,0.00034717745218370796,53.90793375612246,0.000274882474309901
