,SF_val_drying_ratio,mineral_total,SF_val_fdi_alpha,SF_val_part_dens,SF_val_durat_slope
738,2066.737676507819,0.024803160865545383,0.0006833739767974407,267.40729451709535,0.13598868703999406
