,SF_val_drying_ratio,mineral_total,SF_val_fdi_alpha,SF_val_part_dens,SF_val_durat_slope
1100,78150.65008123741,0.03237894830845802,0.0005411129526510644,568.7471560147285,0.03632762252350454
