,SF_val_drying_ratio,mineral_total,SF_val_fdi_alpha,SF_val_part_dens,SF_val_durat_slope
0,45461.591197246365,0.07998718596588224,0.0002331401822133161,770.0542933336562,0.19842948312767714
