,SF_val_drying_ratio,mineral_total,SF_val_fdi_alpha,SF_val_part_dens,SF_val_durat_slope
955,29221.719149562232,0.06894042990339481,0.00045084615903902427,879.4119386239483,0.07386126824160658
