,SF_val_drying_ratio,mineral_total,SF_val_fdi_alpha,SF_val_part_dens,SF_val_durat_slope
750,49606.15421112825,0.01340221272983921,0.0008028804427383788,630.6174365090337,0.032460022041784664
