,SF_val_drying_ratio,mineral_total,SF_val_fdi_alpha,SF_val_part_dens,SF_val_durat_slope
684,35834.862204712,0.0403822344968258,0.0005485227201976191,483.02826294312706,0.09122304011084173
