,SF_val_drying_ratio,mineral_total,SF_val_fdi_alpha,SF_val_part_dens,SF_val_durat_slope
118,34481.82003371742,0.09430826700955271,0.0005940726910256235,263.1228606853714,0.081903223587419
