,SF_val_drying_ratio,mineral_total,SF_val_fdi_alpha,SF_val_part_dens,SF_val_durat_slope
120,16909.264937438893,0.08826873655451713,0.0006423233826878294,910.7957678752947,0.3192113692060612
