,SF_val_drying_ratio,mineral_total,SF_val_fdi_alpha,SF_val_part_dens,SF_val_durat_slope
692,13650.78220206233,0.051566127923465765,0.00010582317298713049,112.613222676145,0.13568788109803803
