,SF_val_drying_ratio,mineral_total,SF_val_fdi_alpha,SF_val_part_dens,SF_val_durat_slope
758,15407.585349116933,0.07301901598738109,0.0008653331604441773,641.9924133956913,0.005587494567014906
