,SF_val_drying_ratio,mineral_total,SF_val_fdi_alpha,SF_val_part_dens,SF_val_durat_slope
646,46085.25758197668,0.09621938662050875,0.0007886334902948882,757.9674836409794,0.09620565217583409
