,SF_val_drying_ratio,mineral_total,SF_val_fdi_alpha,SF_val_part_dens,SF_val_durat_slope
31,10789.02737994052,0.049153553642585356,0.000800728849687817,1063.0383709989396,0.03749284908756467
