,SF_val_drying_ratio,mineral_total,SF_val_fdi_alpha,SF_val_part_dens,SF_val_durat_slope
446,20111.87323515848,0.034039225817544774,0.000288964200671533,643.251491983673,0.23921879521016015
