,SF_val_drying_ratio,mineral_total,SF_val_fdi_alpha,SF_val_part_dens,SF_val_durat_slope
987,33665.55574058126,0.0282712257346254,0.0005340343803338789,486.52033002159584,0.10526193591480187
