,SF_val_drying_ratio,mineral_total,SF_val_fdi_alpha,SF_val_part_dens,SF_val_durat_slope
500,77499.36845204598,0.04733787602216245,0.0007377890456913973,695.9968321357863,0.09074165087744045
