,SF_val_drying_ratio,mineral_total,SF_val_fdi_alpha,SF_val_part_dens,SF_val_durat_slope
37,28049.934514879053,0.031681989391340676,0.00019330514924564406,405.1899169663632,0.08276212278276283
