,SF_val_drying_ratio,mineral_total,SF_val_fdi_alpha,SF_val_part_dens,SF_val_durat_slope
850,38749.67091452651,0.09305916083000432,0.0002153422331261219,353.1843616620867,0.01880983964714127
