,SF_val_drying_ratio,mineral_total,SF_val_fdi_alpha,SF_val_part_dens,SF_val_durat_slope
881,15873.393097173595,0.039604636633778924,0.0003683453551917586,1051.709710054978,0.3568299289072797
