,SF_val_drying_ratio,mineral_total,SF_val_fdi_alpha,SF_val_part_dens,SF_val_durat_slope
870,3635.001859578564,0.05410423911604705,0.0008484083982254495,111.7561879777617,0.021302074629860557
