,SF_val_drying_ratio,mineral_total,SF_val_fdi_alpha,SF_val_part_dens,SF_val_durat_slope
773,24401.281006047706,0.017049966698016734,0.0006198830993380856,184.88825202785446,0.38852660499568464
