,SF_val_drying_ratio,mineral_total,SF_val_fdi_alpha,SF_val_part_dens,SF_val_durat_slope
490,14908.34676172367,0.0960699249377355,0.00014367085941827443,860.9230630260436,0.3207617122730698
