,SF_val_drying_ratio,mineral_total,SF_val_fdi_alpha,SF_val_part_dens,SF_val_durat_slope
31,67244.7757600562,0.06580307039028824,0.0007573696483339078,319.5240012458327,0.08473404433607803
