,SF_val_drying_ratio,mineral_total,SF_val_fdi_alpha,SF_val_part_dens,SF_val_durat_slope
330,6849.681299009495,0.07667922042044704,0.0005737987679117711,395.9585873927059,0.43850708471492866
