,SF_val_drying_ratio,mineral_total,SF_val_fdi_alpha,SF_val_part_dens,SF_val_durat_slope
810,30589.237462243185,0.0936920739964803,0.0008862464347725446,111.6031306067258,0.014912938809073163
