,SF_val_drying_ratio,mineral_total,SF_val_fdi_alpha,SF_val_part_dens,SF_val_durat_slope
324,8405.921490028883,0.04232983125719796,0.0004208011592124495,791.0221052868891,0.4889144498987378
