,SF_val_drying_ratio,mineral_total,SF_val_fdi_alpha,SF_val_part_dens,SF_val_durat_slope
708,11524.12764830658,0.08800302157464764,0.0004092581028934497,684.6732119684262,0.17731293169744397
