,SF_val_drying_ratio,mineral_total,SF_val_fdi_alpha,SF_val_part_dens,SF_val_durat_slope
821,34610.34481253159,0.013499462603110579,0.0008465262768680799,463.8596402551186,0.027795036134722253
