,SF_val_drying_ratio,mineral_total,SF_val_fdi_alpha,SF_val_part_dens,SF_val_durat_slope
867,74956.84005757413,0.022474547092385354,0.0005906671199630053,639.9657419883584,0.16944539129165137
