,SF_val_drying_ratio,mineral_total,SF_val_fdi_alpha,SF_val_part_dens,SF_val_durat_slope
121,33173.29935259094,0.029677121387401487,0.00042541208158340145,564.2054781171264,0.14060141614184712
