,SF_val_drying_ratio,mineral_total,SF_val_fdi_alpha,SF_val_part_dens,SF_val_durat_slope
569,11433.61079922378,0.04862767472804548,0.0007693535827312354,835.3866428737514,0.020987924998624674
