,SF_val_drying_ratio,mineral_total,SF_val_fdi_alpha,SF_val_part_dens,SF_val_durat_slope
434,29705.812159998477,0.0856894010881019,0.0003728736648160883,1077.1735594612906,0.08368865759701649
