,SF_val_drying_ratio,mineral_total,SF_val_fdi_alpha,SF_val_part_dens,SF_val_durat_slope
117,18466.203220426574,0.013419294194428775,0.0005999194130552484,621.3367038841676,0.032362106610929975
