,SF_val_drying_ratio,mineral_total,SF_val_fdi_alpha,SF_val_part_dens,SF_val_durat_slope
191,14490.001284879338,0.010164007980387336,0.0006063215784360411,400.31801957379304,0.36288204738887714
