,SF_val_drying_ratio,mineral_total,SF_val_fdi_alpha,SF_val_part_dens,SF_val_durat_slope
273,8847.804212791252,0.011127190174630153,0.0003418373567471285,387.7803165798726,0.28035274607906907
