,SF_val_drying_ratio,mineral_total,SF_val_fdi_alpha,SF_val_part_dens,SF_val_durat_slope
440,7262.560279605804,0.08739170518955101,0.0005989890974097447,246.13995491677002,0.2202836662438551
