,SF_val_drying_ratio,mineral_total,SF_val_fdi_alpha,SF_val_part_dens,SF_val_durat_slope
332,33528.741627814816,0.010282068350956974,0.0008090341882430134,642.6807087929991,0.06968597385715498
