,SF_val_drying_ratio,mineral_total,SF_val_fdi_alpha,SF_val_part_dens,SF_val_durat_slope
22,21440.506553762105,0.09538062402407776,0.0007043444722918088,940.2520523695007,0.1789712285300476
