,SF_val_drying_ratio,mineral_total,SF_val_fdi_alpha,SF_val_part_dens,SF_val_durat_slope
598,2477.760386312399,0.028358328753576106,0.0004314302203654918,464.4977203453154,0.45899569647116106
