,SF_val_drying_ratio,mineral_total,SF_val_fdi_alpha,SF_val_part_dens,SF_val_durat_slope
326,6912.850866974912,0.0893913961794752,0.0005722140805808283,489.49639468916655,0.2106313001042175
