,SF_val_drying_ratio,mineral_total,SF_val_fdi_alpha,SF_val_part_dens,SF_val_durat_slope
920,17562.05841543667,0.024561173340175983,0.00022314346465249712,908.862645158302,0.02697171600274986
