,SF_val_drying_ratio,mineral_total,SF_val_fdi_alpha,SF_val_part_dens,SF_val_durat_slope
46,2567.104552878187,0.06400404526705092,0.0008929439860848413,705.8599895780227,0.16016544459029874
