,SF_val_drying_ratio,mineral_total,SF_val_fdi_alpha,SF_val_part_dens,SF_val_durat_slope
121,12579.461555119136,0.029061334628209548,0.0006297127352820695,865.8886435853577,0.32954792525980553
