,SF_val_drying_ratio,mineral_total,SF_val_fdi_alpha,SF_val_part_dens,SF_val_durat_slope
619,16842.091095040603,0.07173648412806002,0.00017489387041544005,847.8812394178177,0.05401245873776245
