,SF_val_drying_ratio,mineral_total,SF_val_fdi_alpha,SF_val_part_dens,SF_val_durat_slope
850,18254.152314483897,0.09931141186421237,0.00032790408636354344,306.153190299057,0.29891387250956575
