,SF_val_drying_ratio,mineral_total,SF_val_fdi_alpha,SF_val_part_dens,SF_val_durat_slope
841,77740.70695417642,0.040228597156834765,0.00025521706601690724,373.7908302903426,0.12649844828658138
