,SF_val_drying_ratio,mineral_total,SF_val_fdi_alpha,SF_val_part_dens,SF_val_durat_slope
735,16724.01950372787,0.02074858424569833,0.0008866229318255565,822.727404024178,0.4690160103436987
