,SF_val_drying_ratio,mineral_total,SF_val_fdi_alpha,SF_val_part_dens,SF_val_durat_slope
416,38578.681703384435,0.026781375356234857,0.00042323523589824814,194.62525958498034,0.1266087229591619
