,SF_val_drying_ratio,mineral_total,SF_val_fdi_alpha,SF_val_part_dens,SF_val_durat_slope
743,40472.559824682394,0.08991848964742363,0.0005206703167874723,333.9765127583733,0.12100006430468274
