,SF_val_drying_ratio,mineral_total,SF_val_fdi_alpha,SF_val_part_dens,SF_val_durat_slope
998,15568.729763731611,0.03407171310559669,0.0007054529614967907,756.9703903578752,0.1904881330358804
