,SF_val_drying_ratio,mineral_total,SF_val_fdi_alpha,SF_val_part_dens,SF_val_durat_slope
930,53156.672123801145,0.06670963760676239,0.0005904755617337427,843.9538062632922,0.05624851155548954
