,SF_val_drying_ratio,mineral_total,SF_val_fdi_alpha,SF_val_part_dens,SF_val_durat_slope
280,34147.722792816676,0.0423525134063645,0.00034051951322685463,804.1570596166338,0.04096214941420831
