,SF_val_drying_ratio,mineral_total,SF_val_fdi_alpha,SF_val_part_dens,SF_val_durat_slope
937,11221.336139535215,0.03679476920257971,0.0005529681459225618,991.3119758700998,0.04006647950572345
