,SF_val_drying_ratio,mineral_total,SF_val_fdi_alpha,SF_val_part_dens,SF_val_durat_slope
478,5950.250811555721,0.010784924870475436,0.0007527703077274727,564.168999986128,0.09214979871012441
