,SF_val_drying_ratio,mineral_total,SF_val_fdi_alpha,SF_val_part_dens,SF_val_durat_slope
409,21648.423985733,0.0658055210097964,0.0001527269557715428,307.44741874481576,0.4827804935541005
