,SF_val_drying_ratio,mineral_total,SF_val_fdi_alpha,SF_val_part_dens,SF_val_durat_slope
248,14148.884369445237,0.05658615285647516,0.0008657348670665204,193.02905482551307,0.4105758972860138
