,SF_val_drying_ratio,mineral_total,SF_val_fdi_alpha,SF_val_part_dens,SF_val_durat_slope
19,9757.011586421182,0.0916709021957724,0.0007797726250007062,944.6893168498251,0.1946972095769623
