,SF_val_drying_ratio,mineral_total,SF_val_fdi_alpha,SF_val_part_dens,SF_val_durat_slope
760,40005.881813961474,0.09740253001216063,0.00012485448213933186,900.7590945205434,0.003572177791851772
