,SF_val_drying_ratio,mineral_total,SF_val_fdi_alpha,SF_val_part_dens,SF_val_durat_slope
615,12149.229345934084,0.07579534913582353,0.0002655004332508888,827.1691606807058,0.07622091830987349
