,SF_val_drying_ratio,mineral_total,SF_val_fdi_alpha,SF_val_part_dens,SF_val_durat_slope
59,74134.60623241591,0.07228834823169603,0.0008079637168602275,877.5467472750048,0.00895177743530422
