,SF_val_drying_ratio,mineral_total,SF_val_fdi_alpha,SF_val_part_dens,SF_val_durat_slope
4,77740.54466069704,0.016626596036979656,0.0004406575522799105,869.769436222616,0.15207254793583302
