,SF_val_drying_ratio,mineral_total,SF_val_fdi_alpha,SF_val_part_dens,SF_val_durat_slope
610,25533.533881470754,0.09508083643281665,0.00020690360212826295,644.8512836380303,0.4053361054324728
