,SF_val_drying_ratio,mineral_total,SF_val_fdi_alpha,SF_val_part_dens,SF_val_durat_slope
585,47724.502449270185,0.04568324965548999,0.0008814401032530754,303.12910354254086,0.19885437488706595
