,SF_val_drying_ratio,mineral_total,SF_val_fdi_alpha,SF_val_part_dens,SF_val_durat_slope
353,5248.42668998295,0.041573469662256946,0.0006457016639290231,879.3051995207912,0.16490666882123428
