,SF_val_drying_ratio,mineral_total,SF_val_fdi_alpha,SF_val_part_dens,SF_val_durat_slope
256,26974.92664756335,0.09300755667496996,0.0005087388789716283,119.05676568759273,0.14139905474000058
