,SF_val_drying_ratio,mineral_total,SF_val_fdi_alpha,SF_val_part_dens,SF_val_durat_slope
73,51179.39625342757,0.06722595770915087,0.00031996067564172594,510.5507654321372,0.000597256598324658
