,SF_val_drying_ratio,mineral_total,SF_val_fdi_alpha,SF_val_part_dens,SF_val_durat_slope
764,26487.815540130785,0.08849653164573963,0.0004096813435696834,738.1751107446524,0.3616851396903023
