,SF_val_drying_ratio,mineral_total,SF_val_fdi_alpha,SF_val_part_dens,SF_val_durat_slope
264,28225.176461803967,0.08531129790734206,0.00022483610175735684,331.3876122444789,0.23635998155820703
