,SF_val_drying_ratio,mineral_total,SF_val_fdi_alpha,SF_val_part_dens,SF_val_durat_slope
548,22281.886034218733,0.06506409850573242,0.0005149190059543116,665.27493255999,0.17022743221759848
