,SF_val_drying_ratio,mineral_total,SF_val_fdi_alpha,SF_val_part_dens,SF_val_durat_slope
651,63055.595373418604,0.09719348350726374,0.0005381296556624526,678.4825088069986,0.01017537634186343
