,SF_val_drying_ratio,mineral_total,SF_val_fdi_alpha,SF_val_part_dens,SF_val_durat_slope
294,76174.00380793904,0.024624487767589753,0.0007196061513547176,852.9236459100792,0.15525542673391748
