,SF_val_drying_ratio,mineral_total,SF_val_fdi_alpha,SF_val_part_dens,SF_val_durat_slope
696,44931.23972565831,0.03742457613130135,0.0005116961706603872,98.36997243882504,0.033894086297925945
