,SF_val_drying_ratio,mineral_total,SF_val_fdi_alpha,SF_val_part_dens,SF_val_durat_slope
249,13116.193395126913,0.03635827266478042,0.00018109982318840014,624.2596471367476,0.13377671823278753
