,SF_val_drying_ratio,mineral_total,SF_val_fdi_alpha,SF_val_part_dens,SF_val_durat_slope
222,19544.363884328726,0.06189708557675752,0.00078469194534732,370.6515012155561,0.018859296672249462
