,SF_val_drying_ratio,mineral_total,SF_val_fdi_alpha,SF_val_part_dens,SF_val_durat_slope
678,24180.12851114173,0.09968375765064531,0.00047137540641333577,781.9145027479228,0.1812561067624807
