,SF_val_drying_ratio,mineral_total,SF_val_fdi_alpha,SF_val_part_dens,SF_val_durat_slope
942,28751.522711798778,0.07778303942538481,0.0002353281579569292,1197.796038775007,0.46014057383185974
