,SF_val_drying_ratio,mineral_total,SF_val_fdi_alpha,SF_val_part_dens,SF_val_durat_slope
892,10601.684552863866,0.05552048693974973,0.0002788490563318691,808.7296480952423,0.2646295517404082
