,SF_val_drying_ratio,mineral_total,SF_val_fdi_alpha,SF_val_part_dens,SF_val_durat_slope
167,9490.57874385931,0.031089394226914917,0.000138567381106263,408.4953608274574,0.06870001611599946
