,SF_val_drying_ratio,mineral_total,SF_val_fdi_alpha,SF_val_part_dens,SF_val_durat_slope
542,20902.63498295076,0.08707149718765021,0.0008514274526696427,929.5366544407209,0.20621872713867306
