,SF_val_drying_ratio,mineral_total,SF_val_fdi_alpha,SF_val_part_dens,SF_val_durat_slope
716,27925.839613688287,0.01742663516666112,0.000867967287841539,547.1123708541148,0.3651738268210143
