,SF_val_drying_ratio,mineral_total,SF_val_fdi_alpha,SF_val_part_dens,SF_val_durat_slope
859,55738.43214521752,0.031407393681817164,0.00018470166366998936,504.10570464873535,0.0602214087869398
