,SF_val_drying_ratio,mineral_total,SF_val_fdi_alpha,SF_val_part_dens,SF_val_durat_slope
7,27335.613036671202,0.07563225075060441,0.0005837876529083637,290.380353865438,0.05895812880334467
