,SF_val_drying_ratio,mineral_total,SF_val_fdi_alpha,SF_val_part_dens,SF_val_durat_slope
175,57004.1879380625,0.032704765522490895,0.0004353894602015339,204.63868310798625,0.19275803301428684
