,SF_val_drying_ratio,mineral_total,SF_val_fdi_alpha,SF_val_part_dens,SF_val_durat_slope
677,13899.296913503516,0.029462822640322288,0.00043276305857959334,1199.1175722441853,0.05097391166964066
