,SF_val_drying_ratio,mineral_total,SF_val_fdi_alpha,SF_val_part_dens,SF_val_durat_slope
502,25918.57760178224,0.020456708246261,0.000773821995950991,822.7334609052529,0.21649228404835785
