,SF_val_drying_ratio,mineral_total,SF_val_fdi_alpha,SF_val_part_dens,SF_val_durat_slope
372,18668.92065607509,0.029888408604064352,0.0007804738954191462,779.8114256520447,0.09770353991294148
