,SF_val_drying_ratio,mineral_total,SF_val_fdi_alpha,SF_val_part_dens,SF_val_durat_slope
817,24111.8485814989,0.05401934262998893,0.00026326820861033456,11.288084635734121,0.15628509291411075
