,SF_val_drying_ratio,mineral_total,SF_val_fdi_alpha,SF_val_part_dens,SF_val_durat_slope
710,21881.866497750507,0.040545287575810114,0.00041381855785717055,724.422522363025,0.13617874209770256
