,SF_val_drying_ratio,mineral_total,SF_val_fdi_alpha,SF_val_part_dens,SF_val_durat_slope
287,29217.621076515963,0.05923642005681766,0.0004785657326294053,104.23321601567166,0.045466028741225455
