,SF_val_drying_ratio,mineral_total,SF_val_fdi_alpha,SF_val_part_dens,SF_val_durat_slope
971,78273.33915780355,0.05216633256299449,0.00023011361316249132,633.0674831231437,0.009941728079151857
