,SF_val_drying_ratio,mineral_total,SF_val_fdi_alpha,SF_val_part_dens,SF_val_durat_slope
204,43278.96295599504,0.03841519211674091,0.000455582424648444,866.3509876212114,0.06263004284498588
