,SF_val_drying_ratio,mineral_total,SF_val_fdi_alpha,SF_val_part_dens,SF_val_durat_slope
116,6027.1906288245455,0.08730263891400084,0.00048360219943944426,613.8632935523613,0.2221010623315
