,SF_val_drying_ratio,mineral_total,SF_val_fdi_alpha,SF_val_part_dens,SF_val_durat_slope
858,51909.089775543944,0.035523326282141096,0.00013768782402826655,257.43278551788643,0.0026178648723138576
