,SF_val_drying_ratio,mineral_total,SF_val_fdi_alpha,SF_val_part_dens,SF_val_durat_slope
886,32606.577710861588,0.09153860484502857,0.0006197094656382618,167.94608296522586,0.17143956054477733
