,SF_val_drying_ratio,mineral_total,SF_val_fdi_alpha,SF_val_part_dens,SF_val_durat_slope
939,41161.60675967484,0.02065028492852436,0.0006655222503043441,574.4752143333936,0.10838872867823256
