,SF_val_drying_ratio,mineral_total,SF_val_fdi_alpha,SF_val_part_dens,SF_val_durat_slope
66,76538.9482290219,0.017738400205887614,0.00026040034201325397,288.9327078418089,0.10446785506222077
