,SF_val_drying_ratio,mineral_total,SF_val_fdi_alpha,SF_val_part_dens,SF_val_durat_slope
59,14790.064647111745,0.06801209503018757,0.0002735654276130231,964.5726628921394,0.2151079781093278
