,SF_val_drying_ratio,mineral_total,SF_val_fdi_alpha,SF_val_part_dens,SF_val_durat_slope
682,45178.859823423605,0.040371285696092545,0.0003844038580280831,340.72979167327645,0.11125232683224114
