,SF_val_drying_ratio,mineral_total,SF_val_fdi_alpha,SF_val_part_dens,SF_val_durat_slope
922,27363.20785825191,0.03972072739357264,0.0005613660947237111,135.14333665437,0.23088270464745253
