,SF_val_drying_ratio,mineral_total,SF_val_fdi_alpha,SF_val_part_dens,SF_val_durat_slope
14,19142.116822891592,0.07866231938957667,1.7418839529936325,467.22721707104176,0.1314121417861192
