,SF_val_drying_ratio,mineral_total,SF_val_fdi_alpha,SF_val_part_dens,SF_val_durat_slope
762,12163.924922202983,0.037831718954989,0.00011323494074167951,346.18999294407456,0.18265104983909236
