,SF_val_drying_ratio,mineral_total,SF_val_fdi_alpha,SF_val_part_dens,SF_val_durat_slope
60,74489.98613485953,0.08390642002377861,0.00030192260753323535,702.2101013764808,0.08756089200481953
