,SF_val_drying_ratio,mineral_total,SF_val_fdi_alpha,SF_val_part_dens,SF_val_durat_slope
661,28730.873279214917,0.0818403187149143,0.00045595633724485426,598.2757004973002,0.4443006876917314
