,SF_val_drying_ratio,mineral_total,SF_val_fdi_alpha,SF_val_part_dens,SF_val_durat_slope
897,24431.83172001996,0.09838579577832131,0.0005036010936726543,485.4337575665713,0.18423598929547821
