,SF_val_drying_ratio,mineral_total,SF_val_fdi_alpha,SF_val_part_dens,SF_val_durat_slope
735,61638.55696396416,0.09031518061006445,0.00042287180616868846,570.4909176632415,0.13298350452981506
