,SF_val_drying_ratio,mineral_total,SF_val_fdi_alpha,SF_val_part_dens,SF_val_durat_slope
890,19743.58724238138,0.0996985152154374,0.0006652859103977514,317.947740304375,0.32915512799540214
