,SF_val_drying_ratio,mineral_total,SF_val_fdi_alpha,SF_val_part_dens,SF_val_durat_slope
436,16046.78410096102,0.05142562183210167,0.0007267408760765704,268.454030567669,0.005246771571510489
