,SF_val_drying_ratio,mineral_total,SF_val_fdi_alpha,SF_val_part_dens,SF_val_durat_slope
765,64130.507016421216,0.05517877101538246,0.000781950795691716,661.5432024617993,0.18367360098229205
