,SF_val_drying_ratio,mineral_total,SF_val_fdi_alpha,SF_val_part_dens,SF_val_durat_slope
295,47380.27319154345,0.04069677226696752,0.00020964323331586129,545.9576748484551,0.17539395395078256
