,SF_val_drying_ratio,mineral_total,SF_val_fdi_alpha,SF_val_part_dens,SF_val_durat_slope
10,17637.249738017592,0.05268782311996216,0.00010528554332461698,126.82864899276697,0.0988661036165891
