,SF_val_drying_ratio,mineral_total,SF_val_fdi_alpha,SF_val_part_dens,SF_val_durat_slope
504,16613.409931951464,0.03521318175236822,0.0002735484191682725,786.7887133057196,0.4053058460154404
