,SF_val_drying_ratio,mineral_total,SF_val_fdi_alpha,SF_val_part_dens,SF_val_durat_slope
977,74990.8970820009,0.044013989758545084,0.0006832115981741598,698.7946282944804,0.17869453900367033
