,SF_val_drying_ratio,mineral_total,SF_val_fdi_alpha,SF_val_part_dens,SF_val_durat_slope
390,12099.81067510321,0.03637747355069434,0.0006861937109606123,781.6447721019291,0.03820856399757014
