,SF_val_drying_ratio,mineral_total,SF_val_fdi_alpha,SF_val_part_dens,SF_val_durat_slope
69,17524.06563636034,0.09626081308622338,0.0007163807635925627,541.6956956358767,0.3521294072883804
