,SF_val_drying_ratio,mineral_total,SF_val_fdi_alpha,SF_val_part_dens,SF_val_durat_slope
152,24728.73972810812,0.04400061361473512,0.0007486628578931946,992.1610919652184,0.3185748923653076
