,SF_val_drying_ratio,mineral_total,SF_val_fdi_alpha,SF_val_part_dens,SF_val_durat_slope
1077,32260.387536649832,0.0512154676571914,0.00067418741556156,123.48614691437888,0.010283169467331744
