,SF_val_drying_ratio,mineral_total,SF_val_fdi_alpha,SF_val_part_dens,SF_val_durat_slope
205,24401.64655466483,0.030418819391978102,0.00013976505596366095,633.6208579952366,0.06132223619047113
