,SF_val_drying_ratio,mineral_total,SF_val_fdi_alpha,SF_val_part_dens,SF_val_durat_slope
237,10265.216613573662,0.08837123724580646,0.0006557131438347592,802.6547018238147,0.15656253565628342
