,SF_val_drying_ratio,mineral_total,SF_val_fdi_alpha,SF_val_part_dens,SF_val_durat_slope
233,9856.548060046045,0.038217882720897656,0.0005558400487113406,488.96876229025287,0.40709948164591986
