,SF_val_drying_ratio,mineral_total,SF_val_fdi_alpha,SF_val_part_dens,SF_val_durat_slope
799,25605.49813819601,0.07443986106342657,0.00010019458203146936,41.382380379484246,0.45449759760337044
