,SF_val_drying_ratio,mineral_total,SF_val_fdi_alpha,SF_val_part_dens,SF_val_durat_slope
881,45128.19924150931,0.05166980886353266,0.0007134142479668353,619.738897751157,0.15767005080691338
