,SF_val_drying_ratio,mineral_total,SF_val_fdi_alpha,SF_val_part_dens,SF_val_durat_slope
690,20328.221052675864,0.047302644395496696,0.0002451692774723778,663.1662970456961,0.09417753869994111
