,SF_val_drying_ratio,mineral_total,SF_val_fdi_alpha,SF_val_part_dens,SF_val_durat_slope
854,27805.092397867043,0.07740060371267926,0.0003378969887420423,251.18641667693103,0.41808513855700435
