,SF_val_drying_ratio,mineral_total,SF_val_fdi_alpha,SF_val_part_dens,SF_val_durat_slope
135,14649.931469521114,0.07664686583517114,0.00037982459856096784,959.6260331092926,0.17587567700768025
