,SF_val_drying_ratio,mineral_total,SF_val_fdi_alpha,SF_val_part_dens,SF_val_durat_slope
680,25757.83738423812,0.0425425966921824,0.00084342572720462,448.9813996834837,0.4438169251126035
