,SF_val_drying_ratio,mineral_total,SF_val_fdi_alpha,SF_val_part_dens,SF_val_durat_slope
601,18824.677830475353,0.025934306696342675,0.0007704417279831538,742.0323624074313,0.2919042982582118
