,SF_val_drying_ratio,mineral_total,SF_val_fdi_alpha,SF_val_part_dens,SF_val_durat_slope
370,24479.26813051892,0.07412746569233339,0.0006045282081662196,802.0975978020962,0.1861416428906549
