,SF_val_drying_ratio,mineral_total,SF_val_fdi_alpha,SF_val_part_dens,SF_val_durat_slope
670,27022.623887871363,0.027987042604869262,0.0004646459930892758,192.52790681592242,0.44129781238709126
