,SF_val_drying_ratio,mineral_total,SF_val_fdi_alpha,SF_val_part_dens,SF_val_durat_slope
609,53103.11536972909,0.029502248364121866,0.00015725958775714897,95.20686571167325,0.009843984927689321
