,SF_val_drying_ratio,mineral_total,SF_val_fdi_alpha,SF_val_part_dens,SF_val_durat_slope
514,68732.57970722922,0.03303252105673164,0.0002537052432293603,257.72140249115654,0.099778574873995
