,SF_val_drying_ratio,mineral_total,SF_val_fdi_alpha,SF_val_part_dens,SF_val_durat_slope
240,22992.370227591968,0.05967894215905422,0.0007035605468410479,962.9547707301969,0.34942662741706404
