,SF_val_drying_ratio,mineral_total,SF_val_fdi_alpha,SF_val_part_dens,SF_val_durat_slope
516,63768.834406400434,0.07812341382129859,0.0008523359575416548,725.4188968751339,0.18749556120829486
