,SF_val_drying_ratio,mineral_total,SF_val_fdi_alpha,SF_val_part_dens,SF_val_durat_slope
313,67082.8084874211,0.041138624123126286,0.00012061004335320372,481.0593765352801,0.014901410353010137
