,SF_val_drying_ratio,mineral_total,SF_val_fdi_alpha,SF_val_part_dens,SF_val_durat_slope
145,12762.66642411101,0.07079462101611085,0.0008744275281671738,1157.821528212445,0.47489896865154957
