,SF_val_drying_ratio,mineral_total,SF_val_fdi_alpha,SF_val_part_dens,SF_val_durat_slope
793,46068.21250003001,0.07653256574959916,0.00014792879115274024,145.471679938427,0.17324032967087552
