,SF_val_drying_ratio,mineral_total,SF_val_fdi_alpha,SF_val_part_dens,SF_val_durat_slope
22,41949.08095967114,0.037812069050843465,0.00011040932961122057,130.84825773745945,0.12236310089308439
