,SF_val_drying_ratio,mineral_total,SF_val_fdi_alpha,SF_val_part_dens,SF_val_durat_slope
733,17385.36409723334,0.04656933950526835,0.0002150210144834901,49.73927590663452,0.3908900075210685
