,SF_val_drying_ratio,mineral_total,SF_val_fdi_alpha,SF_val_part_dens,SF_val_durat_slope
727,14129.014435235513,0.050604270502662016,0.0006194138938723686,44.340941823659264,0.3413313016623064
