,SF_val_drying_ratio,mineral_total,SF_val_fdi_alpha,SF_val_part_dens,SF_val_durat_slope
154,16351.871538029174,0.09509952080849599,0.00044592813883542504,46.39467501491023,0.13517653587367667
