,SF_val_drying_ratio,mineral_total,SF_val_fdi_alpha,SF_val_part_dens,SF_val_durat_slope
872,34170.07521955689,0.013810776529624353,0.0005960383643503132,284.5056290522693,0.09952058698494098
