,SF_val_drying_ratio,mineral_total,SF_val_fdi_alpha,SF_val_part_dens,SF_val_durat_slope
779,24231.022669176382,0.014224184202729855,0.0004991189775256328,244.64471719434582,0.2481394885377225
