,SF_val_drying_ratio,mineral_total,SF_val_fdi_alpha,SF_val_part_dens,SF_val_durat_slope
770,11482.200568415963,0.045994530266632964,0.0002258692771847281,456.00477857886193,0.10116857449384944
