,SF_val_drying_ratio,mineral_total,SF_val_fdi_alpha,SF_val_part_dens,SF_val_durat_slope
466,60290.29478167197,0.04894745998889921,0.0004102436726507848,285.3041416609635,0.049309029491607426
