,SF_val_drying_ratio,mineral_total,SF_val_fdi_alpha,SF_val_part_dens,SF_val_durat_slope
813,25574.551359549012,0.0830065283026156,0.0008100097827274164,785.2561685718381,0.14000427803619586
