,SF_val_drying_ratio,mineral_total,SF_val_fdi_alpha,SF_val_part_dens,SF_val_durat_slope
395,10768.780084244394,0.07680344827721153,0.0008722087370461117,1037.919976070335,0.47358951120254317
