,SF_val_drying_ratio,mineral_total,SF_val_fdi_alpha,SF_val_part_dens,SF_val_durat_slope
321,78394.18051455285,0.02947357050421738,0.0005234465295657887,258.26789040081684,0.013955317952479685
