,SF_val_drying_ratio,mineral_total,SF_val_fdi_alpha,SF_val_part_dens,SF_val_durat_slope
996,79720.86929354594,0.022513082541252123,0.0008697449145573852,433.3460887845517,0.12435228479977972
