,SF_val_drying_ratio,mineral_total,SF_val_fdi_alpha,SF_val_part_dens,SF_val_durat_slope
342,40011.84713596353,0.053419675032924746,0.00022206057200248964,789.4977103671847,0.019444174612499723
