,SF_val_drying_ratio,mineral_total,SF_val_fdi_alpha,SF_val_part_dens,SF_val_durat_slope
407,19962.08921453885,0.028932561248649687,0.00045972695084841296,1171.9405225333182,0.303740831139344
