,SF_val_drying_ratio,mineral_total,SF_val_fdi_alpha,SF_val_part_dens,SF_val_durat_slope
676,29737.889989088013,0.054102582227698474,0.00034559673067707846,482.17993256717523,0.09661874776426903
