,SF_val_drying_ratio,mineral_total,SF_val_fdi_alpha,SF_val_part_dens,SF_val_durat_slope
632,5903.23791382709,0.0987161717818746,0.00022355183065435867,257.4555555150082,0.31888746763900755
