,SF_val_drying_ratio,mineral_total,SF_val_fdi_alpha,SF_val_part_dens,SF_val_durat_slope
528,23810.70485043672,0.06648784479173744,0.0001000717728820514,838.4733617783705,0.46587196646154805
