,SF_val_drying_ratio,mineral_total,SF_val_fdi_alpha,SF_val_part_dens,SF_val_durat_slope
486,18465.01893749162,0.08898141021728068,0.0004640332498044312,833.3990549111347,0.054725494359205
