,SF_val_drying_ratio,mineral_total,SF_val_fdi_alpha,SF_val_part_dens,SF_val_durat_slope
597,24856.734604593483,0.038933975896585496,0.0003325613469133714,570.0182303069796,0.05507053962146807
