,SF_val_drying_ratio,mineral_total,SF_val_fdi_alpha,SF_val_part_dens,SF_val_durat_slope
797,79463.52673743668,0.05595244596984942,0.000698237871458633,412.44298576484164,0.060802060554125764
