,SF_val_drying_ratio,mineral_total,SF_val_fdi_alpha,SF_val_part_dens,SF_val_durat_slope
552,11221.694950771327,0.027011212226250518,0.0007675891250689227,777.169824134001,0.09271123967683798
