,SF_val_drying_ratio,mineral_total,SF_val_fdi_alpha,SF_val_part_dens,SF_val_durat_slope
221,23243.837095075618,0.043915133639001395,0.0008080295352520553,352.8606848598888,0.08420275502214525
