,SF_val_drying_ratio,mineral_total,SF_val_fdi_alpha,SF_val_part_dens,SF_val_durat_slope
758,18969.715964000716,0.05800468565057379,0.000765083613818945,624.8819016622372,0.015431238861954655
