,SF_val_drying_ratio,mineral_total,SF_val_fdi_alpha,SF_val_part_dens,SF_val_durat_slope
495,11644.520551778705,0.07669935566743646,0.0006187718722091521,510.63179706114795,0.42501868917412744
