,SF_val_drying_ratio,mineral_total,SF_val_fdi_alpha,SF_val_part_dens,SF_val_durat_slope
161,29198.374257104282,0.07584992505117107,0.000399870178537142,407.42301338813064,0.4651915103789149
