,SF_val_drying_ratio,mineral_total,SF_val_fdi_alpha,SF_val_part_dens,SF_val_durat_slope
413,20930.19048811658,0.07072026912902274,0.00034624873122567025,888.7439748770479,0.17328993853451502
