,SF_val_drying_ratio,mineral_total,SF_val_fdi_alpha,SF_val_part_dens,SF_val_durat_slope
29,13444.531101551134,0.02534677275640912,0.0008787575851494952,834.4966135804606,0.3743444395416751
