,SF_val_drying_ratio,mineral_total,SF_val_fdi_alpha,SF_val_part_dens,SF_val_durat_slope
1105,25585.14757992299,0.05682557054318841,0.0004690546777167977,502.9263938296065,0.0706745390358716
