,SF_val_drying_ratio,mineral_total,SF_val_fdi_alpha,SF_val_part_dens,SF_val_durat_slope
731,45837.66555681234,0.03541893282768274,0.00048535603409521547,367.2369564873851,0.06714568446976053
