,SF_val_drying_ratio,mineral_total,SF_val_fdi_alpha,SF_val_part_dens,SF_val_durat_slope
281,69802.88196243989,0.052966369734663454,0.0005697411170884779,813.5993065572516,0.12367431500507978
