,SF_val_drying_ratio,mineral_total,SF_val_fdi_alpha,SF_val_part_dens,SF_val_durat_slope
905,28204.34838672726,0.03068102167041334,0.00024720630091835255,183.40834788679024,0.154098174871192
