,SF_val_drying_ratio,mineral_total,SF_val_fdi_alpha,SF_val_part_dens,SF_val_durat_slope
397,18714.26006763271,0.07432684244530778,0.0004811714373042475,383.94036952106666,0.48221306811372705
