,SF_val_drying_ratio,mineral_total,SF_val_fdi_alpha,SF_val_part_dens,SF_val_durat_slope
211,21368.179319317474,0.08801114199566169,0.0005942319542682395,214.47163233292704,0.12593862686999255
