,SF_val_drying_ratio,mineral_total,SF_val_fdi_alpha,SF_val_part_dens,SF_val_durat_slope
30,7625.854496975325,0.08219006093436705,0.000801944417789419,694.6357219610329,0.07844068679783611
