,SF_val_drying_ratio,mineral_total,SF_val_fdi_alpha,SF_val_part_dens,SF_val_durat_slope
76,22730.930155319053,0.023037169811526377,0.0005156788325753114,189.79643503232614,0.10754718697950393
