,SF_val_drying_ratio,mineral_total,SF_val_fdi_alpha,SF_val_part_dens,SF_val_durat_slope
513,10438.78620495888,0.025212918548902608,0.0005478771061334775,834.2363872280708,0.21221851356417398
