,SF_val_drying_ratio,mineral_total,SF_val_fdi_alpha,SF_val_part_dens,SF_val_durat_slope
279,54357.49175497057,0.08048398168278778,0.00016924367959698117,455.7898629475671,0.07620268947448604
