,SF_val_drying_ratio,mineral_total,SF_val_fdi_alpha,SF_val_part_dens,SF_val_durat_slope
844,62109.16974871941,0.017783479134964815,0.0007005738941520186,642.5733483657021,0.06742204826341432
