,SF_val_drying_ratio,mineral_total,SF_val_fdi_alpha,SF_val_part_dens,SF_val_durat_slope
284,59580.74885185451,0.013878027514774035,0.0008401364265279959,305.390980054458,0.1742830454997032
