,SF_val_drying_ratio,mineral_total,SF_val_fdi_alpha,SF_val_part_dens,SF_val_durat_slope
220,55745.11029643676,0.026851500919003984,0.0003847629399338375,209.26773418490848,0.009490228750487419
