,SF_val_drying_ratio,mineral_total,SF_val_fdi_alpha,SF_val_part_dens,SF_val_durat_slope
901,12063.797167405111,0.0971429489883416,0.0002299828220628594,669.8350023570918,0.43275332532835586
