,SF_val_drying_ratio,mineral_total,SF_val_fdi_alpha,SF_val_part_dens,SF_val_durat_slope
197,5887.763674235313,0.06119360547040023,0.0006810468767828787,894.5447859574281,0.28020521502113943
