,SF_val_drying_ratio,mineral_total,SF_val_fdi_alpha,SF_val_part_dens,SF_val_durat_slope
640,18251.852228760865,0.014955413899417538,0.00035976377016720923,126.67151509460093,0.19918026789661075
