,SF_val_drying_ratio,mineral_total,SF_val_fdi_alpha,SF_val_part_dens,SF_val_durat_slope
543,30303.70428560445,0.016366610844523243,0.0007574654126696634,234.70449920042063,0.12335794581863957
