,SF_val_drying_ratio,mineral_total,SF_val_fdi_alpha,SF_val_part_dens,SF_val_durat_slope
275,59047.369000021194,0.048410709797243594,0.0007020517179047175,372.98460929914137,0.15773806728557682
