,SF_val_drying_ratio,mineral_total,SF_val_fdi_alpha,SF_val_part_dens,SF_val_durat_slope
607,10988.202301133057,0.013793016369099725,0.0005410180196213166,488.1892312834126,0.02712397196143085
