,SF_val_drying_ratio,mineral_total,SF_val_fdi_alpha,SF_val_part_dens,SF_val_durat_slope
783,30099.832529459825,0.06298081164633706,0.00021395763260790126,650.3665957389146,0.10382821768796131
