,SF_val_drying_ratio,mineral_total,SF_val_fdi_alpha,SF_val_part_dens,SF_val_durat_slope
550,24601.379777797403,0.09838986655074888,0.00013414103130630597,41.8361493800093,0.1082438022156601
