,SF_val_drying_ratio,mineral_total,SF_val_fdi_alpha,SF_val_part_dens,SF_val_durat_slope
495,14760.72951030522,0.029252219343866917,0.00037757398856464624,682.3195190673201,0.07177953088902911
