,SF_val_drying_ratio,mineral_total,SF_val_fdi_alpha,SF_val_part_dens,SF_val_durat_slope
328,65309.629999198136,0.01294156901357833,0.0007362629322189957,382.2804877006587,0.1466627638321425
