,SF_val_drying_ratio,mineral_total,SF_val_fdi_alpha,SF_val_part_dens,SF_val_durat_slope
66,23568.5205590883,0.019400460908317152,0.0007164373592057936,372.1081317422285,0.2395984793205752
