,SF_val_drying_ratio,mineral_total,SF_val_fdi_alpha,SF_val_part_dens,SF_val_durat_slope
800,17487.3967866006,0.05627874387693349,0.0006508298503621541,591.4723404592154,0.09258661808035479
