,SF_val_drying_ratio,mineral_total,SF_val_fdi_alpha,SF_val_part_dens,SF_val_durat_slope
902,44228.06006400962,0.05313315248519711,0.0007896112850565903,376.33326638258933,0.044386002181609534
