,SF_val_drying_ratio,mineral_total,SF_val_fdi_alpha,SF_val_part_dens,SF_val_durat_slope
58,56653.222713636715,0.012965620967785082,0.0006204009591455861,273.1364165908082,0.0879088120165015
