,SF_val_drying_ratio,mineral_total,SF_val_fdi_alpha,SF_val_part_dens,SF_val_durat_slope
358,26938.158164180713,0.07812821707197608,0.0001457221942135802,593.8439046683977,0.20891825225583222
