,SF_val_drying_ratio,mineral_total,SF_val_fdi_alpha,SF_val_part_dens,SF_val_durat_slope
205,23152.34737086655,0.040049308416984127,0.0008024184700737115,415.11717109883534,0.2302283892924119
