,SF_val_drying_ratio,mineral_total,SF_val_fdi_alpha,SF_val_part_dens,SF_val_durat_slope
723,45583.96510712442,0.030018661333865403,0.0003367781730250969,622.2252005834673,0.04843325128837246
