,SF_val_drying_ratio,mineral_total,SF_val_fdi_alpha,SF_val_part_dens,SF_val_durat_slope
832,34330.12897879312,0.08210818576787424,0.0002176178915053243,876.2242302648725,0.14545630733771306
