,SF_val_drying_ratio,mineral_total,SF_val_fdi_alpha,SF_val_part_dens,SF_val_durat_slope
711,59544.29946673771,0.07440244969765104,0.0003846299703299247,454.6853413875442,0.04036967154917886
