,SF_val_drying_ratio,mineral_total,SF_val_fdi_alpha,SF_val_part_dens,SF_val_durat_slope
990,30289.496515358587,0.06704056835299624,0.0008862323358967798,381.2549119731863,0.013077899969441266
