,SF_val_drying_ratio,mineral_total,SF_val_fdi_alpha,SF_val_part_dens,SF_val_durat_slope
471,12663.301273821573,0.03809130812126799,0.00019438226871134744,676.4582604296785,0.4513996455691262
