,SF_val_drying_ratio,mineral_total,SF_val_fdi_alpha,SF_val_part_dens,SF_val_durat_slope
122,18667.079325720733,0.022184526659666453,0.0007785489991192417,442.0538976670806,0.09932256567858995
