,SF_val_drying_ratio,mineral_total,SF_val_fdi_alpha,SF_val_part_dens,SF_val_durat_slope
422,24143.063007261688,0.08292143899123508,0.00026843906974583404,138.48750809828417,0.4188363956912872
