,SF_val_drying_ratio,mineral_total,SF_val_fdi_alpha,SF_val_part_dens,SF_val_durat_slope
316,13681.867616069972,0.02863155107954983,0.0005345896871604383,335.7742539306479,0.3161103688263053
