,SF_val_drying_ratio,mineral_total,SF_val_fdi_alpha,SF_val_part_dens,SF_val_durat_slope
804,57144.003338164985,0.09692495432813339,0.00019634652606274807,110.36109374024446,0.09254304626694332
