,SF_val_drying_ratio,mineral_total,SF_val_fdi_alpha,SF_val_part_dens,SF_val_durat_slope
283,5289.857463809248,0.05933215046431429,0.0002991965514776692,968.5365216536188,0.4205558159256291
