,SF_val_drying_ratio,mineral_total,SF_val_fdi_alpha,SF_val_part_dens,SF_val_durat_slope
771,16681.22923000702,0.07448908815551739,0.00022452083384493963,161.4771224547623,0.2838106604153586
