,SF_val_drying_ratio,mineral_total,SF_val_fdi_alpha,SF_val_part_dens,SF_val_durat_slope
105,18037.53138927342,0.09694045742152287,0.00016381353717963103,285.33800778311166,0.046470757538554786
