,SF_val_drying_ratio,mineral_total,SF_val_fdi_alpha,SF_val_part_dens,SF_val_durat_slope
57,14043.437123258413,0.06631585227461444,0.0006413008634885038,246.14485436021477,0.2189631703800069
