,SF_val_drying_ratio,mineral_total,SF_val_fdi_alpha,SF_val_part_dens,SF_val_durat_slope
933,61009.812598666635,0.07410727006977699,0.0008030428048862386,662.8895621246389,0.020967961824412254
