,SF_val_drying_ratio,mineral_total,SF_val_fdi_alpha,SF_val_part_dens,SF_val_durat_slope
1011,73388.60294098948,0.0206910095541714,0.0008853561030497359,877.3751696068285,0.16919022477220666
