,SF_val_drying_ratio,mineral_total,SF_val_fdi_alpha,SF_val_part_dens,SF_val_durat_slope
814,25238.959832872526,0.07189052282510029,0.0006205110127385674,861.5846397684434,0.26532031271121714
