,SF_val_drying_ratio,mineral_total,SF_val_fdi_alpha,SF_val_part_dens,SF_val_durat_slope
391,67933.19031103278,0.06558795198534259,0.00029527910370329185,833.5768683249161,0.10661698577513821
