,SF_val_drying_ratio,mineral_total,SF_val_fdi_alpha,SF_val_part_dens,SF_val_durat_slope
889,75778.98911091329,0.024004914507600675,0.0003712596527451227,396.30674547719457,0.16528522553338104
