,SF_val_drying_ratio,mineral_total,SF_val_fdi_alpha,SF_val_part_dens,SF_val_durat_slope
367,71989.92810528864,0.018946720442760447,0.0008457715431976552,222.68384938338346,0.01913276277766276
