,SF_val_drying_ratio,mineral_total,SF_val_fdi_alpha,SF_val_part_dens,SF_val_durat_slope
524,40560.9878913695,0.05772134523218264,0.00019710760750865896,547.2416565211795,0.029501317942356664
