,SF_val_drying_ratio,mineral_total,SF_val_fdi_alpha,SF_val_part_dens,SF_val_durat_slope
584,8077.429011402033,0.06567183592719993,0.00034571987233446034,956.1589105818884,0.3001984414760796
