,SF_val_drying_ratio,mineral_total,SF_val_fdi_alpha,SF_val_part_dens,SF_val_durat_slope
536,45322.814805920374,0.0900047864438696,0.00017883835403286703,634.7250432117256,0.1349795224606598
