,SF_val_drying_ratio,mineral_total,SF_val_fdi_alpha,SF_val_part_dens,SF_val_durat_slope
785,45772.202223168075,0.06947291549713754,0.00013223520648674,515.6089910530966,0.015608831392706014
