,SF_val_drying_ratio,mineral_total,SF_val_fdi_alpha,SF_val_part_dens,SF_val_durat_slope
196,4523.151291823597,0.01907452890970139,0.0007459144511846856,1037.576772631333,0.3099697561525884
