,SF_val_drying_ratio,mineral_total,SF_val_fdi_alpha,SF_val_part_dens,SF_val_durat_slope
2,21687.978673137797,0.06903990224286351,0.0005982131310914181,93.5083914412401,0.23158580262014283
