,SF_val_drying_ratio,mineral_total,SF_val_fdi_alpha,SF_val_part_dens,SF_val_durat_slope
138,22209.53265576472,0.022558192432248964,0.0008156667943106052,297.75261151017133,0.022172040069267807
