,SF_val_drying_ratio,mineral_total,SF_val_fdi_alpha,SF_val_part_dens,SF_val_durat_slope
863,19786.183495269455,0.045594936247474294,0.0001602613265358702,351.5942988694926,0.06740186100713973
