,SF_val_drying_ratio,mineral_total,SF_val_fdi_alpha,SF_val_part_dens,SF_val_durat_slope
877,2206.398724755799,0.08825770177228816,0.0004925386821356943,562.9273946788346,0.03820883325931812
