,SF_val_drying_ratio,mineral_total,SF_val_fdi_alpha,SF_val_part_dens,SF_val_durat_slope
663,70465.78861278371,0.03362160939986249,0.0005274752070814633,591.1599191508725,0.01726476503352552
