,SF_val_drying_ratio,mineral_total,SF_val_fdi_alpha,SF_val_part_dens,SF_val_durat_slope
963,12902.14736102214,0.039812220537403735,0.00032617941569706597,582.6804168221987,0.11265539511931125
