,SF_val_drying_ratio,mineral_total,SF_val_fdi_alpha,SF_val_part_dens,SF_val_durat_slope
945,7369.996601691493,0.051510793255304825,0.0006927497675045923,512.7761141187766,0.21685257864820212
