,SF_val_drying_ratio,mineral_total,SF_val_fdi_alpha,SF_val_part_dens,SF_val_durat_slope
258,27755.49997720321,0.08901532925143049,0.0008138714296976546,127.9563663737003,0.17642382095940545
