,SF_val_drying_ratio,mineral_total,SF_val_fdi_alpha,SF_val_part_dens,SF_val_durat_slope
245,18417.178144090383,0.08005207403025352,0.0008580436403247531,356.2089127729061,0.18212209263178925
