,SF_val_drying_ratio,mineral_total,SF_val_fdi_alpha,SF_val_part_dens,SF_val_durat_slope
828,65626.84959909074,0.08831748083546648,0.00031427605694706295,221.79686122915012,0.07416352869114964
