,SF_val_drying_ratio,mineral_total,SF_val_fdi_alpha,SF_val_part_dens,SF_val_durat_slope
776,18823.620995953603,0.045655144889819615,0.0008965414316235113,813.6392893887032,0.16029359733006004
