,SF_val_drying_ratio,mineral_total,SF_val_fdi_alpha,SF_val_part_dens,SF_val_durat_slope
775,17568.648972481664,0.0398186184236518,0.0005746125972748371,214.0967357728321,0.3448327182508378
