,SF_val_drying_ratio,mineral_total,SF_val_fdi_alpha,SF_val_part_dens,SF_val_durat_slope
356,3690.948268023301,0.07234858785918857,0.00024732418594807973,1188.8089784761473,0.303276965966284
