,SF_val_drying_ratio,mineral_total,SF_val_fdi_alpha,SF_val_part_dens,SF_val_durat_slope
91,60893.33350303216,0.07132498122954196,0.0008648373953565834,537.2406393701893,0.02237248275987487
