,SF_val_drying_ratio,mineral_total,SF_val_fdi_alpha,SF_val_part_dens,SF_val_durat_slope
663,24960.75151126412,0.08213538694118537,0.0008765386278489795,569.3182773454387,0.33948021117868693
