,SF_val_drying_ratio,mineral_total,SF_val_fdi_alpha,SF_val_part_dens,SF_val_durat_slope
212,18299.95071541318,0.010733026896687873,0.000505931932181589,400.13767338228536,0.1527496306811068
