,SF_val_drying_ratio,mineral_total,SF_val_fdi_alpha,SF_val_part_dens,SF_val_durat_slope
689,21006.89347922844,0.0975438021507021,0.000564429095442823,880.1858948575077,0.015365262045025509
