,SF_val_drying_ratio,mineral_total,SF_val_fdi_alpha,SF_val_part_dens,SF_val_durat_slope
791,2963.4684494662597,0.04849462486257958,0.0001978757608293453,861.3380914203392,0.31901701945261113
