,SF_val_drying_ratio,mineral_total,SF_val_fdi_alpha,SF_val_part_dens,SF_val_durat_slope
69,39980.76872454547,0.012432795334084267,0.0007049086480570056,789.4002655800607,0.10773197217200894
