,SF_val_drying_ratio,mineral_total,SF_val_fdi_alpha,SF_val_part_dens,SF_val_durat_slope
420,39127.51115599449,0.06341413638781375,0.0008113571045914362,267.1985200667478,0.18830943548608714
