,SF_val_drying_ratio,mineral_total,SF_val_fdi_alpha,SF_val_part_dens,SF_val_durat_slope
78,7953.367247424164,0.03254829262767693,0.00010393398750060942,853.3274113720908,0.45320939556724477
