,SF_val_drying_ratio,mineral_total,SF_val_fdi_alpha,SF_val_part_dens,SF_val_durat_slope
989,63229.464637621815,0.023965249981118708,0.0005841255194603937,653.5147053081697,0.06472352023326569
