,SF_val_drying_ratio,mineral_total,SF_val_fdi_alpha,SF_val_part_dens,SF_val_durat_slope
323,7811.824264769967,0.02984207279685308,0.0006800101412336954,523.9897797557468,0.07471230450537408
