,SF_val_drying_ratio,mineral_total,SF_val_fdi_alpha,SF_val_part_dens,SF_val_durat_slope
702,10600.04178463317,0.06017904854089105,0.0002634879437514052,680.1913254691334,0.34901510381385825
