,SF_val_drying_ratio,mineral_total,SF_val_fdi_alpha,SF_val_part_dens,SF_val_durat_slope
83,47653.087285127935,0.07343359062428026,0.00016106176087444092,416.43367223903994,0.14346978088023074
