,SF_val_drying_ratio,mineral_total,SF_val_fdi_alpha,SF_val_part_dens,SF_val_durat_slope
657,14434.85922412214,0.05501709317369564,0.00048130519766570505,259.7710791711978,0.12400598484869302
