,SF_val_drying_ratio,mineral_total,SF_val_fdi_alpha,SF_val_part_dens,SF_val_durat_slope
362,30305.791941573887,0.09470605562599242,0.0005038673226405867,177.61637385769257,0.10088958741229415
