,SF_val_drying_ratio,mineral_total,SF_val_fdi_alpha,SF_val_part_dens,SF_val_durat_slope
86,13186.817458681551,0.07869316336100685,0.0004506107893822252,325.60728924832017,0.34722742352769626
