,SF_val_drying_ratio,mineral_total,SF_val_fdi_alpha,SF_val_part_dens,SF_val_durat_slope
836,40979.5400522181,0.04200888379879476,0.0008887899201620355,785.0411936201427,0.09159577733358709
