,SF_val_drying_ratio,mineral_total,SF_val_fdi_alpha,SF_val_part_dens,SF_val_durat_slope
163,17596.179230243208,0.029080176603444127,0.0004075348239243174,1058.119068712244,0.19354490829203658
