,SF_val_drying_ratio,mineral_total,SF_val_fdi_alpha,SF_val_part_dens,SF_val_durat_slope
511,6850.119145301032,0.07022620519152978,0.00048332139753453485,782.3200429423506,0.27845683492332374
