,SF_val_drying_ratio,mineral_total,SF_val_fdi_alpha,SF_val_part_dens,SF_val_durat_slope
678,26973.963525965664,0.0250859786052873,0.00024761072362137966,178.4672114679013,0.2628497625539191
