,SF_val_drying_ratio,mineral_total,SF_val_fdi_alpha,SF_val_part_dens,SF_val_durat_slope
42,7744.66390312408,0.07912837436992665,0.0001913454996925676,759.5214836546525,0.028607759426870827
