,SF_val_drying_ratio,mineral_total,SF_val_fdi_alpha,SF_val_part_dens,SF_val_durat_slope
7,37423.86614834523,0.09314441618685326,0.000795894868208585,96.8149631860512,0.11147234026667102
