,SF_val_drying_ratio,mineral_total,SF_val_fdi_alpha,SF_val_part_dens,SF_val_durat_slope
9,19563.798405461206,0.06119215817367404,0.0006925704140348804,420.2328308747932,0.25847241807189086
