,SF_val_drying_ratio,mineral_total,SF_val_fdi_alpha,SF_val_part_dens,SF_val_durat_slope
649,5921.627191355673,0.029392198027537633,0.00021174550921269615,1066.6335917307435,0.06296291872583071
