,SF_val_drying_ratio,mineral_total,SF_val_fdi_alpha,SF_val_part_dens,SF_val_durat_slope
559,26806.956479330685,0.022158219553946867,0.0003224454499282603,377.15987366912645,0.32956080163058854
