,SF_val_drying_ratio,mineral_total,SF_val_fdi_alpha,SF_val_part_dens,SF_val_durat_slope
171,13936.490028394397,0.0948681452221801,0.00022489694951000186,512.9950854241818,0.17212742667730985
