,SF_val_drying_ratio,mineral_total,SF_val_fdi_alpha,SF_val_part_dens,SF_val_durat_slope
272,14595.265203837323,0.07005046241174992,0.0003766810571022763,442.342344123705,0.014399570819627906
