,SF_val_drying_ratio,mineral_total,SF_val_fdi_alpha,SF_val_part_dens,SF_val_durat_slope
739,21537.572098256696,0.08081033147400667,0.0004779943394461223,991.7539105767464,0.017928149471548693
