,SF_val_drying_ratio,mineral_total,SF_val_fdi_alpha,SF_val_part_dens,SF_val_durat_slope
283,42688.96557764204,0.08629440074899616,0.00010403260523767504,793.4554655351586,0.14644219484910814
