,SF_val_drying_ratio,mineral_total,SF_val_fdi_alpha,SF_val_part_dens,SF_val_durat_slope
557,79676.24214054555,0.03400007663401499,0.0005387929012822572,478.4686123096611,0.1795872379696784
