,SF_val_drying_ratio,mineral_total,SF_val_fdi_alpha,SF_val_part_dens,SF_val_durat_slope
769,14490.774023233627,0.049542499422087445,0.0004928761238784491,609.9505233948606,0.35448054306797117
