,SF_val_drying_ratio,mineral_total,SF_val_fdi_alpha,SF_val_part_dens,SF_val_durat_slope
547,24877.97075507478,0.08506756075225877,0.00021525042734301205,814.798013423563,0.3507139416339227
