,SF_val_drying_ratio,mineral_total,SF_val_fdi_alpha,SF_val_part_dens,SF_val_durat_slope
132,54127.57318482321,0.030761197588693355,0.0007302843844028603,805.4152492107312,0.04897826562062646
