,SF_val_drying_ratio,mineral_total,SF_val_fdi_alpha,SF_val_part_dens,SF_val_durat_slope
119,30989.784029814135,0.06830043077559364,0.0008150217775875858,717.7867384870267,0.1713556838590265
