,SF_val_drying_ratio,mineral_total,SF_val_fdi_alpha,SF_val_part_dens,SF_val_durat_slope
210,4400.656790542947,0.03623602113879067,0.0008269689778700331,496.8683143760126,0.16231277614823686
