,SF_val_drying_ratio,mineral_total,SF_val_fdi_alpha,SF_val_part_dens,SF_val_durat_slope
437,20268.369511273835,0.0737736740043733,0.000518797017023079,981.4021802014024,0.4117581783885858
