,SF_val_drying_ratio,mineral_total,SF_val_fdi_alpha,SF_val_part_dens,SF_val_durat_slope
843,46160.494777870095,0.026597480301155295,0.0006215453678624724,323.9623176829651,0.11467426223269273
