,SF_val_drying_ratio,mineral_total,SF_val_fdi_alpha,SF_val_part_dens,SF_val_durat_slope
98,19493.243587601275,0.013896509760290613,0.00039477362128564864,160.36277878276508,0.11988239735607771
