,SF_val_drying_ratio,mineral_total,SF_val_fdi_alpha,SF_val_part_dens,SF_val_durat_slope
174,43137.30985487087,0.093195590123909,0.0006681989861781932,609.46440825404,0.06364564992582562
