,SF_val_drying_ratio,mineral_total,SF_val_fdi_alpha,SF_val_part_dens,SF_val_durat_slope
406,69034.92519514117,0.0876955775536951,0.00042468420360891883,349.5414877097304,0.15100681325911974
