,SF_val_drying_ratio,mineral_total,SF_val_fdi_alpha,SF_val_part_dens,SF_val_durat_slope
314,21685.304742085256,0.07272408037578267,0.0008169603799775412,888.6292935551918,0.32272480598724607
