,SF_val_drying_ratio,mineral_total,SF_val_fdi_alpha,SF_val_part_dens,SF_val_durat_slope
456,63446.19371794456,0.0545045094062837,0.0004750300732386895,906.4277595333593,0.16126270288281
