,SF_val_drying_ratio,mineral_total,SF_val_fdi_alpha,SF_val_part_dens,SF_val_durat_slope
251,15767.11954927556,0.03012432132908082,0.00011313809241331754,407.050430514552,0.18630994311710164
