,SF_val_drying_ratio,mineral_total,SF_val_fdi_alpha,SF_val_part_dens,SF_val_durat_slope
40,65091.92480538362,0.040354293282307635,0.00035970191601412683,741.8979723957252,0.03618936288089674
