,SF_val_drying_ratio,mineral_total,SF_val_fdi_alpha,SF_val_part_dens,SF_val_durat_slope
70,18029.44131158121,0.01601674135235642,0.0005012155273358853,264.36561294008084,0.10169062915507798
