,SF_val_drying_ratio,mineral_total,SF_val_fdi_alpha,SF_val_part_dens,SF_val_durat_slope
742,75795.97343588229,0.08412925862129968,0.0007222452809513145,865.8989754351154,0.15069576598745396
