,SF_val_drying_ratio,mineral_total,SF_val_fdi_alpha,SF_val_part_dens,SF_val_durat_slope
701,11921.915323351468,0.03222416502907027,0.00037416585999297536,575.3719751148061,0.14441183746065467
