,SF_val_drying_ratio,mineral_total,SF_val_fdi_alpha,SF_val_part_dens,SF_val_durat_slope
80,7450.855933550711,0.04946010805845087,0.0005353976689170007,934.8538367215083,0.06607421925748075
