,SF_val_drying_ratio,mineral_total,SF_val_fdi_alpha,SF_val_part_dens,SF_val_durat_slope
782,21320.667181347206,0.046917979636946314,0.0008923335979836507,857.1793998787876,0.301144780497969
