,SF_val_drying_ratio,mineral_total,SF_val_fdi_alpha,SF_val_part_dens,SF_val_durat_slope
101,8966.813054098318,0.035970131131307856,0.0008413623400837398,20.39212153057375,0.4159457778180419
