,SF_val_drying_ratio,mineral_total,SF_val_fdi_alpha,SF_val_part_dens,SF_val_durat_slope
566,46250.31534363083,0.031108063035214642,0.00035611602991054156,678.1572952930582,0.09257512512718374
