,SF_val_drying_ratio,mineral_total,SF_val_fdi_alpha,SF_val_part_dens,SF_val_durat_slope
364,6086.073100151495,0.05379454696841354,0.00040073729037050555,959.3415959290398,0.3364068876553519
