,SF_val_drying_ratio,mineral_total,SF_val_fdi_alpha,SF_val_part_dens,SF_val_durat_slope
653,8976.657184657013,0.07666513273529801,0.0006641200930597587,87.40250808311984,0.2776261716591548
