,SF_val_drying_ratio,mineral_total,SF_val_fdi_alpha,SF_val_part_dens,SF_val_durat_slope
715,10733.632837666044,0.014208446361134414,0.0007947161895406411,884.5906359232732,0.4488103705701526
