,SF_val_drying_ratio,mineral_total,SF_val_fdi_alpha,SF_val_part_dens,SF_val_durat_slope
775,30789.505093541236,0.08475379918500926,0.0008476610880596767,463.8127071482543,0.12727804235451998
