,SF_val_drying_ratio,mineral_total,SF_val_fdi_alpha,SF_val_part_dens,SF_val_durat_slope
226,12336.56421089948,0.014510018432549378,0.0004456369292563122,740.6294464901862,0.12474176860911629
