,SF_val_drying_ratio,mineral_total,SF_val_fdi_alpha,SF_val_part_dens,SF_val_durat_slope
82,14414.11370833927,0.08746926186629875,0.00012385827895155686,322.91663497463054,0.04519614847869946
