,SF_val_drying_ratio,mineral_total,SF_val_fdi_alpha,SF_val_part_dens,SF_val_durat_slope
612,9088.49010058312,0.08799746117127102,0.0006689407825621731,313.58303679117967,0.41952451398317614
