,SF_val_drying_ratio,mineral_total,SF_val_fdi_alpha,SF_val_part_dens,SF_val_durat_slope
543,28157.67962320161,0.012895910033254035,0.00015348398126021376,38.022843005042915,0.2700658823349935
