,SF_val_drying_ratio,mineral_total,SF_val_fdi_alpha,SF_val_part_dens,SF_val_durat_slope
1076,40566.87730402552,0.038792831741406464,0.0007233302771241046,333.6123666875521,0.16377945102202318
