,SF_val_drying_ratio,mineral_total,SF_val_fdi_alpha,SF_val_part_dens,SF_val_durat_slope
323,71054.42960708085,0.0866961787306389,0.0003896985229627392,215.4890847214474,0.10170010287692687
