,SF_val_drying_ratio,mineral_total,SF_val_fdi_alpha,SF_val_part_dens,SF_val_durat_slope
147,2632.889232379688,0.04518061278926746,0.000799822223275175,869.4614378992197,0.4307054322803296
