,SF_val_drying_ratio,mineral_total,SF_val_fdi_alpha,SF_val_part_dens,SF_val_durat_slope
720,16371.742484572469,0.013154925777998133,0.0003165193158330357,816.5045210720936,0.4594799988753845
