,SF_val_drying_ratio,mineral_total,SF_val_fdi_alpha,SF_val_part_dens,SF_val_durat_slope
919,65232.61039895836,0.055983607604976324,0.0001769762873156065,304.9548899378846,0.1888497911901027
