,SF_val_drying_ratio,mineral_total,SF_val_fdi_alpha,SF_val_part_dens,SF_val_durat_slope
520,13721.338386387471,0.08044058287535236,0.0004518699691034577,114.82781709675372,0.43946808681372257
