,SF_val_drying_ratio,mineral_total,SF_val_fdi_alpha,SF_val_part_dens,SF_val_durat_slope
643,53205.14815903577,0.03044618396452796,0.00020435639874124813,470.519727254071,0.12033328283450938
