,SF_val_drying_ratio,mineral_total,SF_val_fdi_alpha,SF_val_part_dens,SF_val_durat_slope
664,22567.766438834467,0.050006062770607575,0.00024408973370394765,718.9904264227138,0.37912878677204803
