,SF_val_drying_ratio,mineral_total,SF_val_fdi_alpha,SF_val_part_dens,SF_val_durat_slope
483,32364.19333469519,0.09753535393004353,0.0008800635258776058,898.1940130939764,0.12354086914505213
