,SF_val_drying_ratio,mineral_total,SF_val_fdi_alpha,SF_val_part_dens,SF_val_durat_slope
830,67878.07732850256,0.060887125327600586,0.0008944761764729183,346.9422518893651,0.09612587931743628
