,SF_val_drying_ratio,mineral_total,SF_val_fdi_alpha,SF_val_part_dens,SF_val_durat_slope
626,27792.339508142348,0.07082093841207417,0.0002530053971474263,688.775502155623,0.3683790256114281
