,SF_val_drying_ratio,mineral_total,SF_val_fdi_alpha,SF_val_part_dens,SF_val_durat_slope
557,12789.388010468017,0.0146420758188423,0.0005939776227338685,511.67402513266063,0.0414490667215488
