,SF_val_drying_ratio,mineral_total,SF_val_fdi_alpha,SF_val_part_dens,SF_val_durat_slope
228,43312.88463995433,0.01808966755602816,0.0006297218973529965,469.87856620061905,0.032326303850677716
