,SF_val_drying_ratio,mineral_total,SF_val_fdi_alpha,SF_val_part_dens,SF_val_durat_slope
949,65902.20994033887,0.025750400298928028,0.00012228913455255013,102.71342666342512,0.16987476114415856
