,SF_val_drying_ratio,mineral_total,SF_val_fdi_alpha,SF_val_part_dens,SF_val_durat_slope
613,65315.26977567853,0.06388294238169476,0.00020874717553903552,777.1198000047085,0.06701791149833658
