,SF_val_drying_ratio,mineral_total,SF_val_fdi_alpha,SF_val_part_dens,SF_val_durat_slope
449,16619.09738001752,0.043736558531641094,0.0005378720433101238,369.41503262205975,0.2315489872301193
