,SF_val_drying_ratio,mineral_total,SF_val_fdi_alpha,SF_val_part_dens,SF_val_durat_slope
244,27163.338209081627,0.020094695011072125,0.0007876937838574826,319.39121863932803,0.1038845660827521
