,SF_val_drying_ratio,mineral_total,SF_val_fdi_alpha,SF_val_part_dens,SF_val_durat_slope
322,50422.08528000516,0.02381514313188994,0.0004991790057830932,893.9761395767946,0.117910367198598
