,SF_val_drying_ratio,mineral_total,SF_val_fdi_alpha,SF_val_part_dens,SF_val_durat_slope
176,10639.314350447932,0.0865551948891423,0.0005912618416047771,767.8778374674869,0.032947302558056224
