,SF_val_drying_ratio,mineral_total,SF_val_fdi_alpha,SF_val_part_dens,SF_val_durat_slope
80,44840.97086955045,0.03496451377952416,0.0007208100182297679,892.8133920068219,0.10152856962864892
