,SF_val_drying_ratio,mineral_total,SF_val_fdi_alpha,SF_val_part_dens,SF_val_durat_slope
781,18310.672352534682,0.06089265093053476,0.0006013772026197494,383.7995614382935,0.07782135139747469
