,SF_val_drying_ratio,mineral_total,SF_val_fdi_alpha,SF_val_part_dens,SF_val_durat_slope
394,35683.602567398455,0.022665761465351632,0.0005674349253299267,739.1861524292232,0.03770146052997452
