,SF_val_drying_ratio,mineral_total,SF_val_fdi_alpha,SF_val_part_dens,SF_val_durat_slope
513,24584.199394019983,0.04534611590729648,0.000492455258894091,578.1861984271357,0.07295156375241833
