,SF_val_drying_ratio,mineral_total,SF_val_fdi_alpha,SF_val_part_dens,SF_val_durat_slope
278,55230.55045256355,0.02931948852802515,0.0006322724767622448,392.9504873295848,0.1914004253554277
