,SF_val_drying_ratio,mineral_total,SF_val_fdi_alpha,SF_val_part_dens,SF_val_durat_slope
126,76779.61856348187,0.04789443692656259,0.00031025199524760866,357.9857178623987,0.14580111126981282
