,SF_val_drying_ratio,mineral_total,SF_val_fdi_alpha,SF_val_part_dens,SF_val_durat_slope
320,2927.400004431157,0.06251422649717675,0.000426596152845482,713.4892614244549,0.18330002061900952
