,SF_val_drying_ratio,mineral_total,SF_val_fdi_alpha,SF_val_part_dens,SF_val_durat_slope
811,20273.479829589043,0.0769760502388477,0.0005383607465457834,847.1864100572426,0.3352436146712985
