,SF_val_drying_ratio,mineral_total,SF_val_fdi_alpha,SF_val_part_dens,SF_val_durat_slope
229,7228.036005207266,0.08962594849295488,0.0006138238204800372,923.9815950471096,0.2691473618599644
