,SF_val_drying_ratio,mineral_total,SF_val_fdi_alpha,SF_val_part_dens,SF_val_durat_slope
548,5516.914717888799,0.036993832147193845,0.0006461500593303838,438.5943538059654,0.3998889012537612
