,SF_val_drying_ratio,mineral_total,SF_val_fdi_alpha,SF_val_part_dens,SF_val_durat_slope
475,8387.791273787934,0.0964291252158014,0.0007776388997471386,802.5612958639492,0.47575778446758676
