,SF_val_drying_ratio,mineral_total,SF_val_fdi_alpha,SF_val_part_dens,SF_val_durat_slope
946,43122.62247946109,0.045725557169685856,0.00014800736686233459,188.27240525781554,0.0290448531118088
