,SF_val_drying_ratio,mineral_total,SF_val_fdi_alpha,SF_val_part_dens,SF_val_durat_slope
510,20446.807436071165,0.06069170787630138,0.00017851526816001602,415.0586863267797,0.16425629021350635
