,SF_val_drying_ratio,mineral_total,SF_val_fdi_alpha,SF_val_part_dens,SF_val_durat_slope
768,23084.80549191651,0.08081838146664497,0.0004687722317502564,707.2156552929613,0.15481696224720504
