,SF_val_drying_ratio,mineral_total,SF_val_fdi_alpha,SF_val_part_dens,SF_val_durat_slope
100,79486.90441757155,0.040368233248250014,0.0005205009958570665,184.6979873476301,0.15647376473330166
