,SF_val_drying_ratio,mineral_total,SF_val_fdi_alpha,SF_val_part_dens,SF_val_durat_slope
545,59358.55119535426,0.04484804258725469,0.0007954219318968787,286.40234881757215,0.07435048602447177
