,SF_val_drying_ratio,mineral_total,SF_val_fdi_alpha,SF_val_part_dens,SF_val_durat_slope
15,16967.912453104975,0.022027465723736213,0.0007581522358300711,113.10361941719265,0.2884757436774195
