,SF_val_drying_ratio,mineral_total,SF_val_fdi_alpha,SF_val_part_dens,SF_val_durat_slope
172,49698.90427328526,0.01744853757509926,0.0008137277401661922,285.2311775272229,0.030713068672073043
