,SF_val_drying_ratio,mineral_total,SF_val_fdi_alpha,SF_val_part_dens,SF_val_durat_slope
29,68561.13538036801,0.0459397532765235,0.00023026617998416762,512.3658851854781,0.03681718124207176
