,SF_val_drying_ratio,mineral_total,SF_val_fdi_alpha,SF_val_part_dens,SF_val_durat_slope
383,72786.92119850442,0.07205009149534695,0.0004766222842333955,885.481032322227,0.05426826263393503
