,SF_val_drying_ratio,mineral_total,SF_val_fdi_alpha,SF_val_part_dens,SF_val_durat_slope
215,34912.12809699106,0.03345119530560418,0.0007801152751317957,489.4699623594814,0.07125341793343816
