,SF_val_drying_ratio,mineral_total,SF_val_fdi_alpha,SF_val_part_dens,SF_val_durat_slope
683,30638.939677830185,0.037843585349449614,0.0006127796792194028,824.9552479099003,0.09215623914598259
