,SF_val_drying_ratio,mineral_total,SF_val_fdi_alpha,SF_val_part_dens,SF_val_durat_slope
601,28791.689600926336,0.07583659304330614,0.0006672288970100154,610.2675444735096,0.06770661033283645
