,SF_val_drying_ratio,mineral_total,SF_val_fdi_alpha,SF_val_part_dens,SF_val_durat_slope
751,50845.3489594498,0.013540950456501173,0.00034371065225464906,220.2507948737769,0.040055943663548414
