,SF_val_drying_ratio,mineral_total,SF_val_fdi_alpha,SF_val_part_dens,SF_val_durat_slope
326,52106.82873977307,0.09740392234335742,0.00015545759978570473,532.7418969052516,0.0900255364100313
