,SF_val_drying_ratio,mineral_total,SF_val_fdi_alpha,SF_val_part_dens,SF_val_durat_slope
634,44688.02855685229,0.09332277774722714,0.0005554317170334585,686.8140174710502,0.07621512824431531
