,SF_val_drying_ratio,mineral_total,SF_val_fdi_alpha,SF_val_part_dens,SF_val_durat_slope
962,33158.551653453236,0.048680890010867776,0.0008805255481115982,593.521959656077,0.18129326138218674
