,SF_val_drying_ratio,mineral_total,SF_val_fdi_alpha,SF_val_part_dens,SF_val_durat_slope
136,31544.886780331584,0.059312098367037866,0.00032472029299534117,780.4665596883533,0.11829838752071636
