,SF_val_drying_ratio,mineral_total,SF_val_fdi_alpha,SF_val_part_dens,SF_val_durat_slope
739,28255.765455398945,0.018739091067802218,0.0005480945203447147,354.2041310791071,0.1429000997136897
