,SF_val_drying_ratio,mineral_total,SF_val_fdi_alpha,SF_val_part_dens,SF_val_durat_slope
84,24111.610428354543,0.0625376853715984,0.00035203726650032737,75.08518817451272,0.2505003473579119
