,SF_val_drying_ratio,mineral_total,SF_val_fdi_alpha,SF_val_part_dens,SF_val_durat_slope
1010,40682.43116663823,0.04356326162818273,0.00013035473840310684,159.941827104093,0.07780092181500534
