,SF_val_drying_ratio,mineral_total,SF_val_fdi_alpha,SF_val_part_dens,SF_val_durat_slope
626,74844.44969296396,0.015652454864509117,0.0002464041422838668,411.3295708487118,0.16928961469304105
