,SF_val_drying_ratio,mineral_total,SF_val_fdi_alpha,SF_val_part_dens,SF_val_durat_slope
187,29814.058619845848,0.07411440341160762,0.0004089848772766873,1050.778692536396,0.02335637638876764
