,SF_val_drying_ratio,mineral_total,SF_val_fdi_alpha,SF_val_part_dens,SF_val_durat_slope
934,46503.31644313475,0.09888971781567528,0.0006461294839879917,398.44834441434335,0.1929601839183714
