,SF_val_drying_ratio,mineral_total,SF_val_fdi_alpha,SF_val_part_dens,SF_val_durat_slope
733,73351.08837056247,0.09799998232721761,0.00023325226178544465,727.8339801951566,0.07783521828034795
