,SF_val_drying_ratio,mineral_total,SF_val_fdi_alpha,SF_val_part_dens,SF_val_durat_slope
665,20755.61523287146,0.07090742229251142,0.00036914310927526803,169.506170380855,0.2970569407713609
