,SF_val_drying_ratio,mineral_total,SF_val_fdi_alpha,SF_val_part_dens,SF_val_durat_slope
820,79658.20894768307,0.07617163915086703,0.00044599564122950783,671.9416835564833,0.06181946874230829
