,SF_val_drying_ratio,mineral_total,SF_val_fdi_alpha,SF_val_part_dens,SF_val_durat_slope
304,9405.970087279284,0.020731974852825533,0.0008135846321203367,363.32710472971644,0.22743218181976432
