,SF_val_drying_ratio,mineral_total,SF_val_fdi_alpha,SF_val_part_dens,SF_val_durat_slope
411,28454.150383559372,0.0337114537734354,0.0008708842438743108,847.4275024885204,0.4565089343751035
