,SF_val_drying_ratio,mineral_total,SF_val_fdi_alpha,SF_val_part_dens,SF_val_durat_slope
541,52062.06948302269,0.04730033627942617,0.0002884391051317732,327.1424539554215,0.04147886733634305
