,SF_val_drying_ratio,mineral_total,SF_val_fdi_alpha,SF_val_part_dens,SF_val_durat_slope
536,21175.78901818623,0.06816284329781795,0.0005320078183062428,1039.0573362133498,0.43574751581422816
