,SF_val_drying_ratio,mineral_total,SF_val_fdi_alpha,SF_val_part_dens,SF_val_durat_slope
649,51641.409876593345,0.03985197850261481,0.0002361521805169132,195.56630239452312,0.10584495961266334
