,SF_val_drying_ratio,mineral_total,SF_val_fdi_alpha,SF_val_part_dens,SF_val_durat_slope
748,23056.285608253394,0.08715369363686791,0.0006994818869879245,648.9402426288995,0.3763586307091296
