,SF_val_drying_ratio,mineral_total,SF_val_fdi_alpha,SF_val_part_dens,SF_val_durat_slope
203,57747.69147269092,0.09209849093244912,0.00040691044754298934,149.0470128470265,0.13269754996043015
