,SF_val_drying_ratio,mineral_total,SF_val_fdi_alpha,SF_val_part_dens,SF_val_durat_slope
834,13809.396200462703,0.03719370196554456,0.0007575360537604095,445.4130602983416,0.47423320460922264
