,SF_val_drying_ratio,mineral_total,SF_val_fdi_alpha,SF_val_part_dens,SF_val_durat_slope
849,7786.130969193629,0.0329193813047779,0.00035087709288074805,219.20820252720046,0.1915468388196943
