,SF_val_drying_ratio,mineral_total,SF_val_fdi_alpha,SF_val_part_dens,SF_val_durat_slope
907,9106.433622251187,0.06577875693788413,0.0007989312360938089,381.5115408115598,0.1535828114916814
