,SF_val_drying_ratio,mineral_total,SF_val_fdi_alpha,SF_val_part_dens,SF_val_durat_slope
921,17009.383450917063,0.08898202844164352,0.0005912078178143331,678.7269329526996,0.09930327782203935
