,SF_val_drying_ratio,mineral_total,SF_val_fdi_alpha,SF_val_part_dens,SF_val_durat_slope
421,27810.470627907067,0.04735904239118433,0.0006346519272286641,245.6097228987017,0.12497122169395258
