,SF_val_drying_ratio,mineral_total,SF_val_fdi_alpha,SF_val_part_dens,SF_val_durat_slope
274,47352.502009710086,0.09023356221207304,0.000680475514446471,511.81959239545995,0.05288514732590382
