,SF_val_drying_ratio,mineral_total,SF_val_fdi_alpha,SF_val_part_dens,SF_val_durat_slope
650,29932.277982046966,0.0759756660012895,0.00037009781573911336,231.79735286416891,0.48258939321970695
