,SF_val_drying_ratio,mineral_total,SF_val_fdi_alpha,SF_val_part_dens,SF_val_durat_slope
748,70614.2879014617,0.02359070860226355,0.00040129139694663823,726.9146866107089,0.1444399790616358
