,SF_val_drying_ratio,mineral_total,SF_val_fdi_alpha,SF_val_part_dens,SF_val_durat_slope
470,26296.35173118847,0.039563302083718895,0.0008536540663308705,80.01114869854887,0.18740695246879963
