,SF_val_drying_ratio,mineral_total,SF_val_fdi_alpha,SF_val_part_dens,SF_val_durat_slope
247,10091.464743815324,0.038242813255502495,0.0007689090179922235,906.8134482396085,0.15362439670019667
