,SF_val_drying_ratio,mineral_total,SF_val_fdi_alpha,SF_val_part_dens,SF_val_durat_slope
246,13269.413335366213,0.0356780507680971,0.000707734625096204,13.340545511918455,0.21708021296144986
