,SF_val_drying_ratio,mineral_total,SF_val_fdi_alpha,SF_val_part_dens,SF_val_durat_slope
699,5019.722627807778,0.07792031844817446,0.00028339956542090865,405.55473258898587,0.3804177735923721
