,SF_val_drying_ratio,mineral_total,SF_val_fdi_alpha,SF_val_part_dens,SF_val_durat_slope
208,39150.85530169707,0.06376623956883512,0.0008943881701782042,729.0109649261825,0.1897255875315915
