,SF_val_drying_ratio,mineral_total,SF_val_fdi_alpha,SF_val_part_dens,SF_val_durat_slope
740,18103.779612182872,0.03331699239789087,0.0002970441734791503,1007.2823694150361,0.279570598106632
