,SF_val_drying_ratio,mineral_total,SF_val_fdi_alpha,SF_val_part_dens,SF_val_durat_slope
308,19020.62713327597,0.07766536799651294,0.0006469133388796797,452.2738371010013,0.1475153791360208
