,SF_val_drying_ratio,mineral_total,SF_val_fdi_alpha,SF_val_part_dens,SF_val_durat_slope
318,72647.3187816097,0.0567061925528643,0.0007084373521041216,145.04736311505187,0.027250686227357025
