,SF_val_drying_ratio,mineral_total,SF_val_fdi_alpha,SF_val_part_dens,SF_val_durat_slope
387,36672.22437021972,0.06261578699902264,0.0007962044977323918,831.733380792239,0.03240202141461004
