,SF_val_drying_ratio,mineral_total,SF_val_fdi_alpha,SF_val_part_dens,SF_val_durat_slope
147,52663.06926697105,0.05347649117326479,0.0004875501891192755,305.40486953094415,0.10690024724456296
