,SF_val_drying_ratio,mineral_total,SF_val_fdi_alpha,SF_val_part_dens,SF_val_durat_slope
341,30156.573842042446,0.06553985477621535,0.0005325191342545011,336.5089547593649,0.04898370890500101
