,SF_val_drying_ratio,mineral_total,SF_val_fdi_alpha,SF_val_part_dens,SF_val_durat_slope
834,14206.913277784159,0.06859605904420944,0.00021833499512999684,386.7926559591602,0.13299570766031682
