,SF_val_drying_ratio,mineral_total,SF_val_fdi_alpha,SF_val_part_dens,SF_val_durat_slope
870,21161.52597237085,0.079318280998557,0.0005657130683244886,93.79005756831211,0.11258468808973382
