,SF_val_drying_ratio,mineral_total,SF_val_fdi_alpha,SF_val_part_dens,SF_val_durat_slope
54,19086.090513519433,0.08851959680378876,0.0004250501519043095,190.41514229991745,0.16995796999712487
