,SF_val_drying_ratio,mineral_total,SF_val_fdi_alpha,SF_val_part_dens,SF_val_durat_slope
1088,60089.27751279217,0.07432536466400984,0.0008415851648010319,651.6342494373844,0.07372235055407672
