,SF_val_drying_ratio,mineral_total,SF_val_fdi_alpha,SF_val_part_dens,SF_val_durat_slope
47,37994.02462944543,0.07435909553395259,0.0003601001784459543,815.0468385709892,0.04746832666416252
