,SF_val_drying_ratio,mineral_total,SF_val_fdi_alpha,SF_val_part_dens,SF_val_durat_slope
201,10390.909994612732,0.024743949359476616,0.000658803677894673,997.1591156441201,0.29617355220740127
