,SF_val_drying_ratio,mineral_total,SF_val_fdi_alpha,SF_val_part_dens,SF_val_durat_slope
657,15536.621015207409,0.04119017224251191,0.0006222322258232198,90.94577816405335,0.13969032424297773
