,SF_val_drying_ratio,mineral_total,SF_val_fdi_alpha,SF_val_part_dens,SF_val_durat_slope
256,54878.77813396971,0.08291153884639114,0.0005970848517125166,639.1351645990253,0.05605096682101396
