,SF_val_drying_ratio,mineral_total,SF_val_fdi_alpha,SF_val_part_dens,SF_val_durat_slope
120,47005.77220123776,0.0858411938687447,0.0007878461505419592,567.2833886737944,0.012563179677177773
