,SF_val_drying_ratio,mineral_total,SF_val_fdi_alpha,SF_val_part_dens,SF_val_durat_slope
521,17774.84146631685,0.023309189288116282,0.0007009106848983207,793.1944659198252,0.4566817078530028
