,SF_val_drying_ratio,mineral_total,SF_val_fdi_alpha,SF_val_part_dens,SF_val_durat_slope
383,11099.385928519858,0.0795776507837093,0.0004507629836177128,301.2756475685954,0.004342745171847295
