,SF_val_drying_ratio,mineral_total,SF_val_fdi_alpha,SF_val_part_dens,SF_val_durat_slope
912,53213.25605481518,0.01175933410619911,0.0007034133405676555,353.0933745150351,0.03447488954088314
