,SF_val_drying_ratio,mineral_total,SF_val_fdi_alpha,SF_val_part_dens,SF_val_durat_slope
173,4469.196019505907,0.030227691303934094,0.00012132258512633989,945.2160095167577,0.20378683543528014
