,SF_val_drying_ratio,mineral_total,SF_val_fdi_alpha,SF_val_part_dens,SF_val_durat_slope
455,16772.41568214386,0.03718572293945812,0.0008554354681234003,1068.413571283083,0.4835597675723901
