,SF_val_drying_ratio,mineral_total,SF_val_fdi_alpha,SF_val_part_dens,SF_val_durat_slope
637,79696.67790678969,0.07267806925722485,0.0006000764423064322,300.37383511235566,0.15792672655163859
