,SF_val_drying_ratio,mineral_total,SF_val_fdi_alpha,SF_val_part_dens,SF_val_durat_slope
510,36320.64463166717,0.09612062532731484,0.0003502010850685602,857.095899869129,0.10227976952027773
