,SF_val_drying_ratio,mineral_total,SF_val_fdi_alpha,SF_val_part_dens,SF_val_durat_slope
848,51691.17162258217,0.08461493149649324,0.0005177885486989032,212.16685585310975,0.11924694360647897
