,SF_val_drying_ratio,mineral_total,SF_val_fdi_alpha,SF_val_part_dens,SF_val_durat_slope
134,29918.76184456606,0.09730062538113662,0.0004206931371125903,171.30818225095547,0.12029471040644119
