,SF_val_drying_ratio,mineral_total,SF_val_fdi_alpha,SF_val_part_dens,SF_val_durat_slope
74,20982.68088658153,0.01780218807018196,0.0004506789961792277,361.7356347779336,0.36403838830555435
