,SF_val_drying_ratio,mineral_total,SF_val_fdi_alpha,SF_val_part_dens,SF_val_durat_slope
10,78561.10988566754,0.04511254981941714,0.0004188165790539936,195.616934159451,0.05805669254949948
