,SF_val_drying_ratio,mineral_total,SF_val_fdi_alpha,SF_val_part_dens,SF_val_durat_slope
624,78732.47326634351,0.09436441902354943,0.0008658054063422417,700.6839441126667,0.07889813292601644
