,SF_val_drying_ratio,mineral_total,SF_val_fdi_alpha,SF_val_part_dens,SF_val_durat_slope
380,44486.765282061846,0.07350306054471717,0.0003137607663731104,638.7589240062101,0.17147518714335375
