,SF_val_drying_ratio,mineral_total,SF_val_fdi_alpha,SF_val_part_dens,SF_val_durat_slope
384,67916.80579668391,0.08528192348403327,0.0005336710550181817,721.8309364047569,0.0030323618777941433
