,SF_val_drying_ratio,mineral_total,SF_val_fdi_alpha,SF_val_part_dens,SF_val_durat_slope
295,15371.248665872477,0.03652821079286733,0.0006732657017118496,603.9719710166645,0.3632003817127708
