,SF_val_drying_ratio,mineral_total,SF_val_fdi_alpha,SF_val_part_dens,SF_val_durat_slope
11,57285.13528029405,0.01895089693557696,0.0005280020999072423,375.6342276069035,0.011956651924162377
