,SF_val_drying_ratio,mineral_total,SF_val_fdi_alpha,SF_val_part_dens,SF_val_durat_slope
915,39403.95623790774,0.028901617565033948,0.0007774194494703863,275.7122941014042,0.02729475475237746
