,SF_val_drying_ratio,mineral_total,SF_val_fdi_alpha,SF_val_part_dens,SF_val_durat_slope
61,25497.684770455002,0.05506062678950345,0.0004327711190476189,464.5104870909221,0.05033194242976609
