,SF_val_drying_ratio,mineral_total,SF_val_fdi_alpha,SF_val_part_dens,SF_val_durat_slope
1001,63105.41678243639,0.01510122478623563,0.0007913582269444443,841.003465154738,0.02442254889764375
