,SF_val_drying_ratio,mineral_total,SF_val_fdi_alpha,SF_val_part_dens,SF_val_durat_slope
344,42696.60682733546,0.03750630963592393,0.0006168704502939916,482.01528474742435,0.16006289498309423
