,SF_val_drying_ratio,mineral_total,SF_val_fdi_alpha,SF_val_part_dens,SF_val_durat_slope
97,28201.580212337332,0.04655345119170407,0.00042002526794744486,919.464175948019,0.17034669083390014
