,SF_val_drying_ratio,mineral_total,SF_val_fdi_alpha,SF_val_part_dens,SF_val_durat_slope
335,19871.328188302025,0.047002531203691564,0.000438065185670477,884.5693225550207,0.05371347013484307
