,SF_val_drying_ratio,mineral_total,SF_val_fdi_alpha,SF_val_part_dens,SF_val_durat_slope
760,20274.60777188127,0.044749376621198676,0.00010769317526631187,359.3990294681153,0.4267321047384208
