,SF_val_drying_ratio,mineral_total,SF_val_fdi_alpha,SF_val_part_dens,SF_val_durat_slope
334,22278.839042668813,0.09269179934985053,0.0004573849705634915,1157.28693882075,0.18190359280198354
