,SF_val_drying_ratio,mineral_total,SF_val_fdi_alpha,SF_val_part_dens,SF_val_durat_slope
105,42971.7419586566,0.015398541804238986,0.0002486277840669918,514.470935569481,0.04585376540666386
