,SF_val_drying_ratio,mineral_total,SF_val_fdi_alpha,SF_val_part_dens,SF_val_durat_slope
200,70273.91184097587,0.011129528904717096,0.0001935707677538579,169.2753731563926,0.13996080617002069
