,SF_val_drying_ratio,mineral_total,SF_val_fdi_alpha,SF_val_part_dens,SF_val_durat_slope
550,22335.597158454468,0.06728791204068134,0.0007364093893332053,673.8219238928351,0.0073504559974997274
