,SF_val_drying_ratio,mineral_total,SF_val_fdi_alpha,SF_val_part_dens,SF_val_durat_slope
210,71674.58889834397,0.02438693832423975,0.0007541234734214727,595.4353918052875,0.04432553789976071
