,SF_val_drying_ratio,mineral_total,SF_val_fdi_alpha,SF_val_part_dens,SF_val_durat_slope
68,23095.706141372444,0.05254863582539187,0.0005024435645901101,262.09650878508944,0.4360037554803664
