,SF_val_drying_ratio,mineral_total,SF_val_fdi_alpha,SF_val_part_dens,SF_val_durat_slope
353,38611.05965171727,0.037568735087624115,0.0008029418213261603,714.6177869659163,0.08355858582677529
