,SF_val_drying_ratio,mineral_total,SF_val_fdi_alpha,SF_val_part_dens,SF_val_durat_slope
948,38225.89879465198,0.09923388109404212,0.0006051876888908327,822.8326541872244,0.01366358281322695
