,SF_val_drying_ratio,mineral_total,SF_val_fdi_alpha,SF_val_part_dens,SF_val_durat_slope
272,4198.257100290409,0.07250768307375756,0.0005698910295761861,784.1860735867677,0.33720359438390746
