,SF_val_drying_ratio,mineral_total,SF_val_fdi_alpha,SF_val_part_dens,SF_val_durat_slope
705,10001.28040575266,0.06145124155714868,0.0007492158215882887,341.37195953192105,0.13371413140685565
