,SF_val_drying_ratio,mineral_total,SF_val_fdi_alpha,SF_val_part_dens,SF_val_durat_slope
222,10698.475664220174,0.038728723168621214,0.000598829761136664,162.40818157844726,0.3555409796804879
