,SF_val_drying_ratio,mineral_total,SF_val_fdi_alpha,SF_val_part_dens,SF_val_durat_slope
642,9778.951357745567,0.03162193484497672,0.0005235154051636446,788.1858564115873,0.13761019049213447
