,SF_val_drying_ratio,mineral_total,SF_val_fdi_alpha,SF_val_part_dens,SF_val_durat_slope
296,74737.19554944584,0.01429410898818546,0.00048154444063605947,223.62302423150868,0.18334325611289315
