,SF_val_drying_ratio,mineral_total,SF_val_fdi_alpha,SF_val_part_dens,SF_val_durat_slope
483,8378.292876121905,0.04256401075912363,0.0003315237468753226,194.49246977782914,0.19618284690144921
