,SF_val_drying_ratio,mineral_total,SF_val_fdi_alpha,SF_val_part_dens,SF_val_durat_slope
446,67987.42497559637,0.010619773214127853,0.0004701246685086409,895.1246363562183,0.042150612961517786
