,SF_val_drying_ratio,mineral_total,SF_val_fdi_alpha,SF_val_part_dens,SF_val_durat_slope
728,34059.197897951206,0.06428300108018245,0.00012862525170693752,388.64796221290305,0.17137114189080632
