,SF_val_drying_ratio,mineral_total,SF_val_fdi_alpha,SF_val_part_dens,SF_val_durat_slope
628,13211.203535923953,0.056928403277693336,0.0003920725106408932,776.2457895580978,0.22393885726588536
