,SF_val_drying_ratio,mineral_total,SF_val_fdi_alpha,SF_val_part_dens,SF_val_durat_slope
784,21583.30745267719,0.06781703430495557,0.0008566273254679603,514.9219245150045,0.361506879328647
