,SF_val_drying_ratio,mineral_total,SF_val_fdi_alpha,SF_val_part_dens,SF_val_durat_slope
134,49860.77285527777,0.01425844510324277,0.0001924895201861773,826.7755224619258,0.15472474383826001
