,SF_val_drying_ratio,mineral_total,SF_val_fdi_alpha,SF_val_part_dens,SF_val_durat_slope
1096,75356.57549833352,0.0276543854881989,0.00025254434580375217,403.1257147245978,0.024384716127930785
