,SF_val_drying_ratio,mineral_total,SF_val_fdi_alpha,SF_val_part_dens,SF_val_durat_slope
552,13514.799788351316,0.047121017377061265,0.0003720841337080734,235.1801455905259,0.11085202126967048
