,SF_val_drying_ratio,mineral_total,SF_val_fdi_alpha,SF_val_part_dens,SF_val_durat_slope
230,27013.731428905732,0.07769163086536776,0.0007931833382210188,1145.668098016803,0.10924682869651359
