,SF_val_drying_ratio,mineral_total,SF_val_fdi_alpha,SF_val_part_dens,SF_val_durat_slope
609,27133.414643577624,0.0773195153126113,0.0007511162749634367,86.03631479600219,0.17129110514065105
