,SF_val_drying_ratio,mineral_total,SF_val_fdi_alpha,SF_val_part_dens,SF_val_durat_slope
642,68296.79850784241,0.032677517008223335,0.0003332269896016332,729.4788317626219,0.03386810628649641
