,SF_val_drying_ratio,mineral_total,SF_val_fdi_alpha,SF_val_part_dens,SF_val_durat_slope
582,29797.47039750878,0.07001535529088275,0.00028703665565602313,135.1135113745887,0.0789882101590727
