,SF_val_drying_ratio,mineral_total,SF_val_fdi_alpha,SF_val_part_dens,SF_val_durat_slope
537,28014.73332881814,0.06668323132129485,0.00044476394959109465,874.0985970627484,0.09586331510058438
