,SF_val_drying_ratio,mineral_total,SF_val_fdi_alpha,SF_val_part_dens,SF_val_durat_slope
648,36094.973684158715,0.08437616470233925,0.0005920845593630431,900.9305819809821,0.14019716316124872
