,SF_val_drying_ratio,mineral_total,SF_val_fdi_alpha,SF_val_part_dens,SF_val_durat_slope
851,55284.85145779862,0.09466740387076943,0.0006726353807967819,676.2007904792188,0.002379060850549064
