,SF_val_drying_ratio,mineral_total,SF_val_fdi_alpha,SF_val_part_dens,SF_val_durat_slope
906,22809.926784912408,0.040871412857977955,0.0006275614545606481,842.9558201322628,0.18549374424624815
