,SF_val_drying_ratio,mineral_total,SF_val_fdi_alpha,SF_val_part_dens,SF_val_durat_slope
163,17318.085133456803,0.012173049962796887,0.0002840379897351827,383.4421725389927,0.1830735583235852
