,SF_val_drying_ratio,mineral_total,SF_val_fdi_alpha,SF_val_part_dens,SF_val_durat_slope
100,4923.765961800196,0.0973962155995203,0.0006141608957786587,609.0433042293852,0.2690492224351129
