,SF_val_drying_ratio,mineral_total,SF_val_fdi_alpha,SF_val_part_dens,SF_val_durat_slope
303,16869.439016884447,0.016891167682621718,0.0004513497274873956,62.777271889031475,0.054674766765075655
