,SF_val_drying_ratio,mineral_total,SF_val_fdi_alpha,SF_val_part_dens,SF_val_durat_slope
909,16403.117333001137,0.063863782727027,0.0007394093450969607,755.8381347664284,0.12156712923309831
