,SF_val_drying_ratio,mineral_total,SF_val_fdi_alpha,SF_val_part_dens,SF_val_durat_slope
459,71509.99841416266,0.03540415079702571,0.0008448604631022458,646.7292338806735,0.015671656152624714
