,SF_val_drying_ratio,mineral_total,SF_val_fdi_alpha,SF_val_part_dens,SF_val_durat_slope
203,23258.196540922072,0.023024026568923415,0.00017992481564411804,737.1109531063719,0.4335785636341827
