,SF_val_drying_ratio,mineral_total,SF_val_fdi_alpha,SF_val_part_dens,SF_val_durat_slope
727,30278.532687415285,0.04088117661027495,0.00018008599748410497,526.6281973392047,0.09281783278434588
