,SF_val_drying_ratio,mineral_total,SF_val_fdi_alpha,SF_val_part_dens,SF_val_durat_slope
1056,20257.293628413834,0.03748106562348305,0.0006794158309069598,900.170802120591,0.05811835162252741
