,SF_val_drying_ratio,mineral_total,SF_val_fdi_alpha,SF_val_part_dens,SF_val_durat_slope
755,35740.544385178015,0.08621667663954286,0.00028134681209025656,495.6896737456145,0.19490138001834412
