,SF_val_drying_ratio,mineral_total,SF_val_fdi_alpha,SF_val_part_dens,SF_val_durat_slope
88,10087.252941921768,0.03203472936410486,0.0004040111576563936,47.575334508438594,0.4063723838522374
