,SF_val_drying_ratio,mineral_total,SF_val_fdi_alpha,SF_val_part_dens,SF_val_durat_slope
8,17290.441387978597,0.0738669241860327,0.00010770644825003419,316.931379227333,0.08421079996169156
