,SF_val_drying_ratio,mineral_total,SF_val_fdi_alpha,SF_val_part_dens,SF_val_durat_slope
273,32384.511933485366,0.09862801737681409,0.00022327542487311037,749.3541717801668,0.16293214766268335
