,SF_val_drying_ratio,mineral_total,SF_val_fdi_alpha,SF_val_part_dens,SF_val_durat_slope
629,61766.6656391309,0.063636110916761,0.0002472620827949992,603.1013052815096,0.07907201874063513
