,SF_val_drying_ratio,mineral_total,SF_val_fdi_alpha,SF_val_part_dens,SF_val_durat_slope
569,49288.30669828982,0.05648433933866653,0.0008519366711572308,221.108134131922,0.05797369891489086
