,SF_val_drying_ratio,mineral_total,SF_val_fdi_alpha,SF_val_part_dens,SF_val_durat_slope
547,13574.668099179056,0.022713159506313432,0.0007220154765273179,476.6902543339409,0.020566975405445987
