,SF_val_drying_ratio,mineral_total,SF_val_fdi_alpha,SF_val_part_dens,SF_val_durat_slope
193,71430.12559246889,0.0603019345093079,0.0008545600446757362,451.9472012358315,0.040125159907708464
