,SF_val_drying_ratio,mineral_total,SF_val_fdi_alpha,SF_val_part_dens,SF_val_durat_slope
300,28975.396315494698,0.06662923664693401,0.00030767392356574825,883.1345416286291,0.17483822238294866
