,SF_val_drying_ratio,mineral_total,SF_val_fdi_alpha,SF_val_part_dens,SF_val_durat_slope
441,16164.61643234422,0.03474873214623847,0.0003220418001539494,743.0013652689634,0.046973281849015926
