,SF_val_drying_ratio,mineral_total,SF_val_fdi_alpha,SF_val_part_dens,SF_val_durat_slope
711,25309.904170804864,0.017086755221426095,0.0007709889060555273,410.9470213222628,0.44699687120795095
