,SF_val_drying_ratio,mineral_total,SF_val_fdi_alpha,SF_val_part_dens,SF_val_durat_slope
729,9949.522702654293,0.030078159033170862,0.0004524115279094797,995.7142852130269,0.24496344002374892
