,SF_val_drying_ratio,mineral_total,SF_val_fdi_alpha,SF_val_part_dens,SF_val_durat_slope
396,36973.64786352932,0.014431583522275592,0.0008717911910027362,285.28603303643064,0.19732422814860454
