,SF_val_drying_ratio,mineral_total,SF_val_fdi_alpha,SF_val_part_dens,SF_val_durat_slope
202,11006.136706310677,0.09552262050027724,0.0008923783630165558,735.1008203737347,0.0712031383972957
