,SF_val_drying_ratio,mineral_total,SF_val_fdi_alpha,SF_val_part_dens,SF_val_durat_slope
115,13067.286775156976,0.03682757527558532,0.0007324948304457647,344.73284730015826,0.2728193844432361
