,SF_val_drying_ratio,mineral_total,SF_val_fdi_alpha,SF_val_part_dens,SF_val_durat_slope
950,23222.86391446831,0.018711853273080455,0.0005677868457108164,1030.470903735276,0.26096134143903954
