,SF_val_drying_ratio,mineral_total,SF_val_fdi_alpha,SF_val_part_dens,SF_val_durat_slope
412,7322.431063250429,0.07994343963653844,0.0001956837950833112,547.5532925737567,0.2548650009352298
