,SF_val_drying_ratio,mineral_total,SF_val_fdi_alpha,SF_val_part_dens,SF_val_durat_slope
212,28264.206957935974,0.052298955065679054,0.0005312493108886444,74.71368531343445,0.4383130510125658
