,SF_val_drying_ratio,mineral_total,SF_val_fdi_alpha,SF_val_part_dens,SF_val_durat_slope
0,23523.423789094413,0.018196742003282633,0.0005117475941989029,236.58297501251994,0.18735536343647097
