,SF_val_drying_ratio,mineral_total,SF_val_fdi_alpha,SF_val_part_dens,SF_val_durat_slope
289,7951.424325327344,0.08755744046189767,0.0004415458817256313,662.7145422125736,0.40475791771103
