,SF_val_drying_ratio,mineral_total,SF_val_fdi_alpha,SF_val_part_dens,SF_val_durat_slope
237,25115.296162952454,0.06725408558100884,0.0001980412456934304,754.3435617368117,0.3030273610822828
