,SF_val_drying_ratio,mineral_total,SF_val_fdi_alpha,SF_val_part_dens,SF_val_durat_slope
67,29880.34660842421,0.0169630872701714,0.00010430857936285625,762.0432871618873,0.14994666413114316
