,SF_val_drying_ratio,mineral_total,SF_val_fdi_alpha,SF_val_part_dens,SF_val_durat_slope
124,25492.363345133323,0.06549197908092269,0.000842364360631967,559.6289454246566,0.11204526074940868
