,SF_val_drying_ratio,mineral_total,SF_val_fdi_alpha,SF_val_part_dens,SF_val_durat_slope
110,20929.326743288337,0.010714767379936367,0.0007507619630572318,843.8223806224044,0.1347868253413922
