,SF_val_drying_ratio,mineral_total,SF_val_fdi_alpha,SF_val_part_dens,SF_val_durat_slope
403,19747.28016348899,0.03112662355577682,0.000491203338496871,718.4781524018559,0.20650454589243794
