,SF_val_drying_ratio,mineral_total,SF_val_fdi_alpha,SF_val_part_dens,SF_val_durat_slope
888,27679.705972251715,0.053474743218874354,0.0005789327978753498,468.67113560944114,0.008627477865060285
