,SF_val_drying_ratio,mineral_total,SF_val_fdi_alpha,SF_val_part_dens,SF_val_durat_slope
153,28908.685906880284,0.010379039750278624,0.00044248721270210764,216.97575010885797,0.39997158527517956
