,SF_val_drying_ratio,mineral_total,SF_val_fdi_alpha,SF_val_part_dens,SF_val_durat_slope
33,62440.37823633211,0.050710161368675774,0.00023819140705730096,659.5287896229519,0.1807939246769673
