,SF_val_drying_ratio,mineral_total,SF_val_fdi_alpha,SF_val_part_dens,SF_val_durat_slope
808,8760.657292806703,0.012509540658256066,0.0003075931830887549,376.54804452155736,0.32284505274943537
