,SF_val_drying_ratio,mineral_total,SF_val_fdi_alpha,SF_val_part_dens,SF_val_durat_slope
232,76790.77286518755,0.04374727001111841,0.0006983836936645042,325.7881257380846,0.17088776262020772
