,SF_val_drying_ratio,mineral_total,SF_val_fdi_alpha,SF_val_part_dens,SF_val_durat_slope
751,10751.6423718954,0.012702992732824402,0.00048487799822288536,289.8455955178565,0.3797194665033287
