,SF_val_drying_ratio,mineral_total,SF_val_fdi_alpha,SF_val_part_dens,SF_val_durat_slope
12,77695.10305392135,0.08488684211636954,0.0005351285886069352,759.577480621515,0.04510720446557932
