,SF_val_drying_ratio,mineral_total,SF_val_fdi_alpha,SF_val_part_dens,SF_val_durat_slope
539,22482.00213239911,0.05376915978562757,0.0008692457794519692,522.5114094790667,0.32865057536688597
