,SF_val_drying_ratio,mineral_total,SF_val_fdi_alpha,SF_val_part_dens,SF_val_durat_slope
373,52150.34966752302,0.09359180957147566,0.00023051420922424342,842.7535282037742,0.16795493310676893
