,SF_val_drying_ratio,mineral_total,SF_val_fdi_alpha,SF_val_part_dens,SF_val_durat_slope
554,61886.040312601166,0.05390271570617099,0.0007522973170889513,304.8115593947146,0.1661288571351961
