,SF_val_drying_ratio,mineral_total,SF_val_fdi_alpha,SF_val_part_dens,SF_val_durat_slope
603,51444.20156865712,0.09020524684210393,0.0007837615435094042,214.20157677566766,0.10606387518944978
