,SF_val_drying_ratio,mineral_total,SF_val_fdi_alpha,SF_val_part_dens,SF_val_durat_slope
591,22326.788405521955,0.09892754352668374,0.00034398211090474123,454.97889010563085,0.02516015224085262
