,SF_val_drying_ratio,mineral_total,SF_val_fdi_alpha,SF_val_part_dens,SF_val_durat_slope
594,5998.43070618637,0.08285365169728998,0.000853899575638151,501.2753319997023,0.3273818218955542
