,SF_val_drying_ratio,mineral_total,SF_val_fdi_alpha,SF_val_part_dens,SF_val_durat_slope
709,4629.549771891358,0.09741782684721349,0.00022133646434867175,1136.927112494866,0.23674172277985162
