,SF_val_drying_ratio,mineral_total,SF_val_fdi_alpha,SF_val_part_dens,SF_val_durat_slope
575,3937.149716107066,0.06476384997011418,0.0005640953478747275,197.89601688437057,0.21660811585049133
