,SF_val_drying_ratio,mineral_total,SF_val_fdi_alpha,SF_val_part_dens,SF_val_durat_slope
1033,34013.348957535345,0.056195930949981626,0.0006437983425115943,707.9119449724376,0.08148904356453975
