,SF_val_drying_ratio,mineral_total,SF_val_fdi_alpha,SF_val_part_dens,SF_val_durat_slope
754,15945.45006019017,0.07950256850407593,0.00024761278497588277,1037.056349580762,0.20586332934584112
