,SF_val_drying_ratio,mineral_total,SF_val_fdi_alpha,SF_val_part_dens,SF_val_durat_slope
873,14688.356890820796,0.06331156076458354,0.000363817286417898,688.0832449014849,0.27334265050851136
