,SF_val_drying_ratio,mineral_total,SF_val_fdi_alpha,SF_val_part_dens,SF_val_durat_slope
407,10290.512665672179,0.04537115867356839,0.00023699492851537405,222.04522236235948,0.10636900751134765
