,SF_val_drying_ratio,mineral_total,SF_val_fdi_alpha,SF_val_part_dens,SF_val_durat_slope
696,7827.813165266923,0.02473039173178479,0.00010214841786994634,773.1810190374688,0.45202776254326166
