,SF_val_drying_ratio,mineral_total,SF_val_fdi_alpha,SF_val_part_dens,SF_val_durat_slope
787,58088.74099393841,0.053734938901407646,0.0002863688624535535,896.7752978243823,0.18768020293587326
