,SF_val_drying_ratio,mineral_total,SF_val_fdi_alpha,SF_val_part_dens,SF_val_durat_slope
195,66939.18118394635,0.061424273780911545,0.00046613490229875594,375.54301570514895,0.141699310137617
