,SF_val_drying_ratio,mineral_total,SF_val_fdi_alpha,SF_val_part_dens,SF_val_durat_slope
369,76099.43354673979,0.020593900241280935,0.0006655096577259935,758.9781285441463,0.011594402902757595
