,SF_val_drying_ratio,mineral_total,SF_val_fdi_alpha,SF_val_part_dens,SF_val_durat_slope
815,11096.172197869604,0.07113745497196249,0.0002855344675631607,256.392630080907,0.21975146150860636
