,SF_val_drying_ratio,mineral_total,SF_val_fdi_alpha,SF_val_part_dens,SF_val_durat_slope
297,47594.99243193468,0.02622669859450611,0.0008444644566996237,197.87371096750766,0.12478892342930892
