,SF_val_drying_ratio,mineral_total,SF_val_fdi_alpha,SF_val_part_dens,SF_val_durat_slope
421,63058.661540968955,0.09951671390878329,0.0005549722977259519,199.48006966451473,0.09014324158606964
