,SF_val_drying_ratio,mineral_total,SF_val_fdi_alpha,SF_val_part_dens,SF_val_durat_slope
755,28261.956648843825,0.037540918607894026,0.0006098868049022773,201.28681043873686,0.33237518217138756
