,SF_val_drying_ratio,mineral_total,SF_val_fdi_alpha,SF_val_part_dens,SF_val_durat_slope
539,58116.31991357192,0.07521221413743702,0.0008670626243309521,781.004111000529,0.13389461213839846
