,SF_val_drying_ratio,mineral_total,SF_val_fdi_alpha,SF_val_part_dens,SF_val_durat_slope
724,29578.577090397866,0.021363304162915445,0.0005777406427890892,330.7930035126826,0.37617847855822195
