,SF_val_drying_ratio,mineral_total,SF_val_fdi_alpha,SF_val_part_dens,SF_val_durat_slope
219,18350.20370508518,0.029767130633263403,0.0007479210930760382,641.5254928910065,0.2091010816470385
