,SF_val_drying_ratio,mineral_total,SF_val_fdi_alpha,SF_val_part_dens,SF_val_durat_slope
34,17807.539243441515,0.03823188613059492,0.0007160389776843763,341.3306531556139,0.018301498350418898
