,SF_val_drying_ratio,mineral_total,SF_val_fdi_alpha,SF_val_part_dens,SF_val_durat_slope
606,71411.21501592368,0.09688871674505829,0.0006303077807396235,498.7278251622403,0.12865734441137158
