,SF_val_drying_ratio,mineral_total,SF_val_fdi_alpha,SF_val_part_dens,SF_val_durat_slope
554,22036.827360100895,0.047920091295599404,0.0007768732189570788,752.2674457320123,0.1041875971430804
