,SF_val_drying_ratio,mineral_total,SF_val_fdi_alpha,SF_val_part_dens,SF_val_durat_slope
819,27792.363618025567,0.03242493213188937,0.0007700749190099163,681.9993381928417,0.13642118164700784
