,SF_val_drying_ratio,mineral_total,SF_val_fdi_alpha,SF_val_part_dens,SF_val_durat_slope
183,12389.125281435403,0.023940519433729365,0.0005256202105228107,343.90498614710776,0.35995824150936134
