,SF_val_drying_ratio,mineral_total,SF_val_fdi_alpha,SF_val_part_dens,SF_val_durat_slope
883,78173.10915936697,0.0719278683964687,0.0006500012867273091,343.81082503789946,0.11785833189228752
