,SF_val_drying_ratio,mineral_total,SF_val_fdi_alpha,SF_val_part_dens,SF_val_durat_slope
701,7317.276526413791,0.039899171682617314,0.0008833860040734564,573.364476356179,0.2077285225125836
