,SF_val_drying_ratio,mineral_total,SF_val_fdi_alpha,SF_val_part_dens,SF_val_durat_slope
387,28037.666367840524,0.04628446042112245,0.00013168236744273232,1137.1525067037508,0.39397453963305
