,SF_val_drying_ratio,mineral_total,SF_val_fdi_alpha,SF_val_part_dens,SF_val_durat_slope
464,66804.84637681046,0.018726506899156614,0.00037348372843760464,902.5756526212465,0.19004402907768714
