,SF_val_drying_ratio,mineral_total,SF_val_fdi_alpha,SF_val_part_dens,SF_val_durat_slope
661,71666.50532876661,0.09567363973127832,0.0003366270774418507,776.1816717459774,0.08964799525028944
