,SF_val_drying_ratio,mineral_total,SF_val_fdi_alpha,SF_val_part_dens,SF_val_durat_slope
88,34784.60418597949,0.09558067865594445,0.00045547730608069804,636.3830547633414,0.1968031660385995
