,SF_val_drying_ratio,mineral_total,SF_val_fdi_alpha,SF_val_part_dens,SF_val_durat_slope
691,26353.805998194606,0.03727600818605328,0.0003573658191127265,233.27846732492867,0.18812232666960782
