,SF_val_drying_ratio,mineral_total,SF_val_fdi_alpha,SF_val_part_dens,SF_val_durat_slope
328,24989.93451535293,0.021842315764418356,0.0003277365608845117,351.48939335344386,0.3458859313606232
