,SF_val_drying_ratio,mineral_total,SF_val_fdi_alpha,SF_val_part_dens,SF_val_durat_slope
668,2408.529701156273,0.045606139283155704,0.0006489301947544417,535.7188605889088,0.334541782976367
