,SF_val_drying_ratio,mineral_total,SF_val_fdi_alpha,SF_val_part_dens,SF_val_durat_slope
83,23242.527369980144,0.02189164348498689,0.00021905840921788522,1153.9534407832239,0.09888429617491956
