,SF_val_drying_ratio,mineral_total,SF_val_fdi_alpha,SF_val_part_dens,SF_val_durat_slope
339,75869.08967133852,0.08089889569587283,0.0002049828999669632,496.5503842851104,0.17434942734513934
