,SF_val_drying_ratio,mineral_total,SF_val_fdi_alpha,SF_val_part_dens,SF_val_durat_slope
115,76038.5036813461,0.04694402480000295,0.0007469620610562122,733.731573378981,0.14816299384418657
