,SF_val_drying_ratio,mineral_total,SF_val_fdi_alpha,SF_val_part_dens,SF_val_durat_slope
928,15042.6859797899,0.037213529447467475,0.00023370837564180727,920.9189139848684,0.17239102200636186
