,SF_val_drying_ratio,mineral_total,SF_val_fdi_alpha,SF_val_part_dens,SF_val_durat_slope
719,76664.76596749213,0.07639122298492089,0.0002613517648003918,197.61417688606997,0.01317012931007431
