,SF_val_drying_ratio,mineral_total,SF_val_fdi_alpha,SF_val_part_dens,SF_val_durat_slope
442,23866.77320107793,0.058120801315264856,0.0007793200873201126,518.2748608573465,0.007438962237220759
