,SF_val_drying_ratio,mineral_total,SF_val_fdi_alpha,SF_val_part_dens,SF_val_durat_slope
1012,22762.26361654353,0.06508101989435001,0.000653599288174962,531.160600810849,0.1536018529992527
