,SF_val_drying_ratio,mineral_total,SF_val_fdi_alpha,SF_val_part_dens,SF_val_durat_slope
509,17461.96622145814,0.043395687255646354,0.00044365613945359636,697.3174334920633,0.24033451964494779
