,SF_val_drying_ratio,mineral_total,SF_val_fdi_alpha,SF_val_part_dens,SF_val_durat_slope
807,32949.94350824013,0.060721723998839544,0.0004591372086857538,373.11819120920654,0.10614103212459301
