,SF_val_drying_ratio,mineral_total,SF_val_fdi_alpha,SF_val_part_dens,SF_val_durat_slope
973,62723.278485114286,0.07294069498752087,0.0004462849955429332,187.86316415615792,0.07553990168936771
