,SF_val_drying_ratio,mineral_total,SF_val_fdi_alpha,SF_val_part_dens,SF_val_durat_slope
553,19487.416611225995,0.041505759910799106,0.0004641044083621922,334.1686387989764,0.034019093118664634
