,SF_val_drying_ratio,mineral_total,SF_val_fdi_alpha,SF_val_part_dens,SF_val_durat_slope
614,42489.06749304556,0.06012103974544632,0.0001929928606639204,110.66798523311643,0.18025207667409113
