,SF_val_drying_ratio,mineral_total,SF_val_fdi_alpha,SF_val_part_dens,SF_val_durat_slope
542,30652.443063117113,0.047622100671654885,0.0007699216446257404,257.38458334265124,0.007681565632601206
