,SF_val_drying_ratio,mineral_total,SF_val_fdi_alpha,SF_val_part_dens,SF_val_durat_slope
338,65163.17077723572,0.027307623521201294,0.0008394193536646769,290.3115181234272,0.1914986187661769
