,SF_val_drying_ratio,mineral_total,SF_val_fdi_alpha,SF_val_part_dens,SF_val_durat_slope
737,15311.43063249859,0.040225542461097503,0.0008243700491582647,1065.654600465794,0.3772405684640601
