,SF_val_drying_ratio,mineral_total,SF_val_fdi_alpha,SF_val_part_dens,SF_val_durat_slope
370,25538.704030242527,0.07106063981519055,0.0007460000488017472,996.9053035210196,0.0188514673343948
