,SF_val_drying_ratio,mineral_total,SF_val_fdi_alpha,SF_val_part_dens,SF_val_durat_slope
778,34901.42310214529,0.09917523249312085,0.000323111749084897,685.7321352523221,0.16365027232984664
