,SF_val_drying_ratio,mineral_total,SF_val_fdi_alpha,SF_val_part_dens,SF_val_durat_slope
130,28419.56543731995,0.08391332370495878,0.00037514968834559794,1071.9908802449872,0.19508478975082905
