,SF_val_drying_ratio,mineral_total,SF_val_fdi_alpha,SF_val_part_dens,SF_val_durat_slope
268,35010.038640619314,0.022617052487197923,0.00030061129442402997,208.86023488927754,0.0876732734729534
