,SF_val_drying_ratio,mineral_total,SF_val_fdi_alpha,SF_val_part_dens,SF_val_durat_slope
112,11321.000588506038,0.017770764840202305,0.00032283776016916066,390.5842156651352,0.04992783119037765
