,SF_val_drying_ratio,mineral_total,SF_val_fdi_alpha,SF_val_part_dens,SF_val_durat_slope
360,29437.735988060613,0.05283944925283518,0.0008181894642452741,121.88685376217883,0.4077672959952127
