,SF_val_drying_ratio,mineral_total,SF_val_fdi_alpha,SF_val_part_dens,SF_val_durat_slope
271,69558.03423624896,0.013907186118201676,0.0003068831348364262,615.2817095764102,0.06619089359859605
