,SF_val_drying_ratio,mineral_total,SF_val_fdi_alpha,SF_val_part_dens,SF_val_durat_slope
534,24753.633283126437,0.03872785073078419,0.0002282528683592856,456.1592450632439,0.39616497083404595
