,SF_val_drying_ratio,mineral_total,SF_val_fdi_alpha,SF_val_part_dens,SF_val_durat_slope
805,71098.08121145194,0.06512055045298888,0.0001886359455511931,230.8997534867288,0.03800990125688222
