,SF_val_drying_ratio,mineral_total,SF_val_fdi_alpha,SF_val_part_dens,SF_val_durat_slope
304,33380.88875421806,0.03057608308048393,0.0004893204176316663,514.8548999298667,0.19491368983652355
