,SF_val_drying_ratio,mineral_total,SF_val_fdi_alpha,SF_val_part_dens,SF_val_durat_slope
773,58322.34701226363,0.018007130033449885,0.00013853961814406032,814.5294980251871,0.1677509207000678
