,SF_val_drying_ratio,mineral_total,SF_val_fdi_alpha,SF_val_part_dens,SF_val_durat_slope
469,27973.496369339467,0.04813922873599091,0.00034417127674674173,258.7284566876328,0.043005214893635346
