,SF_val_drying_ratio,mineral_total,SF_val_fdi_alpha,SF_val_part_dens,SF_val_durat_slope
643,5545.938996931685,0.010820395243278373,0.0008037317719764436,834.7808175383515,0.13260804157511108
