,SF_val_drying_ratio,mineral_total,SF_val_fdi_alpha,SF_val_part_dens,SF_val_durat_slope
795,8874.241065338936,0.0468667806193589,0.0001144400038608266,642.212135131648,0.3946864423516083
