,SF_val_drying_ratio,mineral_total,SF_val_fdi_alpha,SF_val_part_dens,SF_val_durat_slope
216,22501.41928157093,0.014784903607632306,0.0007607000786625958,481.557424145539,0.08848731961319367
