,SF_val_drying_ratio,mineral_total,SF_val_fdi_alpha,SF_val_part_dens,SF_val_durat_slope
425,34352.04888992068,0.06422896076968854,0.00023869165705867214,740.3604530662777,0.01809229273154205
