,SF_val_drying_ratio,mineral_total,SF_val_fdi_alpha,SF_val_part_dens,SF_val_durat_slope
91,29789.277195633284,0.0665793209993685,0.00043659850460239905,236.60120158865286,0.1447620324917835
