,SF_val_drying_ratio,mineral_total,SF_val_fdi_alpha,SF_val_part_dens,SF_val_durat_slope
365,2530.912680868869,0.019627685976867378,0.00027132473859329626,445.0488362349,0.26339452202670127
