,SF_val_drying_ratio,mineral_total,SF_val_fdi_alpha,SF_val_part_dens,SF_val_durat_slope
492,56891.25337376236,0.06848209169311716,0.0007821731242605344,763.169446767487,0.09448236038170153
