,SF_val_drying_ratio,mineral_total,SF_val_fdi_alpha,SF_val_part_dens,SF_val_durat_slope
1020,70424.352572641,0.059253176025056004,0.0008918292095402985,384.8389512645799,0.16527614660890133
