,SF_val_drying_ratio,mineral_total,SF_val_fdi_alpha,SF_val_part_dens,SF_val_durat_slope
404,9742.103447406449,0.057035007552249085,0.0006713622505905155,370.19491515998715,0.3471935442966702
