,SF_val_drying_ratio,mineral_total,SF_val_fdi_alpha,SF_val_part_dens,SF_val_durat_slope
428,42229.212686629595,0.052508160549381434,0.0004389256593000071,101.0554815726323,0.1572502929142663
