,SF_val_drying_ratio,mineral_total,SF_val_fdi_alpha,SF_val_part_dens,SF_val_durat_slope
267,14318.342111285438,0.0789643069856674,0.0006040567328420565,144.29696071509298,0.2139253758244674
