,SF_val_drying_ratio,mineral_total,SF_val_fdi_alpha,SF_val_part_dens,SF_val_durat_slope
530,21414.865060402662,0.07346755989355623,0.0005120496078854439,455.54345220828753,0.1839047874909261
