,SF_val_drying_ratio,mineral_total,SF_val_fdi_alpha,SF_val_part_dens,SF_val_durat_slope
573,58513.68860282492,0.06272418748415669,0.0005458991943745698,164.6363599698821,0.1817203816069386
