,SF_val_drying_ratio,mineral_total,SF_val_fdi_alpha,SF_val_part_dens,SF_val_durat_slope
305,4945.704495606904,0.018445738017513313,0.00042834593418495905,759.4330650623534,0.46949247311134407
