,SF_val_drying_ratio,mineral_total,SF_val_fdi_alpha,SF_val_part_dens,SF_val_durat_slope
742,27341.02569232281,0.03276079838502434,0.00035085588077724494,126.48957656322,0.13529763464393935
