,SF_val_drying_ratio,mineral_total,SF_val_fdi_alpha,SF_val_part_dens,SF_val_durat_slope
754,78585.99763359524,0.09718611908426786,0.00038312589243047197,157.38340230790197,0.02714186739055953
