,SF_val_drying_ratio,mineral_total,SF_val_fdi_alpha,SF_val_part_dens,SF_val_durat_slope
219,10564.063318439492,0.07745399143509825,0.0006315929234224104,234.84100567114484,0.15934608810076753
