,SF_val_drying_ratio,mineral_total,SF_val_fdi_alpha,SF_val_part_dens,SF_val_durat_slope
826,23330.80199904716,0.0805267586199294,0.0002855336562749878,920.9373336843037,0.44925097517155527
