,SF_val_drying_ratio,mineral_total,SF_val_fdi_alpha,SF_val_part_dens,SF_val_durat_slope
503,12556.442651988627,0.04496195606754476,0.00040375757226405784,203.2085740028652,0.47475389671890983
