,SF_val_drying_ratio,mineral_total,SF_val_fdi_alpha,SF_val_part_dens,SF_val_durat_slope
17,28975.923927973326,0.03299133985477716,4.961034776459231,817.6887787490335,0.10380047038907197
