,SF_val_drying_ratio,mineral_total,SF_val_fdi_alpha,SF_val_part_dens,SF_val_durat_slope
89,27906.264782194998,0.09590487656961653,0.0008652172298995371,182.1701951345458,0.18088585233718776
