,SF_val_drying_ratio,mineral_total,SF_val_fdi_alpha,SF_val_part_dens,SF_val_durat_slope
509,78765.84616206781,0.07036164593987021,0.0008883327076284825,416.28401410051816,0.10937642800528402
