,SF_val_drying_ratio,mineral_total,SF_val_fdi_alpha,SF_val_part_dens,SF_val_durat_slope
71,13341.002140768931,0.07411467197244728,0.0004725530704314797,313.2649353124365,0.16768433360980847
