,SF_val_drying_ratio,mineral_total,SF_val_fdi_alpha,SF_val_part_dens,SF_val_durat_slope
945,31568.348440414302,0.03904741712399421,0.0003576382478069141,238.5859525443302,0.027625768290838737
