,SF_val_drying_ratio,mineral_total,SF_val_fdi_alpha,SF_val_part_dens,SF_val_durat_slope
790,21069.778092141976,0.05179387370137926,0.00020668686605445705,400.5702252745813,0.13061887025065952
