,SF_val_drying_ratio,mineral_total,SF_val_fdi_alpha,SF_val_part_dens,SF_val_durat_slope
157,23950.077912864475,0.08918296705836938,0.00028678367177993423,750.1695320093268,0.4648331674302425
