,SF_val_drying_ratio,mineral_total,SF_val_fdi_alpha,SF_val_part_dens,SF_val_durat_slope
515,32086.8107748891,0.08567037631692637,0.0002439329333774542,841.2676171435849,0.0971012157558108
