,SF_val_drying_ratio,mineral_total,SF_val_fdi_alpha,SF_val_part_dens,SF_val_durat_slope
741,22758.423735626195,0.06979916729959336,0.0001525395936499141,145.6347420069428,0.1574440982999052
