,SF_val_drying_ratio,mineral_total,SF_val_fdi_alpha,SF_val_part_dens,SF_val_durat_slope
494,58091.46113106681,0.038267206337729585,0.0006490791709082263,835.8895814681476,0.06901886170882195
