,SF_val_drying_ratio,mineral_total,SF_val_fdi_alpha,SF_val_part_dens,SF_val_durat_slope
226,48697.471394763066,0.035540091834657735,0.0002108884912853039,227.42142216891693,0.014455387760013384
