,SF_val_drying_ratio,mineral_total,SF_val_fdi_alpha,SF_val_part_dens,SF_val_durat_slope
208,14447.935614511392,0.09104198281410786,0.00023517579418126867,442.5395643244374,0.03633912067546474
