,SF_val_drying_ratio,mineral_total,SF_val_fdi_alpha,SF_val_part_dens,SF_val_durat_slope
950,79139.63308429474,0.05094311261777812,0.0005470584127981212,634.030176784991,0.19194516051384095
