,SF_val_drying_ratio,mineral_total,SF_val_fdi_alpha,SF_val_part_dens,SF_val_durat_slope
35,4615.759337372699,0.04457339728931715,0.0007334840788776135,303.27064573880784,0.04564943056026621
