,SF_val_drying_ratio,mineral_total,SF_val_fdi_alpha,SF_val_part_dens,SF_val_durat_slope
276,12703.894419522236,0.07360311868340286,0.0006733593258876979,678.7187012765455,0.12014057247880959
