,SF_val_drying_ratio,mineral_total,SF_val_fdi_alpha,SF_val_part_dens,SF_val_durat_slope
930,25295.918919874388,0.0635623198008116,0.000500807056214554,400.0941765938579,0.4486186886038268
