,SF_val_drying_ratio,mineral_total,SF_val_fdi_alpha,SF_val_part_dens,SF_val_durat_slope
103,40536.79797283928,0.0797935561688589,0.0006042173561057183,135.62945846088311,0.19522131043392077
