,SF_val_drying_ratio,mineral_total,SF_val_fdi_alpha,SF_val_part_dens,SF_val_durat_slope
138,5740.986200911104,0.08388803141484504,0.00029083760731786246,286.1397869130057,0.25374681570409274
