,SF_val_drying_ratio,mineral_total,SF_val_fdi_alpha,SF_val_part_dens,SF_val_durat_slope
472,44697.07208106083,0.011234063796512414,0.00023463962234024854,561.7160566769612,0.18662084171282511
