,SF_val_drying_ratio,mineral_total,SF_val_fdi_alpha,SF_val_part_dens,SF_val_durat_slope
869,7206.883580504762,0.02546734327330926,0.00016225227498322986,636.6084879228732,0.02853925478632713
