,SF_val_drying_ratio,mineral_total,SF_val_fdi_alpha,SF_val_part_dens,SF_val_durat_slope
449,47998.18674089271,0.02832518950896678,0.0003506670124908577,138.94341374091178,0.1621213131786542
