,SF_val_drying_ratio,mineral_total,SF_val_fdi_alpha,SF_val_part_dens,SF_val_durat_slope
28,22891.829045945116,0.04443863351495364,0.00021239545827134545,537.1560437086919,0.09715351621589326
