,SF_val_drying_ratio,mineral_total,SF_val_fdi_alpha,SF_val_part_dens,SF_val_durat_slope
480,36809.332996092235,0.033365041856270004,0.0008254362371084461,260.07510817859156,0.1957292788168966
