,SF_val_drying_ratio,mineral_total,SF_val_fdi_alpha,SF_val_part_dens,SF_val_durat_slope
329,57653.18324202908,0.03320670283010068,0.00029459633332549665,160.78757160177122,0.0973778844161803
