,SF_val_drying_ratio,mineral_total,SF_val_fdi_alpha,SF_val_part_dens,SF_val_durat_slope
435,20822.150770333057,0.05553892915723037,0.000598305991882657,783.2064221394317,0.12556230852538364
