,SF_val_drying_ratio,mineral_total,SF_val_fdi_alpha,SF_val_part_dens,SF_val_durat_slope
893,69844.19798931148,0.07472354735733812,0.0004882801010997635,171.51724006471846,0.1736931426254189
