,SF_val_drying_ratio,mineral_total,SF_val_fdi_alpha,SF_val_part_dens,SF_val_durat_slope
107,30103.312562133025,0.01409338309911155,0.0007818596099539551,653.4197989223583,0.16288960053063783
