,SF_val_drying_ratio,mineral_total,SF_val_fdi_alpha,SF_val_part_dens,SF_val_durat_slope
899,31468.465256387844,0.01341290774256091,0.0006588095440456538,893.4627307877387,0.11700241756823247
