,SF_val_drying_ratio,mineral_total,SF_val_fdi_alpha,SF_val_part_dens,SF_val_durat_slope
499,3091.7472541586344,0.08330823722392068,0.00016954797842574782,639.356285309653,0.38031458157298587
