,SF_val_drying_ratio,mineral_total,SF_val_fdi_alpha,SF_val_part_dens,SF_val_durat_slope
41,10636.101065916335,0.0632582463884696,0.0003192772200184799,58.25243413979436,0.43091916201869274
