,SF_val_drying_ratio,mineral_total,SF_val_fdi_alpha,SF_val_part_dens,SF_val_durat_slope
432,28975.325504983943,0.047945210639169,0.0006930079346455219,262.8512054055017,0.09431391354825598
