,SF_val_drying_ratio,mineral_total,SF_val_fdi_alpha,SF_val_part_dens,SF_val_durat_slope
527,53016.674248992575,0.0414575895610253,0.00031412589215018387,355.43341732136474,0.019085781537638336
