,SF_val_drying_ratio,mineral_total,SF_val_fdi_alpha,SF_val_part_dens,SF_val_durat_slope
133,6701.135839253532,0.09626296075392245,0.00021908438894096855,698.4743822834997,0.27074220036833824
