,SF_val_drying_ratio,mineral_total,SF_val_fdi_alpha,SF_val_part_dens,SF_val_durat_slope
467,2221.974292873253,0.09989915995041629,0.00011226550397475804,848.5411504841651,0.49868284814552505
