,SF_val_drying_ratio,mineral_total,SF_val_fdi_alpha,SF_val_part_dens,SF_val_durat_slope
340,17559.053661243717,0.033164489470213936,0.00034709197018005343,372.8919701936146,0.29594268280266434
