,SF_val_drying_ratio,mineral_total,SF_val_fdi_alpha,SF_val_part_dens,SF_val_durat_slope
225,27849.781942915914,0.06156012387742713,0.00038387436959645265,724.5598587408023,0.327359260852356
