,SF_val_drying_ratio,mineral_total,SF_val_fdi_alpha,SF_val_part_dens,SF_val_durat_slope
525,9948.387586601797,0.07525117969148977,0.0007931596686128357,389.74925442043906,0.19833701446244578
