,SF_val_drying_ratio,mineral_total,SF_val_fdi_alpha,SF_val_part_dens,SF_val_durat_slope
402,43158.16662296326,0.0779849221238916,0.0008169574410386053,793.3596490858996,0.1488478839447699
