,SF_val_drying_ratio,mineral_total,SF_val_fdi_alpha,SF_val_part_dens,SF_val_durat_slope
494,21322.333347060394,0.07459170196198642,0.00046719453706750466,585.1413528222376,0.07467946352979321
