,SF_val_drying_ratio,mineral_total,SF_val_fdi_alpha,SF_val_part_dens,SF_val_durat_slope
991,62500.60168348921,0.06276257757993697,0.00014860232896205653,204.6259331114406,0.19737083465718197
