,SF_val_drying_ratio,mineral_total,SF_val_fdi_alpha,SF_val_part_dens,SF_val_durat_slope
72,3354.20638314567,0.09844218457312084,0.0005980707451017546,749.157478652527,0.05621198810690192
