,SF_val_drying_ratio,mineral_total,SF_val_fdi_alpha,SF_val_part_dens,SF_val_durat_slope
291,12520.683036847362,0.011409258099014259,0.00016217373556481034,346.9667145028154,0.03065972416294832
