,SF_val_drying_ratio,mineral_total,SF_val_fdi_alpha,SF_val_part_dens,SF_val_durat_slope
223,12906.526330154886,0.03981122370725251,0.0005086463161266421,799.1358509968317,0.31576878498645417
