,SF_val_drying_ratio,mineral_total,SF_val_fdi_alpha,SF_val_part_dens,SF_val_durat_slope
847,24904.652563317777,0.046148577272318636,0.0005208792034030159,198.8253736320657,0.2656235636961596
