,SF_val_drying_ratio,mineral_total,SF_val_fdi_alpha,SF_val_part_dens,SF_val_durat_slope
204,12280.64483817313,0.06834312540678344,0.00036064421086267457,85.90324168107377,0.1184743741607715
