,SF_val_drying_ratio,mineral_total,SF_val_fdi_alpha,SF_val_part_dens,SF_val_durat_slope
172,20147.029627496962,0.09525692766403672,0.0007424625863732994,442.5008585424642,0.02189934690414641
