,SF_val_drying_ratio,mineral_total,SF_val_fdi_alpha,SF_val_part_dens,SF_val_durat_slope
570,54530.53239611097,0.056320902276462755,0.0002631733185849592,655.8290639509712,0.14951642935761503
