,SF_val_drying_ratio,mineral_total,SF_val_fdi_alpha,SF_val_part_dens,SF_val_durat_slope
677,47633.71921451766,0.050006256451028595,0.0003875432466495906,773.3084148114216,0.05643543297790228
