,SF_val_drying_ratio,mineral_total,SF_val_fdi_alpha,SF_val_part_dens,SF_val_durat_slope
43,21778.94961580335,0.020066956527058567,0.00011450979457334993,534.067441067493,0.09411930924391308
