,SF_val_drying_ratio,mineral_total,SF_val_fdi_alpha,SF_val_part_dens,SF_val_durat_slope
386,43563.527483914455,0.042111001087228594,0.00024994817625579305,189.12402165509224,0.08425933481591563
