,SF_val_drying_ratio,mineral_total,SF_val_fdi_alpha,SF_val_part_dens,SF_val_durat_slope
220,18769.46499438665,0.03209140513128976,0.000479703585206009,498.6739158441569,0.49625502574775227
