,SF_val_drying_ratio,mineral_total,SF_val_fdi_alpha,SF_val_part_dens,SF_val_durat_slope
378,13984.616861279885,0.011371473425382686,0.0004555432994409221,686.2976641713013,0.12251680722516456
