,SF_val_drying_ratio,mineral_total,SF_val_fdi_alpha,SF_val_part_dens,SF_val_durat_slope
418,14948.562816721256,0.06880869418124484,0.00061817083339134,321.92134522109177,0.01622885784587196
