,SF_val_drying_ratio,mineral_total,SF_val_fdi_alpha,SF_val_part_dens,SF_val_durat_slope
934,8394.745908826379,0.04181941010869121,0.0005500962207760322,669.9094144041957,0.10462123659613587
