,SF_val_drying_ratio,mineral_total,SF_val_fdi_alpha,SF_val_part_dens,SF_val_durat_slope
209,20218.29284492896,0.05347213896572034,0.0001326115187396325,569.618598329822,0.034265185867007976
