,SF_val_drying_ratio,mineral_total,SF_val_fdi_alpha,SF_val_part_dens,SF_val_durat_slope
150,49672.05966529059,0.09540643220521398,0.00014017409253809932,521.3360893095211,0.09933831842751534
