,SF_val_drying_ratio,mineral_total,SF_val_fdi_alpha,SF_val_part_dens,SF_val_durat_slope
62,40446.021294925486,0.02160047736923043,0.0007265141614851366,224.1586611932275,0.04610688349528631
