,SF_val_drying_ratio,mineral_total,SF_val_fdi_alpha,SF_val_part_dens,SF_val_durat_slope
129,13739.189562988915,0.08027149051483065,0.00036455671988066667,435.77909616434465,0.008296673510888053
