,SF_val_drying_ratio,mineral_total,SF_val_fdi_alpha,SF_val_part_dens,SF_val_durat_slope
471,45627.513787647345,0.01026984970803105,0.0003592539858104391,186.48212224364033,0.019514362050983138
