,SF_val_drying_ratio,mineral_total,SF_val_fdi_alpha,SF_val_part_dens,SF_val_durat_slope
23,24530.772059269417,0.04162361267710464,0.0007754765992980325,135.10363413590468,0.0954360676504557
