,SF_val_drying_ratio,mineral_total,SF_val_fdi_alpha,SF_val_part_dens,SF_val_durat_slope
806,64253.43281411066,0.01710838415069342,0.0006615498515213866,861.3042015473224,0.1525559793300154
