,SF_val_drying_ratio,mineral_total,SF_val_fdi_alpha,SF_val_part_dens,SF_val_durat_slope
565,17100.552647931498,0.09599780217483028,0.0008697806235617756,1066.315705691789,0.16177828012361778
