,SF_val_drying_ratio,mineral_total,SF_val_fdi_alpha,SF_val_part_dens,SF_val_durat_slope
255,4353.448796445882,0.08216261446013735,0.0003625118799502181,607.5082689612492,0.37280150888557384
