,SF_val_drying_ratio,mineral_total,SF_val_fdi_alpha,SF_val_part_dens,SF_val_durat_slope
684,16013.77398526406,0.026010535170478903,0.0005169264893765698,297.91256981755913,0.1469327284757081
