,SF_val_drying_ratio,mineral_total,SF_val_fdi_alpha,SF_val_part_dens,SF_val_durat_slope
496,24171.61319297383,0.0318761630009776,0.0005965484146962418,968.3771696591755,0.3396297890616847
