,SF_val_drying_ratio,mineral_total,SF_val_fdi_alpha,SF_val_part_dens,SF_val_durat_slope
685,4909.658201204091,0.07954422356624558,0.00016612163678106855,183.21064387887253,0.4889856371926679
