,SF_val_drying_ratio,mineral_total,SF_val_fdi_alpha,SF_val_part_dens,SF_val_durat_slope
553,41384.94100282097,0.025009446855722595,0.000233189699386095,908.2929897163048,0.1325518263358665
