,SF_val_drying_ratio,mineral_total,SF_val_fdi_alpha,SF_val_part_dens,SF_val_durat_slope
371,55634.23010433355,0.016009655969465835,0.0008576147639733824,342.35361177821136,0.19207972673664028
