,SF_val_drying_ratio,mineral_total,SF_val_fdi_alpha,SF_val_part_dens,SF_val_durat_slope
65,61114.32701413527,0.06850394760396843,0.0006506694214606028,687.7604396502167,0.04788363938898981
