,SF_val_drying_ratio,mineral_total,SF_val_fdi_alpha,SF_val_part_dens,SF_val_durat_slope
767,35413.47865412579,0.05208923816524003,0.0001523838104118658,877.9165503890107,0.039816092556199494
