,SF_val_drying_ratio,mineral_total,SF_val_fdi_alpha,SF_val_part_dens,SF_val_durat_slope
718,16903.717175528567,0.02781150947364172,0.00012563110222208262,353.60473006180433,0.40215648563139744
