,SF_val_drying_ratio,mineral_total,SF_val_fdi_alpha,SF_val_part_dens,SF_val_durat_slope
333,14263.359524510415,0.05327542567695204,0.0007692484666649459,451.39476403917155,0.04296368089157332
