,SF_val_drying_ratio,mineral_total,SF_val_fdi_alpha,SF_val_part_dens,SF_val_durat_slope
1114,37999.701867582684,0.07060800841964344,0.00021792923159369532,644.936575407478,0.08043581536998422
