,SF_val_drying_ratio,mineral_total,SF_val_fdi_alpha,SF_val_part_dens,SF_val_durat_slope
275,4098.581949485249,0.03170620834087186,0.000779620072201417,911.2446977319551,0.02620878339150612
