,SF_val_drying_ratio,mineral_total,SF_val_fdi_alpha,SF_val_part_dens,SF_val_durat_slope
455,66522.56893315044,0.06206858310168379,0.0003446597026759762,307.2070695644684,0.06933483135488468
