,SF_val_drying_ratio,mineral_total,SF_val_fdi_alpha,SF_val_part_dens,SF_val_durat_slope
1115,59653.06451348725,0.06416681323057047,0.000612272360398813,719.1099545698494,0.12108495831427282
