,SF_val_drying_ratio,mineral_total,SF_val_fdi_alpha,SF_val_part_dens,SF_val_durat_slope
855,28539.57359629864,0.03151815424191233,0.0003479453254139874,696.5357045702061,0.4200675067020724
