,SF_val_drying_ratio,mineral_total,SF_val_fdi_alpha,SF_val_part_dens,SF_val_durat_slope
305,53179.05015782386,0.03879506006556469,0.00013712623564840625,393.05351631532506,0.022547178231338005
