,SF_val_drying_ratio,mineral_total,SF_val_fdi_alpha,SF_val_part_dens,SF_val_durat_slope
403,54384.96842917548,0.06134670187615625,0.0005731253970695476,597.6400857013477,0.058120433798358455
