,SF_val_drying_ratio,mineral_total,SF_val_fdi_alpha,SF_val_part_dens,SF_val_durat_slope
876,23061.209383149886,0.01599306210278338,0.00018501176748619662,573.7959297277555,0.26128356647750495
