,SF_val_drying_ratio,mineral_total,SF_val_fdi_alpha,SF_val_part_dens,SF_val_durat_slope
357,12114.457109482046,0.08074148640467343,0.0005062944675260282,836.4281644566578,0.4186599101191176
