,SF_val_drying_ratio,mineral_total,SF_val_fdi_alpha,SF_val_part_dens,SF_val_durat_slope
90,62830.78403307846,0.09177473181862829,0.0003262445007830436,549.6821868742021,0.09176641635920435
