,SF_val_drying_ratio,mineral_total,SF_val_fdi_alpha,SF_val_part_dens,SF_val_durat_slope
429,21957.550573278975,0.02997992875007391,0.0008218522340133182,819.6266965547336,0.24184469026178074
