,SF_val_drying_ratio,mineral_total,SF_val_fdi_alpha,SF_val_part_dens,SF_val_durat_slope
420,13496.702511311489,0.09226659350641073,0.00019423271206824486,970.4465057277321,0.10585036077159171
