,SF_val_drying_ratio,mineral_total,SF_val_fdi_alpha,SF_val_part_dens,SF_val_durat_slope
622,49936.41573996693,0.013471447535467904,0.0005867790034548406,580.2311635692233,0.04143403360872658
