,SF_val_drying_ratio,mineral_total,SF_val_fdi_alpha,SF_val_part_dens,SF_val_durat_slope
918,16117.161886832539,0.07956812568941797,0.0006049674581977307,439.5558713403364,0.06093724091321411
