,SF_val_drying_ratio,mineral_total,SF_val_fdi_alpha,SF_val_part_dens,SF_val_durat_slope
798,27051.82577065939,0.02234284583609887,0.00035165177244028515,383.0796088496787,0.2135588136142244
