,SF_val_drying_ratio,mineral_total,SF_val_fdi_alpha,SF_val_part_dens,SF_val_durat_slope
802,17902.895598341365,0.08072926759950927,0.00021435952859566524,690.5330970123646,0.229082433956022
