,SF_val_drying_ratio,mineral_total,SF_val_fdi_alpha,SF_val_part_dens,SF_val_durat_slope
746,11075.096473930467,0.08646359138407345,0.0003522422518928838,140.722988974956,0.09341519358297645
