,SF_val_drying_ratio,mineral_total,SF_val_fdi_alpha,SF_val_part_dens,SF_val_durat_slope
621,20743.603521335157,0.06357699564188864,0.00013595170095851783,315.4863279776059,0.038986438585368745
