,SF_val_drying_ratio,mineral_total,SF_val_fdi_alpha,SF_val_part_dens,SF_val_durat_slope
298,3978.079807999546,0.08021476735143314,0.0008362174984750067,879.6341499713224,0.06174849984394193
