,SF_val_drying_ratio,mineral_total,SF_val_fdi_alpha,SF_val_part_dens,SF_val_durat_slope
269,54682.73347533547,0.08533174318222302,0.0005799654261161026,297.14010658946574,0.09215981090678821
