,SF_val_drying_ratio,mineral_total,SF_val_fdi_alpha,SF_val_part_dens,SF_val_durat_slope
779,75727.26426919397,0.04509989190577164,0.00038558647064721645,458.1948236061365,0.09545578655890095
