,SF_val_drying_ratio,mineral_total,SF_val_fdi_alpha,SF_val_part_dens,SF_val_durat_slope
592,75521.37480363908,0.03687511514434116,0.0007294986183444368,353.25534264558036,0.1374418170791982
