,SF_val_drying_ratio,mineral_total,SF_val_fdi_alpha,SF_val_part_dens,SF_val_durat_slope
453,23284.631982502993,0.014906253539274213,0.00010888058637320386,422.0131295216634,0.4485481295805464
