,SF_val_drying_ratio,mineral_total,SF_val_fdi_alpha,SF_val_part_dens,SF_val_durat_slope
139,10772.373899353213,0.058987607186789234,0.0005117738342823381,985.8836602315592,0.1667366009973083
