,SF_val_drying_ratio,mineral_total,SF_val_fdi_alpha,SF_val_part_dens,SF_val_durat_slope
400,63043.127696812095,0.04654795252582693,0.0006639152539278968,608.077047038559,0.043991008215908005
