,SF_val_drying_ratio,mineral_total,SF_val_fdi_alpha,SF_val_part_dens,SF_val_durat_slope
927,59374.60678639166,0.04076511655305307,0.0007836151252003906,555.639246994509,0.11813815878153411
