,SF_val_drying_ratio,mineral_total,SF_val_fdi_alpha,SF_val_part_dens,SF_val_durat_slope
844,17059.19309292921,0.030496506813023364,0.00037356554767096735,698.5014704135909,0.4965167627677455
