,SF_val_drying_ratio,mineral_total,SF_val_fdi_alpha,SF_val_part_dens,SF_val_durat_slope
875,44324.69542668362,0.0668470910079036,0.0007810052566779598,902.3888818730294,0.11289092946404858
