,SF_val_drying_ratio,mineral_total,SF_val_fdi_alpha,SF_val_part_dens,SF_val_durat_slope
268,7775.09317480799,0.05073378789800266,0.0002494539986693226,541.5403894757216,0.2584888055324821
