,SF_val_drying_ratio,mineral_total,SF_val_fdi_alpha,SF_val_part_dens,SF_val_durat_slope
699,78591.47060773725,0.02167835775405118,0.00043641255154460345,188.62794372820005,0.018699057558560894
