,SF_val_drying_ratio,mineral_total,SF_val_fdi_alpha,SF_val_part_dens,SF_val_durat_slope
356,59434.32512793896,0.029295542254553365,0.00024846457180022127,279.7574163966665,0.03973646438392131
