,SF_val_drying_ratio,mineral_total,SF_val_fdi_alpha,SF_val_part_dens,SF_val_durat_slope
612,78839.13445665913,0.04578640567932194,0.0001370062094980261,616.6243232707152,0.06934629258827392
