,SF_val_drying_ratio,mineral_total,SF_val_fdi_alpha,SF_val_part_dens,SF_val_durat_slope
317,78820.1981270396,0.039642069277167555,0.00032220434759980526,808.9300912656721,0.07191006239657494
