,SF_val_drying_ratio,mineral_total,SF_val_fdi_alpha,SF_val_part_dens,SF_val_durat_slope
332,29969.677637392473,0.046751153246567,0.0005949734996806518,106.25964894932366,0.15303222786118859
