,SF_val_drying_ratio,mineral_total,SF_val_fdi_alpha,SF_val_part_dens,SF_val_durat_slope
274,20618.88933425544,0.03724814698534125,0.0004408550345265571,965.8023208247408,0.43680550363584947
