,SF_val_drying_ratio,mineral_total,SF_val_fdi_alpha,SF_val_part_dens,SF_val_durat_slope
489,21331.41093831983,0.08943038426187029,0.0003291170428343688,987.3987912005458,0.141568688698393
