,SF_val_drying_ratio,mineral_total,SF_val_fdi_alpha,SF_val_part_dens,SF_val_durat_slope
337,22203.625496062217,0.09805359919200227,0.000642644513144545,697.2496884619749,0.014947507897030877
