,SF_val_drying_ratio,mineral_total,SF_val_fdi_alpha,SF_val_part_dens,SF_val_durat_slope
177,45303.32914943171,0.07108305670855204,0.00025520451044392035,342.17667741033006,0.001055771240069814
