,SF_val_drying_ratio,mineral_total,SF_val_fdi_alpha,SF_val_part_dens,SF_val_durat_slope
310,59198.3633997073,0.04532414386750759,0.00029418083126093775,155.88964898238598,0.15594676218857892
