,SF_val_drying_ratio,mineral_total,SF_val_fdi_alpha,SF_val_part_dens,SF_val_durat_slope
34,21061.31439059305,0.09885023784218086,0.000821624893878216,951.4960318291687,0.35214879042353703
