,SF_val_drying_ratio,mineral_total,SF_val_fdi_alpha,SF_val_part_dens,SF_val_durat_slope
182,24888.570121060093,0.05285765063251758,0.0006944823805224801,341.3122313274987,0.11447081802685277
