,SF_val_drying_ratio,mineral_total,SF_val_fdi_alpha,SF_val_part_dens,SF_val_durat_slope
400,14052.986206028118,0.07618027516525888,0.00013194334727844535,826.9845706789471,0.4625780158437351
