,SF_val_drying_ratio,mineral_total,SF_val_fdi_alpha,SF_val_part_dens,SF_val_durat_slope
473,27382.298972465047,0.04662610079324906,0.0002942247364364279,417.5217098483809,0.24359073686462823
