,SF_val_drying_ratio,mineral_total,SF_val_fdi_alpha,SF_val_part_dens,SF_val_durat_slope
331,63425.93240925121,0.0570959476014433,0.0004734699128188773,521.4788282050623,0.002790690335214086
