,SF_val_drying_ratio,mineral_total,SF_val_fdi_alpha,SF_val_part_dens,SF_val_durat_slope
125,43121.48702137079,0.05723973676163879,0.00033981416471440685,250.32543489740436,0.02345510386118257
