,SF_val_drying_ratio,mineral_total,SF_val_fdi_alpha,SF_val_part_dens,SF_val_durat_slope
70,14304.94698550041,0.04617713437226852,0.00013844172198502883,968.3226870629654,0.4747164645694286
