,SF_val_drying_ratio,mineral_total,SF_val_fdi_alpha,SF_val_part_dens,SF_val_durat_slope
292,47963.59920673647,0.0156364145931791,0.0005569392871097415,425.6853317151148,0.14345242485512064
