,SF_val_drying_ratio,mineral_total,SF_val_fdi_alpha,SF_val_part_dens,SF_val_durat_slope
440,64411.074763881166,0.08985098173654008,0.0007261614460175677,557.5564607851097,0.1326198368808654
