,SF_val_drying_ratio,mineral_total,SF_val_fdi_alpha,SF_val_part_dens,SF_val_durat_slope
604,27863.605070425725,0.0427967248601936,0.0006965858236161439,897.1088603282371,0.3218231220481577
