,SF_val_drying_ratio,mineral_total,SF_val_fdi_alpha,SF_val_part_dens,SF_val_durat_slope
416,23273.389773197894,0.023144844716665565,0.0001564979772746508,893.1621164663956,0.15779602123768344
