,SF_val_drying_ratio,mineral_total,SF_val_fdi_alpha,SF_val_part_dens,SF_val_durat_slope
512,52132.557204149765,0.044235145590011474,0.0007170418560596421,817.1740378135867,0.11760781824520716
