,SF_val_drying_ratio,mineral_total,SF_val_fdi_alpha,SF_val_part_dens,SF_val_durat_slope
362,2776.967067972338,0.015617072900198207,0.0007732905820726625,594.6248162367249,0.029748404379048132
