,SF_val_drying_ratio,mineral_total,SF_val_fdi_alpha,SF_val_part_dens,SF_val_durat_slope
706,45045.446745665744,0.09268856419918885,0.0008202171416000187,251.38670371095674,0.11357009292645502
