,SF_val_drying_ratio,mineral_total,SF_val_fdi_alpha,SF_val_part_dens,SF_val_durat_slope
715,26861.221297969958,0.0668016395622648,0.0007205409977190487,345.2629043480591,0.039872286592729546
