,SF_val_drying_ratio,mineral_total,SF_val_fdi_alpha,SF_val_part_dens,SF_val_durat_slope
168,22478.253243232815,0.07617929600176161,0.000716691125813876,843.6232499777235,0.07208391996175882
