,SF_val_drying_ratio,mineral_total,SF_val_fdi_alpha,SF_val_part_dens,SF_val_durat_slope
749,25552.12872899348,0.08182540310174881,0.00020727740614619324,374.9354541962507,0.45759734141763564
