,SF_val_drying_ratio,mineral_total,SF_val_fdi_alpha,SF_val_part_dens,SF_val_durat_slope
947,32413.54790246134,0.043282489482745205,0.00040703386225624975,404.9535550375413,0.0897851858276581
