,SF_val_drying_ratio,mineral_total,SF_val_fdi_alpha,SF_val_part_dens,SF_val_durat_slope
408,8003.264126868908,0.0947111137461583,0.0004933178182861828,1122.733867698654,0.24511869661096658
