,SF_val_drying_ratio,mineral_total,SF_val_fdi_alpha,SF_val_part_dens,SF_val_durat_slope
939,15968.28837647323,0.0786025385230428,0.0005986017527265232,707.1088537571269,0.17171627835644926
