,SF_val_drying_ratio,mineral_total,SF_val_fdi_alpha,SF_val_part_dens,SF_val_durat_slope
246,66426.34730405244,0.05562011101911941,0.0004752878789153168,224.41850605648074,0.1206832658507508
