,SF_val_drying_ratio,mineral_total,SF_val_fdi_alpha,SF_val_part_dens,SF_val_durat_slope
158,45679.04838195198,0.05876139834540083,0.000741565764558028,420.29953721690254,0.11087829075209128
