,SF_val_drying_ratio,mineral_total,SF_val_fdi_alpha,SF_val_part_dens,SF_val_durat_slope
307,57915.87316697463,0.0370888767595841,0.0008254204162805294,425.2082313654674,0.10348254272812847
