,SF_val_drying_ratio,mineral_total,SF_val_fdi_alpha,SF_val_part_dens,SF_val_durat_slope
983,31117.101841636406,0.02241457411256883,0.00019785465105503873,167.92952023003932,0.11624103620479992
