,SF_val_drying_ratio,mineral_total,SF_val_fdi_alpha,SF_val_part_dens,SF_val_durat_slope
109,17148.55298616086,0.031084910558214635,0.00034765470750090896,127.61442273749184,0.3103783465161429
