,SF_val_drying_ratio,mineral_total,SF_val_fdi_alpha,SF_val_part_dens,SF_val_durat_slope
528,29202.73945614977,0.08075348529404777,0.0002571852751965948,680.6231416415462,0.020267537165171913
