,SF_val_drying_ratio,mineral_total,SF_val_fdi_alpha,SF_val_part_dens,SF_val_durat_slope
718,19587.052320271418,0.09750265140133402,0.0007619476802663048,511.4067712751405,0.07013071327917486
