,SF_val_drying_ratio,mineral_total,SF_val_fdi_alpha,SF_val_part_dens,SF_val_durat_slope
165,26899.780459305945,0.023591490066156975,0.0007952156774572738,20.092262975731533,0.29379766679712743
