,SF_val_drying_ratio,mineral_total,SF_val_fdi_alpha,SF_val_part_dens,SF_val_durat_slope
722,77785.41119385684,0.09698057540429982,0.00011295708296161449,179.98435669811508,0.14951395435128748
