,SF_val_drying_ratio,mineral_total,SF_val_fdi_alpha,SF_val_part_dens,SF_val_durat_slope
952,25865.9333320865,0.08397414720913692,0.00042058792063889107,515.9005021764186,0.09230914035116117
