,SF_val_drying_ratio,mineral_total,SF_val_fdi_alpha,SF_val_part_dens,SF_val_durat_slope
623,22740.226964578877,0.019510375873854763,0.00027083838113826334,210.19235613619304,0.007411413815654133
