,SF_val_drying_ratio,mineral_total,SF_val_fdi_alpha,SF_val_part_dens,SF_val_durat_slope
330,62107.321756884354,0.044459231057454064,0.0007037456148262873,591.9921321137726,0.1846756024683914
