,SF_val_drying_ratio,mineral_total,SF_val_fdi_alpha,SF_val_part_dens,SF_val_durat_slope
17,11592.907785018117,0.06951568785850334,0.0003652783154988782,517.4609469164745,0.05967874627278813
