,SF_val_drying_ratio,mineral_total,SF_val_fdi_alpha,SF_val_part_dens,SF_val_durat_slope
11,76041.72474885105,0.09927826402431525,0.0007716797283993631,222.06931428046227,0.06588294540437799
