,SF_val_drying_ratio,mineral_total,SF_val_fdi_alpha,SF_val_part_dens,SF_val_durat_slope
217,35289.88147845288,0.07489586920552793,0.00010398432263890759,555.9640213585374,0.006619844300187761
