,SF_val_drying_ratio,mineral_total,SF_val_fdi_alpha,SF_val_part_dens,SF_val_durat_slope
126,29377.17861995544,0.08850824707458023,0.00035649632449407753,597.5840754896599,0.42321569462417263
