,SF_val_drying_ratio,mineral_total,SF_val_fdi_alpha,SF_val_part_dens,SF_val_durat_slope
334,29913.681129045483,0.07192969292173196,0.00019895167529841197,462.9315176146827,0.1466331849253947
