,SF_val_drying_ratio,mineral_total,SF_val_fdi_alpha,SF_val_part_dens,SF_val_durat_slope
672,59573.421207278654,0.018439491709890524,0.00047071536777743554,271.532779187739,0.07827590787298484
