,SF_val_drying_ratio,mineral_total,SF_val_fdi_alpha,SF_val_part_dens,SF_val_durat_slope
75,8316.998005621797,0.06868594645690253,0.00046584270067832645,946.208209988278,0.30672348967193636
