,SF_val_drying_ratio,mineral_total,SF_val_fdi_alpha,SF_val_part_dens,SF_val_durat_slope
694,76729.10277854194,0.09982169676704618,0.0002664238895448021,603.3819308592748,0.06369206663904296
