,SF_val_drying_ratio,mineral_total,SF_val_fdi_alpha,SF_val_part_dens,SF_val_durat_slope
908,12923.512655800085,0.07705626177620899,0.0001596602393377764,120.92335290482012,0.37402392846493854
