,SF_val_drying_ratio,mineral_total,SF_val_fdi_alpha,SF_val_part_dens,SF_val_durat_slope
798,65233.112265674354,0.0799014505526445,0.0005185653895658267,495.2108252436825,0.09669305486131602
