,SF_val_drying_ratio,mineral_total,SF_val_fdi_alpha,SF_val_part_dens,SF_val_durat_slope
704,33922.572924097505,0.050778126195684975,0.0008277178077172892,872.2542087398077,0.10513851773065663
