,SF_val_drying_ratio,mineral_total,SF_val_fdi_alpha,SF_val_part_dens,SF_val_durat_slope
824,68422.86693972559,0.0935556944469642,0.0004110979332626313,446.279733567342,0.10164356652668374
