,SF_val_drying_ratio,mineral_total,SF_val_fdi_alpha,SF_val_part_dens,SF_val_durat_slope
902,5583.666203231472,0.05989192538346057,0.00043131818718404434,67.48390083304574,0.10601128036734242
