,SF_val_drying_ratio,mineral_total,SF_val_fdi_alpha,SF_val_part_dens,SF_val_durat_slope
93,66957.27688399641,0.08230912017170573,0.0008217200228793836,586.9939411791213,0.08536555281235586
