,SF_val_drying_ratio,mineral_total,SF_val_fdi_alpha,SF_val_part_dens,SF_val_durat_slope
533,44402.21703037807,0.011702280848847047,0.00032326536070806594,122.28970443964047,0.08119472565681772
