,SF_val_drying_ratio,mineral_total,SF_val_fdi_alpha,SF_val_part_dens,SF_val_durat_slope
99,54043.87792049336,0.02864111573633981,0.00031511847495806667,460.7818284160011,0.0851357710830363
