,SF_val_drying_ratio,mineral_total,SF_val_fdi_alpha,SF_val_part_dens,SF_val_durat_slope
549,6084.786423223946,0.05704000470356657,0.0003861895101483625,354.51342798877107,0.09138538142826585
