,SF_val_drying_ratio,mineral_total,SF_val_fdi_alpha,SF_val_part_dens,SF_val_durat_slope
876,32425.002916234866,0.05835303118934506,0.0007274439165741463,224.54191180314592,0.04990817347462204
