,SF_val_drying_ratio,mineral_total,SF_val_fdi_alpha,SF_val_part_dens,SF_val_durat_slope
688,23649.469366251884,0.03741135078742134,0.0005221644573850372,531.6093421556957,0.03397087021607379
