,SF_val_drying_ratio,mineral_total,SF_val_fdi_alpha,SF_val_part_dens,SF_val_durat_slope
55,69013.8668244165,0.06887925878768927,0.0005049839027472387,105.04970707941166,0.14480354989120947
