,SF_val_drying_ratio,mineral_total,SF_val_fdi_alpha,SF_val_part_dens,SF_val_durat_slope
517,25911.091475843183,0.030147325611642295,0.00031877439435758735,766.5772867349247,0.17678797223520426
