,SF_val_drying_ratio,mineral_total,SF_val_fdi_alpha,SF_val_part_dens,SF_val_durat_slope
823,50064.743310486854,0.05050574261842711,0.00018793406462036985,107.22947723721977,0.04807632553826844
