,SF_val_drying_ratio,mineral_total,SF_val_fdi_alpha,SF_val_part_dens,SF_val_durat_slope
18,13336.835645337213,0.07543503946756278,9.430361131569649,196.05329307892617,0.07302110338936023
