,SF_val_drying_ratio,mineral_total,SF_val_fdi_alpha,SF_val_part_dens,SF_val_durat_slope
426,60026.94655397155,0.04088144229342511,0.0007022281956088925,660.0571143774877,0.10347749167739376
