,SF_val_drying_ratio,mineral_total,SF_val_fdi_alpha,SF_val_part_dens,SF_val_durat_slope
454,57554.16860133135,0.058780430484112266,0.0008462119174286152,521.6473281868135,0.1809101838834982
