,SF_val_drying_ratio,mineral_total,SF_val_fdi_alpha,SF_val_part_dens,SF_val_durat_slope
129,13470.287860845065,0.07869311712062124,0.0008328477585989398,417.8022935211154,0.1643358692002378
