,SF_val_drying_ratio,mineral_total,SF_val_fdi_alpha,SF_val_part_dens,SF_val_durat_slope
625,19080.59748671545,0.0945482530764439,0.0003568725779401647,483.762786522296,0.0379205010834438
