,SF_val_drying_ratio,mineral_total,SF_val_fdi_alpha,SF_val_part_dens,SF_val_durat_slope
860,69484.05628771175,0.04973509808589574,0.0007135820405610102,159.4265832563558,0.14679065330246704
