,SF_val_drying_ratio,mineral_total,SF_val_fdi_alpha,SF_val_part_dens,SF_val_durat_slope
414,27322.750516509772,0.05921575380495608,0.0006024459304997409,356.97101924825967,0.005463175485364458
