,SF_val_drying_ratio,mineral_total,SF_val_fdi_alpha,SF_val_part_dens,SF_val_durat_slope
617,19938.475425530385,0.09445169924644158,0.00011608669295318111,998.6343388374995,0.10837304617434362
