,SF_val_drying_ratio,mineral_total,SF_val_fdi_alpha,SF_val_part_dens,SF_val_durat_slope
443,79806.4826636682,0.034960878451249025,0.0005102180563950826,295.13526327807017,0.07185751057405708
