,SF_val_drying_ratio,mineral_total,SF_val_fdi_alpha,SF_val_part_dens,SF_val_durat_slope
1,53315.4412631831,0.07353496309906178,0.000530936054596536,843.9137839766556,0.021483791705115853
