,SF_val_drying_ratio,mineral_total,SF_val_fdi_alpha,SF_val_part_dens,SF_val_durat_slope
558,31730.24781225788,0.07786513957140748,0.0007693585958368234,377.1391952693275,0.11112198613254493
