,SF_val_drying_ratio,mineral_total,SF_val_fdi_alpha,SF_val_part_dens,SF_val_durat_slope
191,68973.0150923171,0.011840916061579956,0.00039265820868548604,451.6887538292364,0.09528047658292166
