,SF_val_drying_ratio,mineral_total,SF_val_fdi_alpha,SF_val_part_dens,SF_val_durat_slope
349,10017.693992912535,0.07598867215057972,0.0008920099651734474,255.73668615951055,0.2925647884331103
