,SF_val_drying_ratio,mineral_total,SF_val_fdi_alpha,SF_val_part_dens,SF_val_durat_slope
49,44882.00120699696,0.0869151353611383,0.0004111600972175497,700.235337776739,0.028097581437080122
