,SF_val_drying_ratio,mineral_total,SF_val_fdi_alpha,SF_val_part_dens,SF_val_durat_slope
379,69220.70607756817,0.02725257027121973,0.00050355170776704,806.391701166626,0.14933695323579016
