,SF_val_drying_ratio,mineral_total,SF_val_fdi_alpha,SF_val_part_dens,SF_val_durat_slope
529,49402.39613471971,0.01476221475495762,0.0002940305018916629,99.36815228161836,0.07304136208403132
