,SF_val_drying_ratio,mineral_total,SF_val_fdi_alpha,SF_val_part_dens,SF_val_durat_slope
940,12356.2084753069,0.010815588357538423,0.0006948378534496317,756.4960279199757,0.03895439230767035
