,SF_val_drying_ratio,mineral_total,SF_val_fdi_alpha,SF_val_part_dens,SF_val_durat_slope
223,64047.45888311779,0.05222414416956629,0.0008631016827056933,372.6632218905576,0.0003005439905777285
