,SF_val_drying_ratio,mineral_total,SF_val_fdi_alpha,SF_val_part_dens,SF_val_durat_slope
46,33026.60683369328,0.036796346484831474,0.000795762279549651,751.6349767282393,0.0223268171688801
