,SF_val_drying_ratio,mineral_total,SF_val_fdi_alpha,SF_val_part_dens,SF_val_durat_slope
199,65496.93559712143,0.06254099726046404,0.00020639654382784096,92.66964938039548,0.03575205578647649
