,SF_val_drying_ratio,mineral_total,SF_val_fdi_alpha,SF_val_part_dens,SF_val_durat_slope
985,25871.195569608855,0.02061632696181996,0.0006882777514312328,112.09380943733427,0.005982460789576361
