,SF_val_drying_ratio,mineral_total,SF_val_fdi_alpha,SF_val_part_dens,SF_val_durat_slope
732,61360.65525216888,0.035306229612961385,0.0008017582383714375,435.242536887072,0.17456058065655702
