,SF_val_drying_ratio,mineral_total,SF_val_fdi_alpha,SF_val_part_dens,SF_val_durat_slope
720,43463.82833803547,0.02170544195990057,0.00014719729093462438,254.5911617045566,0.0954841567933582
