,SF_val_drying_ratio,mineral_total,SF_val_fdi_alpha,SF_val_part_dens,SF_val_durat_slope
386,15067.124596537476,0.09131453264994698,0.0007872641163542143,689.5796072925579,0.34355941007584284
