,SF_val_drying_ratio,mineral_total,SF_val_fdi_alpha,SF_val_part_dens,SF_val_durat_slope
45,58350.07294777523,0.06464294077566157,0.000271986238856785,449.566223121643,0.18165334666729033
