,SF_val_drying_ratio,mineral_total,SF_val_fdi_alpha,SF_val_part_dens,SF_val_durat_slope
833,22048.018033004828,0.09926965585371136,0.0001255039157905852,225.50590130262307,0.31012446928816073
