,SF_val_drying_ratio,mineral_total,SF_val_fdi_alpha,SF_val_part_dens,SF_val_durat_slope
447,44427.498781260714,0.021255624035037828,0.0007041065942869178,506.9844635776944,0.14976720949760228
