,SF_val_drying_ratio,mineral_total,SF_val_fdi_alpha,SF_val_part_dens,SF_val_durat_slope
262,26395.401825341534,0.08242836315668788,0.00010566661728743627,491.81057709255555,0.10803451398011349
