,SF_val_drying_ratio,mineral_total,SF_val_fdi_alpha,SF_val_part_dens,SF_val_durat_slope
888,6572.466464605066,0.04106398566512046,0.00043962966945465217,128.54517080375183,0.23805912016884673
