,SF_val_drying_ratio,mineral_total,SF_val_fdi_alpha,SF_val_part_dens,SF_val_durat_slope
982,70187.11674280383,0.06036132638471744,0.0008391883220827913,450.064069702545,0.19326201413902958
