,SF_val_drying_ratio,mineral_total,SF_val_fdi_alpha,SF_val_part_dens,SF_val_durat_slope
198,41341.024983986994,0.02109225111869943,0.000279675429798426,319.9564518041532,0.19028162958746797
