,SF_val_drying_ratio,mineral_total,SF_val_fdi_alpha,SF_val_part_dens,SF_val_durat_slope
20,5366.29081803973,0.045855287934230875,5.611074401889519,893.5976417871633,0.026014144148308563
