,SF_val_drying_ratio,mineral_total,SF_val_fdi_alpha,SF_val_part_dens,SF_val_durat_slope
48,20261.262451927923,0.023320941973986764,0.0004773298215720967,265.83508392938796,0.04411274799253467
