,SF_val_drying_ratio,mineral_total,SF_val_fdi_alpha,SF_val_part_dens,SF_val_durat_slope
443,10141.652875655715,0.09412629730944004,0.0006146275226497795,970.6325394692585,0.0734279483925489
